gene,gene_chr,gene_pos,snp,snp_chr,snp_pos,run_start,run_end,p_value,q_value
Ptprg,14.0,13073088.0,rs3689508,14,10592844,10592844,19569109,3.3763682120872397e-35,6.944033681424455e-28
5830417I10Rik,3.0,88704380.0,rs3698196,3,85931836,85931836,89036582,4.4962022812300475e-32,4.623574521224671e-25
Sat2,11.0,69437309.0,rs13481087,11,69415411,69415411,70265537,3.0161050907332696e-31,2.0676985862885927e-24
Olfr1365,13.0,21647029.0,rs8273308,12,105632191,105632191,106091063,1.6099880912199983e-30,8.27798601178978e-24
Dusp16,6.0,134665696.0,rs13479053,6,134201251,134201251,136560768,2.8460264409835505e-29,1.1160171896331318e-22
Stx1b,7.0,134950674.0,rs3722989,1,66762987,66762987,68809667,3.255817989448993e-29,1.1160171896331318e-22
Pdxdc1,16.0,13835224.0,rs4163042,16,13142434,13142434,15051845,1.1847947384068188e-28,3.4810246023769565e-22
LOC14210,6.0,50153057.0,rs6155681,6,49605503,49605503,50470104,3.6130274714211693e-28,9.288450961762348e-22
Gfer,17.0,24832298.0,rs3023864,17,24331045,24331045,26350810,1.4325629614170591e-27,3.2736573837035533e-21
Fam126b,1.0,58579662.0,rs3686293,1,58173264,58173264,58643671,1.5922168165048453e-26,3.274644975734177e-20
2410124H12Rik,16.0,92492329.0,rs13479914,8,93349658,93349658,95657347,1.5678392599940376e-25,2.9313715331173085e-19
9630033F20Rik,6.0,127037546.0,CEL-6_127435117,6,126754348,126754348,127119001,2.231908989852539e-25,3.825227341399538e-19
Art5,7.0,109245541.0,rs13477280,3,98086968,98086968,99356961,4.467605828554741e-25,7.067950713739991e-19
Hc,2.0,34838958.0,rs13476419,2,33305486,33305486,34748651,1.541605738498698e-24,2.2646823660339525e-18
Hars,18.0,36927794.0,rs13483308,18,38428527,38428527,38428527,2.9851462502044313e-24,4.0929493474060465e-18
Gadd45gip1,8.0,87358307.0,rs13479825,8,85707108,85707108,88377306,6.61335486126084e-24,8.500879498902837e-18
Ifi203,1.0,175850667.0,rs3682996,1,175676881,175676881,177366983,8.166157411935381e-24,9.775458899542821e-18
Pik3c2g,6.0,139917709.0,rs3682699,6,138384999,138384999,139468253,8.555544279039276e-24,9.775458899542821e-18
Pms1,1.0,53320191.0,rs13481620,12,104269892,104269892,105392393,1.623185666923168e-23,1.757019631793247e-17
Rpp14,14.0,8924219.0,rs3710916,14,8852064,8852064,10238923,2.1064365868349808e-23,2.166109512937941e-17
Gnptg,17.0,25370535.0,rs3023864,17,24331045,24331045,26350810,2.5009700145007994e-23,2.4493520179962764e-17
Pcdha7,18.0,37135434.0,rs13481620,12,104269892,104269892,105392393,3.189656963558342e-23,2.9818329793004016e-17
Tpmt,13.0,47120823.0,rs6411274,13,47225289,47225289,47771259,3.636223980477946e-23,3.251507847119399e-17
Pi4k2b,5.0,53159457.0,rs3090699,5,52907864,52907864,53225421,4.019510409649705e-23,3.444482097598425e-17
Tbc1d23,16.0,57169181.0,rs4188825,16,56652577,56652577,57425569,5.218373521748136e-23,4.2929632339917683e-17
Tmem66,8.0,35233550.0,mCV24506226,8,31744603,31744603,36878789,5.625706428268064e-23,4.4500586321680815e-17
Ifi202b,1.0,175893982.0,rs3682996,1,175676881,175676881,177366983,6.45086196195935e-23,4.9137833058151123e-17
Ocel1,8.0,73896648.0,rs13460430,8,72331481,72331481,74265398,1.080888613529173e-22,7.939349606632492e-17
Cyp3a13,5.0,138335377.0,rs8265855,5,138337848,138337848,139187687,2.4729710997874824e-22,1.7538120876742737e-16
2210012G02Rik,4.0,106811606.0,rs13477888,4,105321484,105321484,107061697,3.7089342806674476e-22,2.542669415709556e-16
Gltpd2,11.0,70334155.0,UT_11_70.128831,11,70371167,70371167,72266233,6.043558875664497e-22,3.985603766867238e-16
Pebp1,5.0,117732736.0,mCV23798232,5,117112003,117112003,118108877,6.829021400040912e-22,4.256048316926946e-16
Mrpl35,6.0,71765336.0,mhcCD8b4,6,71278246,71278246,75834707,2.086617644061981e-21,1.2621936013576271e-15
Mnda,1.0,175829594.0,rs3682996,1,175676881,175676881,177366983,2.4182687158751893e-21,1.4210145643353772e-15
Pi4kb,3.0,94810392.0,CEL-3_89968332,3,89347288,89347288,95488017,3.2589202958990133e-21,1.811482032499185e-15
Cps1,1.0,67277466.0,rs3722989,1,66762987,66762987,68809667,3.3572842231315703e-21,1.8170485391031745e-15
Pion,5.0,20764790.0,rs6256752,5,20753293,20753293,21120063,3.981093229184613e-21,2.099422062620615e-15
Hnf4g,3.0,3657177.0,rs13481620,12,104269892,104269892,105392393,4.66804630793813e-21,2.400143345794382e-15
Ipo8,6.0,148719222.0,rs3659280,6,148692267,148692267,148692267,5.715597907813892e-21,2.8670801090754464e-15
Glt25d1,8.0,74147909.0,rs13460430,8,72331481,72331481,74265398,8.0925274901649e-21,3.9627521369307895e-15
Bik,15.0,83374987.0,rs13482677,15,82944825,82944825,83609704,1.9884709446155055e-20,9.299524421586003e-15
Trim56,5.0,137587502.0,rs8265855,5,138337848,138337848,139187687,2.904696518467833e-20,1.3275481024155692e-14
Abca3,17.0,24547003.0,rs3023864,17,24331045,24331045,26350810,3.8724091893655007e-20,1.6945149312466627e-14
Cpsf4,5.0,145942822.0,mCV25009162,5,145297027,145297027,147394031,4.2484614504003034e-20,1.8203397823164482e-14
Tceb3,4.0,135561463.0,rs6404906,4,133563658,133563658,135525152,5.0127100421960736e-20,2.103965042071404e-14
Mrpl15,1.0,4763507.0,rs6269442,1,3482276,3482276,4811063,6.084237316478145e-20,2.4535673579533558e-14
Nkiras1,14.0,19112756.0,rs3689508,14,10592844,10592844,19569109,9.350029100407318e-20,3.628265914071091e-14
Aig1,10.0,13372655.0,rs4228121,10,13407602,13407602,14123191,9.586391835929075e-20,3.6395800884182377e-14
Dsg2,18.0,20761177.0,rs6358426,18,16573191,16573191,21287250,9.752311257807556e-20,3.6395800884182377e-14
Fxr2,11.0,69463339.0,rs13481620,12,104269892,104269892,105392393,9.910082992975511e-20,3.6395800884182377e-14
Aldh4a1,4.0,139205420.0,rs3686214,4,139112380,139112380,140081803,1.0798545819211486e-19,3.896300422435809e-14
Med11,11.0,70266795.0,rs13481087,11,69415411,69415411,70265537,2.6528651120410765e-19,9.24751772837397e-14
Lemd2,17.0,27326621.0,rs6397584,17,27588409,27588409,27588409,7.28699532073913e-19,2.2707356115548637e-13
Plcl2,17.0,50827332.0,rs13483015,17,49562369,49562369,49573925,1.1389216850902133e-18,3.496077691548899e-13
Extl1,4.0,133912562.0,rs6404906,4,133563658,133563658,135525152,1.739724539420296e-18,5.111454099825292e-13
Ift140,17.0,25236228.0,rs3023864,17,24331045,24331045,26350810,2.6751192484858935e-18,7.536718631255789e-13
Hdhd2,18.0,77209921.0,rs3705890,18,77108822,77108822,77876026,3.5016282325959924e-18,9.361294282428162e-13
Pde6h,6.0,136909707.0,rs13479065,6,136698275,136698275,137509362,3.53616374548787e-18,9.361294282428162e-13
Tiam2,17.0,3518885.0,rs6310831,17,3227819,3227819,3484662,3.545712201818106e-18,9.361294282428162e-13
Poldip3,15.0,82956491.0,rs13482677,15,82944825,82944825,83609704,3.550328059109675e-18,9.361294282428162e-13
Cldnd1,16.0,58733665.0,rs4189478,16,57552272,57552272,59697756,4.864701355284341e-18,1.2351883334007378e-12
2510049I19Rik,8.0,74746625.0,rs6293022,8,74935354,74935354,74935354,5.600515001812172e-18,1.3877520846316287e-12
Fez2,17.0,78777827.0,rs3663088,17,77448215,77448215,78754732,6.1618354720425594e-18,1.5086650440130316e-12
Rshl2a,17.0,8172252.0,UT_17_3.221024,17,6039015,6039015,7955311,7.054197597472422e-18,1.706831741901548e-12
Tnfsf12-tnfsf13,11.0,69496753.0,rs13481087,11,69415411,69415411,70265537,7.444485588028666e-18,1.7803207682742072e-12
Alkbh2,5.0,114575554.0,rs3657810,5,113832345,113832345,114910446,8.806492215870386e-18,2.054146587661044e-12
St7,6.0,17892856.0,rs13478641,6,16011004,16011004,17673652,8.88913338869336e-18,2.054146587661044e-12
Pfn1,11.0,70466312.0,UT_11_70.128831,11,70371167,70371167,72266233,1.0180115073289729e-17,2.300770555205207e-12
Leprotl1,8.0,35200469.0,mCV24506226,8,31744603,31744603,36878789,1.0669042418315174e-17,2.3850617653537527e-12
Glo1,17.0,30730010.0,rs13482934,17,27985170,27985170,31326531,1.1814187337098136e-17,2.6126601458156317e-12
Olfr1307,2.0,111785008.0,rs13481620,12,104269892,104269892,105392393,1.3557168361641411e-17,2.966218585230446e-12
Slc27a1,8.0,74110256.0,rs8256197,1,130485641,130485641,135695643,1.409446002478239e-17,3.0513136565590418e-12
Paip1,13.0,120239562.0,rs13482038,13,120059029,120059029,120203851,1.5667311940848334e-17,3.2924432488757023e-12
Nhsl1,10.0,18253465.0,rs3712394,10,17663357,17663357,18617183,1.580266790720912e-17,3.2924432488757023e-12
Aox3,1.0,58257205.0,rs3686293,1,58173264,58173264,58643671,1.582764107584039e-17,3.2924432488757023e-12
Rbm45,2.0,76221716.0,rs3713848,2,75856730,75856730,76308800,1.6101190611091125e-17,3.3114637649468268e-12
F11r,1.0,173393848.0,NES13033186,1,173149434,173149434,174164127,3.025396176918446e-17,5.76130031741656e-12
2700089E24Rik,6.0,133057411.0,rs3662241,6,129560177,129560177,133804968,3.382453451734201e-17,6.346055301691188e-12
Gatad2a,8.0,72432543.0,rs13460430,8,72331481,72331481,74265398,3.394177276977256e-17,6.346055301691188e-12
Rpgrip1,14.0,52780545.0,mCV23384307,14,49708958,49708958,49708958,3.693558117326721e-17,6.8435898580157705e-12
4930465A12Rik,4.0,127841470.0,rs13481620,12,104269892,104269892,105392393,3.806731941985851e-17,6.9903076431438874e-12
Hice1,8.0,73775142.0,rs13460430,8,72331481,72331481,74265398,4.071682232616977e-17,7.410669571384865e-12
Psen2,1.0,182157225.0,rs13476267,1,182213911,182213911,183347400,4.351544866962467e-17,7.782294136985942e-12
Cyp2c44,19.0,44079594.0,D19Mit89,19,42573794,42573794,43991580,6.134704459401763e-17,1.078374971252391e-11
Bco2,9.0,50341481.0,gnf09.042.496,9,48017410,48017410,50652205,7.885338346090874e-17,1.3699687073499357e-11
Vps33a,5.0,123979502.0,rs13478499,5,123738719,123738719,125382920,7.926757873935092e-17,1.3699687073499357e-11
Crybg3,16.0,59492019.0,rs4189478,16,57552272,57552272,59697756,8.500667547395781e-17,1.456913613874304e-11
Cenpl,1.0,163013505.0,rs3693161,1,162215219,162215219,163901483,1.1004895016592452e-16,1.8551886945546306e-11
Prkd3,17.0,79371725.0,gnf17.080.475,17,79560024,79560024,79883245,1.1977652457808246e-16,1.979571413669448e-11
Stk25,1.0,95518671.0,rs3692309,1,95148081,95148081,95514160,1.203148325113513e-16,1.979571413669448e-11
Anxa4,6.0,86687083.0,rs4226061,6,86579760,86579760,86953033,1.2554682530608665e-16,2.049260674415222e-11
1600016N20Rik,7.0,148396388.0,rs13476267,1,182213911,182213911,183347400,1.3055810516473136e-16,2.1142782069642088e-11
Rshl1,7.0,19653477.0,rs3681620,6,127954549,127954549,129105169,1.3508842916445517e-16,2.1625263935875773e-11
Zar1,5.0,72969674.0,mCV23798232,5,117112003,117112003,118108877,1.356404154044679e-16,2.1625263935875773e-11
D4Ertd22e,4.0,140671369.0,rs13478021,4,140166294,140166294,142466392,1.4612515752847046e-16,2.3117648491895517e-11
Olfr656,7.0,111766660.0,rs13481620,12,104269892,104269892,105392393,1.9166646959819622e-16,2.963852034067264e-11
Wdr86,5.0,24218184.0,rs13478144,5,23827219,23827219,24391317,2.0194053403494806e-16,3.099422046754388e-11
Crym,7.0,127330029.0,rs6322316,7,127836780,127836780,127836780,2.319826991831306e-16,3.5081544451600686e-11
Alad,4.0,62171940.0,rs13477735,4,61518987,61518987,65047572,2.3802204505473763e-16,3.573210742566226e-11
Usp53,3.0,122634524.0,rs13477369,3,119424850,119424850,123077046,2.937953349335334e-16,4.2853648071995065e-11
Map3k7,4.0,32107258.0,rs6177140,4,31651726,31651726,32107261,3.0509281779784373e-16,4.4188133305537486e-11
Gnai1,5.0,17777708.0,rs13481620,12,104269892,104269892,105392393,3.4770351459875317e-16,5.0007490252908264e-11
Dhtkd1,2.0,5817482.0,rs13476330,2,5767413,5767413,6232363,3.7965859876193783e-16,5.42241514246493e-11
Folr2,7.0,108988830.0,D7Mit323,7,108024450,108024450,108024450,4.1369136540890287e-16,5.748794135754958e-11
Flywch2,17.0,23916603.0,CEL-17_21879142,17,23322637,23322637,24119004,4.211272871776972e-16,5.774097852360815e-11
Chid1,7.0,148681432.0,rs8273308,12,105632191,105632191,106091063,4.404349058927786e-16,5.998833381146744e-11
Rnasek,11.0,70052440.0,rs13481087,11,69415411,69415411,70265537,5.575860171444822e-16,7.495186768447916e-11
Asgr2,11.0,69919568.0,rs13481087,11,69415411,69415411,70265537,5.688754489565572e-16,7.597286184658834e-11
Ctse,1.0,133571935.0,rs8256197,1,130485641,130485641,135695643,6.210363621476655e-16,8.240382039941838e-11
2210419D22Rik,6.0,134396723.0,rs13479053,6,134201251,134201251,136560768,7.081473544907022e-16,9.33600454710213e-11
5830443L24Rik,5.0,105443826.0,rs13478434,5,104572764,104572764,106233590,7.6773913193730925e-16,9.993522767659387e-11
Sytl1,4.0,132811515.0,rs3664871,4,132410010,132410010,133435414,7.9229122890879e-16,1.0209944642364388e-10
Tmco6,18.0,36901906.0,rs13483308,18,38428527,38428527,38428527,7.942941320659739e-16,1.0209944642364388e-10
C330011K17Rik,13.0,67542118.0,D13Mit224,13,64187020,64187020,64187020,8.994376337730451e-16,1.1489660466888902e-10
Ciapin1,8.0,97346530.0,rs6373291,8,96926411,96926411,98167503,9.682423111246886e-16,1.2068745482669008e-10
Orc2l,1.0,58520221.0,rs3686293,1,58173264,58173264,58643671,1.2328524895691936e-15,1.5182967458902106e-10
9030617O03Rik,12.0,102110422.0,D12Mit231,12,101804026,101804026,103550017,1.3687444721591251e-15,1.655905210587353e-10
Zeb2,2.0,44844127.0,mCV22297233,2,44443839,44443839,45926637,1.390806313813604e-15,1.6727558564405642e-10
Ogg1,6.0,113284105.0,rs13478980,6,113408783,113408783,113408783,1.796921732826116e-15,2.136215559603569e-10
Cd300e,11.0,114913705.0,rs13481243,11,114532622,114532622,116490388,1.860259222430931e-15,2.1988025596601075e-10
Ctsc,7.0,95459325.0,rs3672782,7,95155270,95155270,95460791,1.906991347007905e-15,2.2411591072326742e-10
Ndufa12,10.0,93662740.0,rs6191721,10,91382291,91382291,93979400,1.9258281809598985e-15,2.250437134800096e-10
Sh2d4a,8.0,70871188.0,rs13479813,8,70431892,70431892,71875522,1.965475662097178e-15,2.2837913302908248e-10
RP23-233B9.8,4.0,116272654.0,gnf04.110.583,4,114507956,114507956,119754588,2.4949749841623913e-15,2.850727506936089e-10
Xdh,17.0,74233570.0,rs6322076,17,72598864,72598864,75262850,2.5730679779249856e-15,2.9076483897927757e-10
6330577E15Rik,19.0,47809802.0,rs13483647,19,46657000,46657000,47938807,3.0592617424695953e-15,3.3290233962780475e-10
Gclm,3.0,121969322.0,rs13477369,3,119424850,119424850,123077046,3.2368836821682678e-15,3.485424999442785e-10
Cox7c,13.0,86185333.0,mCV24625340,13,84841126,84841126,87427648,3.5429778373149437e-15,3.775488419711464e-10
Pbx4,8.0,72396131.0,rs13460430,8,72331481,72331481,74265398,3.718459921707639e-15,3.921845759036622e-10
Rpl14,9.0,120483689.0,rs13480454,9,120606956,120606956,120753781,4.6113594981051555e-15,4.789892939013183e-10
Adh7,3.0,137894291.0,rs4221957,3,129527944,129527944,133905167,4.996817805001865e-15,5.164192871434264e-10
Car8,4.0,8070604.0,gnf04.002.599,4,5606395,5606395,9051847,5.42902938676748e-15,5.555052284488366e-10
Chmp4c,3.0,10394245.0,rs13481243,11,114532622,114532622,116490388,6.6806374046732555e-15,6.702333833770374e-10
Tulp4,17.0,6240325.0,UT_17_3.221024,17,6039015,6039015,7955311,7.278820792868547e-15,7.128591824082478e-10
Ccnf,17.0,24360194.0,rs3023864,17,24331045,24331045,26350810,8.148591314327533e-15,7.905124089983416e-10
Apip,2.0,102932661.0,D2Mit12,2,102941479,102941479,103124491,8.386111737147484e-15,8.059514615544276e-10
Mfap1a,2.0,121320029.0,UT_2_119.151187,2,118706767,118706767,122144319,8.678443686952048e-15,8.301668852458753e-10
2310003L22Rik,2.0,140019333.0,rs13476805,2,139549796,139549796,142226461,8.808143464753591e-15,8.386729666430626e-10
Med1,11.0,98015690.0,rs6236574,11,97970259,97970259,98005075,9.179182822942975e-15,8.659833501152939e-10
Sord,2.0,122090499.0,UT_2_119.151187,2,118706767,118706767,122144319,1.0134530660672738e-14,9.397694461678337e-10
Ttc38,15.0,85687153.0,rs13482681,15,83867917,83867917,85776069,1.2425335324442801e-14,1.1014940331938484e-09
Vars2,17.0,35793395.0,rs3672987,17,33247165,33247165,35667114,1.335297552503119e-14,1.1699003141689191e-09
Pink1,4.0,137869371.0,rs6234904,4,138152372,138152372,138711175,1.5682855514869194e-14,1.359308013714792e-09
Cyp3a25,5.0,146789234.0,mCV25009162,5,145297027,145297027,147394031,1.5897130122309122e-14,1.3622897947478748e-09
Gltpd1,4.0,155239546.0,rs6316711,4,155235047,155235047,155235047,1.7088560282340364e-14,1.4463094274316661e-09
Zfp748,13.0,67646103.0,D13Mit224,13,64187020,64187020,64187020,1.7324079373720247e-14,1.4597814356886938e-09
Sp1,15.0,102262702.0,rs3686133,15,102190853,102190853,102818436,1.738969259414097e-14,1.4597814356886938e-09
Fam55b,9.0,48126131.0,gnf09.042.496,9,48017410,48017410,50652205,1.8950275934464984e-14,1.580486616609693e-09
Bckdhb,9.0,84015952.0,UT_9_86.629631,9,83765927,83765927,84973161,1.89812915538932e-14,1.580486616609693e-09
Zkscan1,5.0,138527160.0,rs8265855,5,138337848,138337848,139187687,1.9261071336203308e-14,1.5909008302751736e-09
Abhd1,5.0,31257401.0,rs13481620,12,104269892,104269892,105392393,1.9591652282014657e-14,1.6117329008611207e-09
Gucy1a3,3.0,81898611.0,rs3672300,3,77716617,77716617,85493836,1.9961807372215972e-14,1.6356416270113445e-09
Slc39a9,12.0,81779184.0,rs13481620,12,104269892,104269892,105392393,2.5110445133862295e-14,1.9918287688620938e-09
Pet112l,3.0,85457839.0,rs3672300,3,77716617,77716617,85493836,2.5180441057553934e-14,1.9918287688620938e-09
Loh12cr1,6.0,134660479.0,rs13479053,6,134201251,134201251,136560768,2.6053260598429163e-14,2.052974675090649e-09
Zfp759,13.0,67242508.0,D13Mit224,13,64187020,64187020,64187020,2.6347817515874202e-14,2.068261136344181e-09
Rqcd1,1.0,74565510.0,rs8273308,12,105632191,105632191,106091063,2.6993622632868506e-14,2.1108989292313033e-09
Parp3,9.0,106373636.0,rs3657415,9,105983686,105983686,106321565,2.7810507748242287e-14,2.158365845333289e-09
Olfr341,2.0,36335067.0,rs13481620,12,104269892,104269892,105392393,2.909452154483962e-14,2.2411038113487005e-09
Clasp2,9.0,113828477.0,gnf09.110.002,9,113200234,113200234,113935084,3.785654969081192e-14,2.8729876168649794e-09
Prss29,17.0,25457950.0,UT_11_70.128831,11,70371167,70371167,72266233,3.9950505170863883e-14,3.020754194064229e-09
Scnm1,3.0,94933778.0,CEL-3_89968332,3,89347288,89347288,95488017,4.980856849710215e-14,3.620082747272578e-09
Pcsk5,19.0,17507556.0,rs3686467,19,16955951,16955951,18018146,5.376718047002092e-14,3.866457542690844e-09
Aqp11,7.0,104875048.0,rs3023151,7,103823533,103823533,107011787,5.719812396349448e-14,4.066623094885343e-09
Gpbp1l1,4.0,116266222.0,gnf04.110.583,4,114507956,114507956,119754588,5.78170975316664e-14,4.0722595489778314e-09
Ttc39a,4.0,109116958.0,gnf04.104.549,4,108879988,108879988,110787831,6.14599160109044e-14,4.314061757855966e-09
D8Ertd738e,8.0,86770583.0,rs3669548,8,88546532,88546532,88831890,6.487876855594776e-14,4.507885774226616e-09
Ccdc68,18.0,70128894.0,rs13483423,18,69689996,69689996,69905328,7.682837210251041e-14,5.2669887687697735e-09
Met,6.0,17503299.0,rs13481620,12,104269892,104269892,105392393,7.770760766895617e-14,5.309566433918198e-09
Tcea3,4.0,135820524.0,rs6404906,4,133563658,133563658,135525152,8.189259355688963e-14,5.54099852334693e-09
Pqlc2,4.0,138854668.0,rs6234904,4,138152372,138152372,138711175,8.78797965472655e-14,5.8681383195898375e-09
D2hgdh,1.0,95748382.0,rs13475989,1,95906063,95906063,96419819,9.373249483905427e-14,6.19857418813348e-09
Pelp1,11.0,70219178.0,rs13481087,11,69415411,69415411,70265537,9.754220030452184e-14,6.409294483426109e-09
Sidt1,16.0,44240302.0,rs4232105,19,23240261,23240261,23889912,1.0217845865684223e-13,6.642025539702546e-09
1810020D17Rik,7.0,104713684.0,rs3023151,7,103823533,103823533,107011787,1.0237591292346349e-13,6.642025539702546e-09
Ddah1,3.0,145556803.0,rs3688244,3,145095424,145095424,145095424,1.0279516443988635e-13,6.648253662517562e-09
5730469M10Rik,14.0,41807098.0,rs6314716,14,41430491,41430491,42000002,1.1471122725273592e-13,7.349586567158542e-09
Rab2b,14.0,52881661.0,mCV23384307,14,49708958,49708958,49708958,1.3323368789007562e-13,8.431264310723716e-09
9330151L19Rik,12.0,70300722.0,rs8273308,12,105632191,105632191,106091063,1.4016158736179297e-13,8.828100743876681e-09
Arl8b,6.0,108771667.0,rs13478951,6,105762437,105762437,110884644,1.4036312135206918e-13,8.828100743876681e-09
Mtif2,11.0,29445049.0,rs13480932,11,28975003,28975003,29445002,1.444925184140977e-13,9.032572966223276e-09
1700007B13Rik,7.0,126630214.0,rs6241342,7,126326146,126326146,126553480,1.4636818821676018e-13,9.12209882821361e-09
Corin,5.0,72692347.0,rs13478294,5,63821509,63821509,65070490,1.4980556058821143e-13,9.308119627992796e-09
Ccdc126,6.0,49291503.0,rs3698072,6,49388482,49388482,49388482,1.734468574862987e-13,1.0461020967448648e-08
2810405K02Rik,4.0,154270605.0,rs13478067,4,154365178,154365178,154599781,1.767979120642873e-13,1.0600955894779573e-08
B2m,2.0,121978525.0,UT_2_119.151187,2,118706767,118706767,122144319,1.948393882637037e-13,1.1548067093251753e-08
4833420G17Rik,13.0,120255084.0,rs13482038,13,120059029,120059029,120203851,2.155913127867259e-13,1.2668500957026522e-08
Cd5,19.0,10792760.0,rs3698196,3,85931836,85931836,89036582,2.373100574846742e-13,1.3671304118019547e-08
Ngrn,7.0,87410109.0,rs13479339,7,81491657,81491657,88534759,2.4048985565028586e-13,1.3815790876956674e-08
Lrp6,6.0,134400415.0,rs13479053,6,134201251,134201251,136560768,2.692463975286728e-13,1.5296897145707344e-08
Gpr19,6.0,134819269.0,rs13479053,6,134201251,134201251,136560768,2.761208384622382e-13,1.562529213659093e-08
Ppox,1.0,173207629.0,NES13033186,1,173149434,173149434,174164127,2.97128104585973e-13,1.6462396140331362e-08
Rarres1,3.0,67283137.0,rs3674751,3,65474784,65474784,67016944,3.4220498533402736e-13,1.8623004901069244e-08
Sae1,7.0,16912979.0,rs3675839,7,16621522,16621522,16857085,3.4264196932555475e-13,1.8623004901069244e-08
2810426N06Rik,7.0,48906096.0,gnf07.032.889,7,48180543,48180543,51794017,3.5635776985615306e-13,1.9286998719196977e-08
1700008P20Rik,7.0,25118174.0,rs13481620,12,104269892,104269892,105392393,3.61534075922465e-13,1.9515796353236805e-08
Tdrd7,4.0,46047484.0,rs3694836,4,45985764,45985764,46553371,3.711321738272726e-13,1.9877391745302052e-08
Tm7sf3,6.0,146567096.0,rs3089737,6,145406060,145406060,146691561,3.8665857012693934e-13,2.0655177286300255e-08
5730437N04Rik,17.0,5411192.0,UT_17_3.221024,17,6039015,6039015,7955311,3.890916119818882e-13,2.0677732811058464e-08
0610037P05Rik,16.0,14300045.0,rs4163042,16,13142434,13142434,15051845,4.1953477390313464e-13,2.2067504428788768e-08
Prelid2,18.0,42072068.0,rs3683264,18,41940684,41940684,43083464,4.3977300137043665e-13,2.2897785557484027e-08
Itpripl1,2.0,126964772.0,rs3708635,2,125704535,125704535,127840968,4.4274022434224916e-13,2.293614840033285e-08
Rbm28,6.0,29075379.0,rs13478683,6,29127420,29127420,30223155,4.526115254394335e-13,2.33886175603959e-08
Pttg1,11.0,43236408.0,rs3706713,11,42844127,42844127,44227084,4.642519493443577e-13,2.3930008680678776e-08
Zfp367,13.0,64234542.0,D13Mit224,13,64187020,64187020,64187020,5.262792450628285e-13,2.66595138351885e-08
Col4a4,1.0,82447326.0,rs3719767,5,115597884,115597884,116556465,5.287844464951065e-13,2.672060450919899e-08
Slk,19.0,47716762.0,rs13483647,19,46657000,46657000,47938807,5.472811372265646e-13,2.745292597418953e-08
Unkl,17.0,25371121.0,rs3023864,17,24331045,24331045,26350810,5.676909596356239e-13,2.8338494741626093e-08
Cpsf3l,4.0,155262401.0,rs6316711,4,155235047,155235047,155235047,5.904031043496066e-13,2.932988141701744e-08
Tm4sf4,3.0,57245078.0,mCV22953681,3,57139218,57139218,57241534,5.985980003818155e-13,2.9665329799755754e-08
4930422I07Rik,9.0,88462049.0,D9Mit11,9,86133452,86133452,94380583,6.195043824058027e-13,3.041338244828414e-08
Zc3h11a,1.0,135518234.0,rs8256197,1,130485641,130485641,135695643,6.196075917655648e-13,3.041338244828414e-08
Rrm2,12.0,25398619.0,gnf12.013.284,12,15962185,15962185,16592330,6.318237225921279e-13,3.093916962170866e-08
Muc5ac,7.0,148996574.0,rs13482947,17,31769796,31769796,32078991,6.773416071500272e-13,3.293285654551959e-08
Fbxw9,8.0,87590199.0,rs13479825,8,85707108,85707108,88377306,8.192159686386231e-13,3.873211103134673e-08
Rab28,5.0,42024465.0,rs3703261,5,40028596,40028596,41690144,8.22614107479442e-13,3.8732877534972666e-08
Snrnp25,11.0,32108874.0,rs13480932,11,28975003,28975003,29445002,8.477651766858676e-13,3.962068104181043e-08
Mpg,11.0,32131904.0,rs13480932,11,28975003,28975003,29445002,8.514951720201282e-13,3.962068104181043e-08
Tmem173,18.0,35893751.0,rs13481620,12,104269892,104269892,105392393,9.396759941063472e-13,4.352684389153093e-08
5830415F09Rik,4.0,46393003.0,rs13477678,4,45502303,45502303,45717875,1.002658766597815e-12,4.602959537490846e-08
Pkd2,5.0,104932529.0,rs13478434,5,104572764,104572764,106233590,1.03052517833685e-12,4.699418055588372e-08
Clca2,3.0,144460568.0,CEL-3_145329096,3,144425239,144425239,144668168,1.0739729285444142e-12,4.8586198532872576e-08
1200003I07Rik,8.0,72229804.0,rs13479813,8,70431892,70431892,71875522,1.0748857397347658e-12,4.8586198532872576e-08
Snta1,2.0,154202210.0,rs6206791,2,149491612,149491612,154520256,1.1388180427602607e-12,5.113884053584759e-08
Bag5,12.0,112948233.0,D12Mit280,12,112417841,112417841,113741491,1.1887037606924635e-12,5.304906533741151e-08
Ddx59,1.0,138336592.0,rs13476118,1,135891044,135891044,138214494,1.1910453779051856e-12,5.304906533741151e-08
2610524H06Rik,5.0,115272779.0,rs13476609,2,83092617,83092617,87864979,1.2868485154698673e-12,5.6794139658254754e-08
Trappc6a,7.0,20101399.0,D7Mit57,7,20283120,20283120,25138165,1.3629830809712531e-12,5.9264051764254787e-08
Fut10,8.0,32371749.0,mCV24506226,8,31744603,31744603,36878789,1.4489332105405358e-12,6.208249258841487e-08
4930473A06Rik,4.0,83510208.0,rs6258088,4,82262282,82262282,84012619,1.538185317644803e-12,6.522723046517794e-08
Ext2,2.0,93535965.0,rs4223268,2,93260018,93260018,93727076,1.6245302064965544e-12,6.860580201383427e-08
Scyl3,1.0,165884912.0,rs4222763,1,165315111,165315111,168178248,1.6790456395678222e-12,7.061803973964389e-08
Sys1,2.0,164290515.0,rs6345991,2,163632488,163632488,164183539,1.808317112627389e-12,7.498163938965498e-08
C230029F24Rik,1.0,49394928.0,rs8273308,12,105632191,105632191,106091063,1.836669284656504e-12,7.578574901021952e-08
Tmem51,4.0,141587097.0,rs13478021,4,140166294,140166294,142466392,1.838764358118492e-12,7.578574901021952e-08
Cib1,7.0,87372923.0,rs13479339,7,81491657,81491657,88534759,1.8763851592051787e-12,7.687414314432383e-08
Lbx2,6.0,83038149.0,rs3663871,16,41688007,41688007,43943628,1.9059587063718047e-12,7.793050992726861e-08
Zfp455,13.0,67309201.0,D13Mit224,13,64187020,64187020,64187020,1.923690663093344e-12,7.827995111971294e-08
Tmem144,3.0,79620964.0,rs3672300,3,77716617,77716617,85493836,1.925923563584487e-12,7.827995111971294e-08
Pmpcb,5.0,21262432.0,UT_5_19.849706,5,21254589,21254589,22574279,2.329733376516671e-12,9.321914567626481e-08
Fastkd3,13.0,68730889.0,rs13481861,13,68711508,68711508,69092648,2.3697407843394863e-12,9.408775349644486e-08
Ankrd5,2.0,136387638.0,rs3672300,3,77716617,77716617,85493836,2.4448813390031022e-12,9.651216950954012e-08
Golga5,12.0,103735824.0,rs13481617,12,103658502,103658502,103766711,2.7147263630303952e-12,1.0534458260225391e-07
Lrrc67,1.0,9958868.0,rs8236463,1,5579194,5579194,9995926,2.7576376670745344e-12,1.0660745755261048e-07
Tmprss2,16.0,97788637.0,rs8274734,16,97799872,97799872,97799872,2.864083183369409e-12,1.103078414329065e-07
Rangrf,11.0,68786067.0,rs8273308,12,105632191,105632191,106091063,3.0506239206484302e-12,1.172726948823511e-07
Agpat9,5.0,101327029.0,rs3683611,5,100641822,100641822,101998196,3.3612448408479532e-12,1.2825473253274988e-07
Ubiad1,4.0,147808732.0,rs4224919,4,144563168,144563168,148197078,3.4821507081973155e-12,1.3213269495524838e-07
Rprd1b,2.0,157902024.0,rs3691210,2,157820959,157820959,158683924,3.689301603234897e-12,1.3871353838967817e-07
Ildr2,1.0,168246768.0,rs4222763,1,165315111,165315111,168178248,4.2317033453392716e-12,1.5709684601638576e-07
Tasp1,2.0,139659486.0,rs13476805,2,139549796,139549796,142226461,4.5347033094769715e-12,1.6683957922453124e-07
Ccdc21,4.0,133686804.0,rs6404906,4,133563658,133563658,135525152,5.118021307280758e-12,1.8663152358835172e-07
Stra6,9.0,58000379.0,rs8256197,1,130485641,130485641,135695643,5.13916638883577e-12,1.8674039090424523e-07
Gba2,4.0,43579953.0,rs6232550,4,40972607,40972607,44245672,5.649999819790191e-12,2.027943391687628e-07
Cxadr,16.0,78359501.0,rs4207980,16,78133532,78133532,78931348,5.7964261575795694e-12,2.0732633894725973e-07
Clns1a,7.0,104865038.0,rs3023151,7,103823533,103823533,107011787,5.812247798871428e-12,2.0753132274057248e-07
Klrg2,6.0,38578111.0,rs13481620,12,104269892,104269892,105392393,6.169762923099868e-12,2.1849008427245607e-07
Thada,17.0,84590876.0,rs13483136,17,84146862,84146862,85144748,6.529437784678954e-12,2.295524529321524e-07
Cenpt,8.0,108372656.0,rs13481128,11,83521936,83521936,88249193,6.70996954865174e-12,2.3549676687713526e-07
4930542N07Rik,20.0,150918450.0,rs8256197,1,130485641,130485641,135695643,7.141660865082973e-12,2.4979509879186324e-07
Ypel5,17.0,73199722.0,rs6322076,17,72598864,72598864,75262850,7.20026372386694e-12,2.5106989261360307e-07
Apcs,1.0,174825018.0,NES13029525,1,174201925,174201925,175262195,7.213072854414898e-12,2.5106989261360307e-07
Tnfrsf14,4.0,154296333.0,rs13478067,4,154365178,154365178,154599781,7.380327686443237e-12,2.5553548425667793e-07
Zfp330,8.0,85287702.0,rs3719174,8,83396538,83396538,85463661,7.922018593758104e-12,2.7019702388716047e-07
5730510P18Rik,12.0,13004763.0,rs13481305,12,12798107,12798107,12798107,8.189703811084445e-12,2.774862834231659e-07
Fmn2,1.0,176751781.0,rs3682996,1,175676881,175676881,177366983,8.388277827116967e-12,2.832810539060653e-07
Tubd1,11.0,86380601.0,rs13481128,11,83521936,83521936,88249193,8.42919971856357e-12,2.8419636895117377e-07
Slc4a2,5.0,23946522.0,rs13478144,5,23827219,23827219,24391317,9.507821698272704e-12,3.15392495257736e-07
Bat2d,1.0,164603088.0,rs13476208,1,163955813,163955813,164935095,9.760519897740133e-12,3.222158652277762e-07
Ptpmt1,2.0,90751301.0,rs4223268,2,93260018,93260018,93727076,1.0111551022219364e-11,3.316746294862891e-07
C030009O12Rik,5.0,72539786.0,rs13481262,11,119216124,119216124,120818214,1.0708841038234838e-11,3.4784872673846616e-07
Tnip1,11.0,54724566.0,rs13481021,11,50920755,50920755,53868159,1.0807927827557393e-11,3.499409969816367e-07
Mpdu1,11.0,69470468.0,rs13481087,11,69415411,69415411,70265537,1.115311878676755e-11,3.5893115819466566e-07
Hsd17b3,13.0,64160741.0,rs13481620,12,104269892,104269892,105392393,1.1169381333830419e-11,3.5893115819466566e-07
Hcfc2,10.0,82203716.0,rs13459122,10,80258109,80258109,84148125,1.1233414046015537e-11,3.5986429119978203e-07
Cdc2l6,10.0,40202842.0,rs4230010,13,96470955,96470955,97155589,1.1508153802255912e-11,3.675207007794084e-07
Tekt4,17.0,25613464.0,rs13481620,12,104269892,104269892,105392393,1.224439157112203e-11,3.8564352536850256e-07
Actb,5.0,143665304.0,rs13478566,5,142540280,142540280,143680350,1.2767466687864163e-11,4.0027909562636173e-07
Guk1,11.0,58998811.0,rs6344645,11,58923979,58923979,59042857,1.2940190693436213e-11,4.044611372207283e-07
Hist1h1t,13.0,23787741.0,NES13033186,1,173149434,173149434,174164127,1.3406171244794407e-11,4.183900655254174e-07
Qpct,17.0,79489133.0,gnf17.080.475,17,79560024,79560024,79883245,1.3648554468335549e-11,4.227470578489716e-07
Nek3,8.0,23239105.0,gnf08.020.641,8,23259030,23259030,25314442,1.4128117033704305e-11,4.356326939110812e-07
Cyp21a1,17.0,34939637.0,rs13481620,12,104269892,104269892,105392393,1.4222850390530035e-11,4.378972271202336e-07
Hspa1l,17.0,35115629.0,rs13481620,12,104269892,104269892,105392393,1.4591019907153156e-11,4.465585333764855e-07
Naf1,8.0,69414255.0,rs3667255,8,66481544,66481544,68141750,1.6084342919417368e-11,4.862208234226609e-07
Pdrg1,2.0,152834728.0,rs6206791,2,149491612,149491612,154520256,1.6203494315666184e-11,4.869247224614743e-07
Cdh23,10.0,59766192.0,rs13482947,17,31769796,31769796,32078991,1.621774177035439e-11,4.869247224614743e-07
2510027J23Rik,3.0,120874000.0,rs13477369,3,119424850,119424850,123077046,1.695915035006876e-11,5.047636346299075e-07
Nup54,5.0,92844854.0,rs4225368,5,90925271,90925271,93586010,1.8044552394520136e-11,5.324457335042077e-07
Abcc6,7.0,53232680.0,rs3703247,7,53254939,53254939,53422379,1.8263023089887414e-11,5.373503156379791e-07
Plekhf2,4.0,10916484.0,rs13477552,4,9203864,9203864,11507153,1.9191379497398674e-11,5.606548070589078e-07
Hdgf,3.0,87719453.0,rs3698196,3,85931836,85931836,89036582,1.972974643086048e-11,5.747497863466957e-07
1810046J19Rik,11.0,98299352.0,rs6236574,11,97970259,97970259,98005075,2.1040043613354852e-11,6.094671507850997e-07
Klhl9,4.0,88365642.0,rs3022987,4,88238304,88238304,88238304,2.2475875884312194e-11,6.456031173423881e-07
BC026762,7.0,26796662.0,rs13478434,5,104572764,104572764,106233590,2.26810098237059e-11,6.505867991311071e-07
Neurog3,10.0,61596570.0,rs13481620,12,104269892,104269892,105392393,2.3151662733486316e-11,6.614952006727973e-07
Rps6ka1,4.0,133403304.0,rs6404906,4,133563658,133563658,135525152,2.3587208838848696e-11,6.709656248952453e-07
Polr3f,2.0,144366900.0,rs6331493,2,142529801,142529801,144810573,2.4581872854397707e-11,6.954126284239069e-07
Crim1,17.0,78773753.0,rs3663088,17,77448215,77448215,78754732,2.4837840831051254e-11,7.007261535878732e-07
Fam173b,15.0,31546899.0,rs3702361,15,28975661,28975661,29369988,2.491878976936475e-11,7.010864685888542e-07
6430706D22Rik,1.0,90171360.0,rs6269442,1,3482276,3482276,4811063,2.504652561936176e-11,7.027575685308e-07
Pex5,6.0,124350231.0,rs13481620,12,104269892,104269892,105392393,2.5360032629840424e-11,7.093623708894325e-07
Gpr77,7.0,16820160.0,rs3675839,7,16621522,16621522,16857085,2.538539616848357e-11,7.093623708894325e-07
Btbd17,11.0,114652426.0,rs13481620,12,104269892,104269892,105392393,2.5547451273984595e-11,7.111931978971516e-07
Fancl,11.0,26371343.0,rs3719024,11,26370845,26370845,28719020,2.794487626709143e-11,7.714502677887363e-07
2610028A01Rik,14.0,64538435.0,D1Mit218,1,129336687,129336687,129336687,2.8281585114794434e-11,7.776141683763016e-07
Olfr1121,2.0,87211990.0,rs3712394,10,17663357,17663357,18617183,2.832563017867368e-11,7.777853860390067e-07
V1ri10,13.0,23191627.0,rs8260975,7,53682778,53682778,53682778,2.8543477717119608e-11,7.813232477245898e-07
Arhgef10,8.0,15000328.0,rs6343961,8,14480180,14480180,16660955,2.913646752773253e-11,7.958000038739851e-07
Snrpb2,2.0,142897258.0,rs6331493,2,142529801,142529801,144810573,3.0893047158140645e-11,8.371070265382487e-07
Adamts1,16.0,85795717.0,rs4213015,16,86161604,86161604,86200247,3.246597703803893e-11,8.705528248149408e-07
Zfp433,10.0,81343473.0,rs13459122,10,80258109,80258109,84148125,3.302171811124451e-11,8.83151766199226e-07
BC026585,1.0,159418781.0,rs6194543,1,157588922,157588922,159872935,3.407098835114717e-11,9.061341321664113e-07
Fam19a2,10.0,123177538.0,rs6282839,10,123052336,123052336,126156547,3.469121024253576e-11,9.19432276644717e-07
Mtfmt,9.0,65300035.0,gnf09.058.846,9,64463047,64463047,65394048,3.5983233133409e-11,9.487845319835994e-07
Gpr50,20.0,68920438.0,rs13481620,12,104269892,104269892,105392393,3.625428897610741e-11,9.53486733769008e-07
Tmem45a,16.0,56806727.0,rs4188825,16,56652577,56652577,57425569,3.755999997384695e-11,9.827997857278898e-07
6820431F20Rik,8.0,19864415.0,rs3699118,8,18512782,18512782,22905816,3.81961960237728e-11,9.956463962357632e-07
Zfp593,4.0,133799323.0,rs6404906,4,133563658,133563658,135525152,3.867878161434371e-11,1.0069495447311192e-06
Entpd2,2.0,25256737.0,rs6193345,2,23199300,23199300,23199300,4.1158901168159093e-11,1.0634393343094648e-06
Gstcd,3.0,132644913.0,rs4221957,3,129527944,129527944,133905167,4.684022046887592e-11,1.1878458704933571e-06
Ntrk2,13.0,59033742.0,mCV22624058,13,59281898,59281898,59805606,4.737133762886202e-11,1.199835299183483e-06
Kif21b,1.0,138068792.0,rs13481620,12,104269892,104269892,105392393,5.0250329884856146e-11,1.2634196562986492e-06
Zscan12,13.0,21461636.0,rs13459139,13,12155224,12155224,12155224,5.0609874126088063e-11,1.2709058280518898e-06
Pla2g4e,2.0,119998352.0,rs8273308,12,105632191,105632191,106091063,5.169965730013805e-11,1.2951096013847762e-06
1110005A03Rik,11.0,116710891.0,rs13481243,11,114532622,114532622,116490388,5.387926964240983e-11,1.3399179538142495e-06
Sc5d,9.0,42062916.0,rs3702448,9,41870632,41870632,45240527,6.058912473911394e-11,1.4766720216658825e-06
Hdhd3,4.0,62160215.0,rs13477735,4,61518987,61518987,65047572,6.059886320830175e-11,1.4766720216658825e-06
Rcbtb2,14.0,73576886.0,rs6352085,14,80081344,80081344,81304852,6.242134669561621e-11,1.510345215598925e-06
Ccndbp1,2.0,120842411.0,UT_2_119.151187,2,118706767,118706767,122144319,6.52956161079993e-11,1.5761822963000093e-06
Cxxc5,18.0,36021053.0,rs13483308,18,38428527,38428527,38428527,6.635720148615865e-11,1.598056784390628e-06
Eif4g3,4.0,137759386.0,rs13478002,4,136230564,136230564,137764129,6.974395995460704e-11,1.6734221049259377e-06
Creg1,1.0,167700926.0,UT_1_169.988189,1,168323143,168323143,168762930,7.256100187606586e-11,1.7272354540292277e-06
Lman2,13.0,55446845.0,rs13481817,13,54980447,54980447,55500311,7.99557687998496e-11,1.8857987105691562e-06
Cntrob,11.0,69113216.0,rs3695202,11,64515287,64515287,67090601,8.36774828153512e-11,1.952291437662599e-06
4930528F23Rik,17.0,24976633.0,rs3023864,17,24331045,24331045,26350810,8.372424093802347e-11,1.952291437662599e-06
Hint1,11.0,54683858.0,rs13481021,11,50920755,50920755,53868159,8.414010737901956e-11,1.959766701244478e-06
Zfp672,11.0,58133366.0,rs13481045,11,58057820,58057820,58381052,8.688863427972761e-11,2.0146581593448224e-06
Alg14,3.0,121064697.0,rs13477364,3,118290074,118290074,119016593,8.90270023326404e-11,2.057281683767897e-06
Fastk,5.0,23947041.0,rs13478144,5,23827219,23827219,24391317,9.071176273929341e-11,2.091513960967947e-06
Dnase2a,8.0,87446611.0,rs13479825,8,85707108,85707108,88377306,9.201801961333907e-11,2.1168855545472573e-06
Sft2d1,17.0,8520206.0,gnf17.005.541,17,8688392,8688392,9032964,9.468511533468939e-11,2.1733802625946095e-06
Agxt2l2,11.0,51414123.0,rs13481021,11,50920755,50920755,53868159,9.533834746091411e-11,2.181071706460116e-06
Prmt6,3.0,110052044.0,rs13477323,3,109396037,109396037,112489448,9.590656391220443e-11,2.1845867459008775e-06
Smc5,19.0,23282067.0,rs4232105,19,23240261,23240261,23889912,9.598357477221989e-11,2.1845867459008775e-06
Uhrf1bp1l,10.0,89280869.0,rs6221944,10,89118121,89118121,90880555,9.62080444114863e-11,2.1863758601196163e-06
Csnk1e,15.0,79250373.0,rs3667755,15,78741347,78741347,79223649,9.936890570822308e-11,2.2507469720858036e-06
Wdr79,11.0,69375356.0,rs13481087,11,69415411,69415411,70265537,1.0407073213568713e-10,2.3392117223114578e-06
Fmo1,1.0,164760161.0,rs4222763,1,165315111,165315111,168178248,1.0695963079943797e-10,2.393681700465955e-06
Zfp661,2.0,127401507.0,rs3708635,2,125704535,125704535,127840968,1.1150862144263596e-10,2.4792979989879173e-06
Slc44a1,4.0,53635204.0,rs13477695,4,49784163,49784163,50695666,1.1268006246278264e-10,2.4891978313701704e-06
Pusl1,4.0,155263222.0,rs6316711,4,155235047,155235047,155235047,1.1573360111664702e-10,2.5429957466376143e-06
Zfp277,12.0,41041843.0,gnf12.035.312,12,37595107,37595107,41395032,1.1632254356738977e-10,2.550486726134943e-06
Vwa5a,9.0,38549963.0,rs3665911,9,35793270,35793270,39934734,1.1764130485138492e-10,2.5766549037342724e-06
Ttc19,11.0,62129704.0,mCV24123456,11,62065414,62065414,63033373,1.2052208644480933e-10,2.622991292135267e-06
Tmc5,7.0,125818335.0,gnf07.114.758,7,124952038,124952038,125869548,1.295692197564855e-10,2.7816235229140715e-06
Klhl26,8.0,72974208.0,rs13460430,8,72331481,72331481,74265398,1.3209047118018493e-10,2.818490810511678e-06
2310030G06Rik,9.0,50547964.0,gnf09.042.496,9,48017410,48017410,50652205,1.3369320792883183e-10,2.8463888770655597e-06
Polr1b,2.0,128951870.0,rs6411422,2,128199226,128199226,129125488,1.3944983094660408e-10,2.9536618803298825e-06
Anapc13,9.0,102536466.0,rs6385971,9,99766320,99766320,102625958,1.4086588709379074e-10,2.971414475474619e-06
Ppme1,7.0,107475415.0,D7Mit323,7,108024450,108024450,108024450,1.41425879668148e-10,2.9801703319546107e-06
Atp5h,11.0,115277153.0,rs13481243,11,114532622,114532622,116490388,1.4355687292457223e-10,3.021978997832579e-06
Lamc3,2.0,31801249.0,rs13481620,12,104269892,104269892,105392393,1.4462821274638443e-10,3.0352115038988744e-06
Qpctl,7.0,19726300.0,rs3672220,7,19794683,19794683,19988355,1.4691113225837423e-10,3.0666523754173682e-06
Mrpl3,9.0,104979522.0,rs13480387,9,103827403,103827403,105393992,1.472542774875979e-10,3.0666523754173682e-06
Pxn,5.0,116005605.0,rs3719767,5,115597884,115597884,116556465,1.4982756391772932e-10,3.1062904536657275e-06
Coq5,5.0,115746206.0,rs3719767,5,115597884,115597884,116556465,1.5179086550037404e-10,3.1386118111485044e-06
1200009F10Rik,10.0,90561290.0,rs6221944,10,89118121,89118121,90880555,1.5184436146534068e-10,3.1386118111485044e-06
Dbi,1.0,122012978.0,rs13476077,1,120871755,120871755,125888672,1.5608363265189424e-10,3.2133193687436405e-06
Nup35,2.0,80498729.0,rs3722345,2,80455844,80455844,81608100,1.5671202225114745e-10,3.2198100623915456e-06
Ifih1,2.0,62435680.0,rs13476533,2,60939727,60939727,62483390,1.5903782761309941e-10,3.261080486059357e-06
Capn3,2.0,120329836.0,UT_2_119.151187,2,118706767,118706767,122144319,1.6184888116678831e-10,3.303710803724624e-06
Amdhd1,10.0,92986513.0,rs6191721,10,91382291,91382291,93979400,1.7313379528029475e-10,3.5185469683146426e-06
Zfp429,13.0,67490716.0,D13Mit224,13,64187020,64187020,64187020,1.738360327981147e-10,3.5293308528301596e-06
BC056474,8.0,87605106.0,rs13479825,8,85707108,85707108,88377306,1.758395750547082e-10,3.562973556660035e-06
1700029I01Rik,4.0,146554522.0,rs13478063,4,152699720,152699720,152699720,1.7729650185626918e-10,3.588958816198428e-06
Lsm12,11.0,102024075.0,rs13481194,11,101460336,101460336,102655780,1.890632924647929e-10,3.797250744483089e-06
Vamp5,6.0,72319459.0,mhcCD8b4,6,71278246,71278246,75834707,1.9046322074841974e-10,3.821635605063778e-06
Mlycd,8.0,121934893.0,gnf08.119.598,8,120904595,120904595,120904595,1.9108266839161658e-10,3.8303278877598915e-06
Zfp72,13.0,74509391.0,rs6376011,12,116788762,116788762,117956772,1.9672837801059381e-10,3.928183819844646e-06
Pxk,14.0,8997295.0,rs3689508,14,10592844,10592844,19569109,1.9797475422523234e-10,3.9490269685851916e-06
Mgst3,,,rs13476221,1,168913138,168913138,169907834,1.9854254628706288e-10,3.949072114109229e-06
Usp21,1.0,173212392.0,NES13033186,1,173149434,173149434,174164127,1.9984730874560257e-10,3.97118363628909e-06
Mobkl2b,4.0,34900054.0,CEL-4_34185403,4,34041019,34041019,35257017,2.0187223667387013e-10,4.00368457060306e-06
Man2a2,7.0,87495636.0,rs13479339,7,81491657,81491657,88534759,2.0617475491836765e-10,4.081144343103693e-06
Pus3,9.0,35374124.0,rs6240566,9,40268402,40268402,40929720,2.1019881001323234e-10,4.140871658472715e-06
Fam125a,8.0,74071861.0,rs6293022,8,74935354,74935354,74935354,2.173612408042463e-10,4.269700760091761e-06
Mtap,4.0,88826213.0,rs3022987,4,88238304,88238304,88238304,2.184808471945125e-10,4.28713939488358e-06
Mfsd7b,1.0,192829890.0,rs3675669,1,191629932,191629932,192867017,2.207282882070536e-10,4.315233208639316e-06
Setd3,12.0,109344987.0,rs3663172,12,109136782,109136782,109444142,2.2839928205699057e-10,4.4398784699147585e-06
Hist1h4i,13.0,22132455.0,rs3701757,13,16276331,16276331,17979064,2.3041154737432578e-10,4.466330660474287e-06
Kctd2,11.0,115292145.0,rs13481251,11,116908503,116908503,116908503,2.400518275154441e-10,4.635722436232018e-06
Cd2ap,17.0,42933224.0,rs13482981,17,40708059,40708059,43922072,2.4324931808218664e-10,4.684275122223581e-06
AW549877,15.0,3932285.0,rs13459177,15,3927910,3927910,4349255,2.446400087679505e-10,4.702250072529653e-06
Mrps14,1.0,162130380.0,rs3653666,1,160477203,160477203,161687298,2.58725386128353e-10,4.945256111211434e-06
Fam71e1,7.0,51756425.0,gnf07.032.889,7,48180543,48180543,51794017,2.598157205969809e-10,4.9477037254336046e-06
BC031781,1.0,182791262.0,CEL-1_182091301,1,183936097,183936097,184421782,2.6330815210096935e-10,4.9957079196607915e-06
Fbxl14,6.0,119432272.0,rs6204829,6,115865552,115865552,122259669,2.643274857641435e-10,5.002866674081515e-06
Sf4,8.0,72595767.0,rs13460430,8,72331481,72331481,74265398,2.644152245036501e-10,5.002866674081515e-06
Nfatc2ip,7.0,133528151.0,rs13481620,12,104269892,104269892,105392393,2.796057228739059e-10,5.265642982046595e-06
Pccb,9.0,100882909.0,rs6385971,9,99766320,99766320,102625958,2.8153542854922737e-10,5.291714767501717e-06
Crtap,9.0,114284518.0,gnf09.110.002,9,113200234,113200234,113935084,2.8174001295472647e-10,5.291714767501717e-06
St3gal3,4.0,117780174.0,rs13481620,12,104269892,104269892,105392393,2.8257605169925754e-10,5.30257493214303e-06
Dpp7,2.0,25208001.0,CEL-2_24053663,2,23949161,23949161,25395302,2.8373354188237564e-10,5.314597210024229e-06
2610301B20Rik,4.0,10826197.0,rs13477566,4,13031016,13031016,13764992,2.8941441734968936e-10,5.401328402298114e-06
Rcan2,17.0,44154861.0,rs13481620,12,104269892,104269892,105392393,3.111326126239097e-10,5.728677560197682e-06
Cyp2r1,7.0,121693904.0,rs3657482,7,121209198,121209198,121509575,3.13958546926678e-10,5.775539025201821e-06
Mapre1,2.0,153593204.0,rs6206791,2,149491612,149491612,154520256,3.3538199257617095e-10,6.1095301813385724e-06
Olfr1260,2.0,89818457.0,NES13029525,1,174201925,174201925,175262195,3.359780418719058e-10,6.114971918998031e-06
Sntg2,12.0,30886143.0,rs13481371,12,30883464,30883464,31448028,3.3753855450129563e-10,6.132520027932503e-06
Zfp639,3.0,32419589.0,rs6260196,3,28626877,28626877,31752412,3.630342991741866e-10,6.549449883865741e-06
Tgoln2,6.0,72561764.0,mhcCD8b4,6,71278246,71278246,75834707,3.685240718101165e-10,6.619457379245669e-06
Zfp273,13.0,67927499.0,rs13481861,13,68711508,68711508,69092648,3.831993459789921e-10,6.859093868952639e-06
Ncrna00166,3.0,94268942.0,rs13475970,1,90246345,90246345,91918244,3.858480464817882e-10,6.894503525862099e-06
Tsku,7.0,105499550.0,rs4226829,7,107628914,107628914,107944155,3.9544623797368964e-10,7.035445936545166e-06
Crygn,5.0,24261951.0,rs13478144,5,23827219,23827219,24391317,4.2275747200243794e-10,7.4440702913214765e-06
Coq2,5.0,101083945.0,rs3683611,5,100641822,100641822,101998196,4.309685875915118e-10,7.569213186406551e-06
1700009J07Rik,10.0,77358685.0,rs13469470,2,103290657,103290657,103740090,4.5354398309037036e-10,7.891579738675803e-06
Cep63,9.0,102489074.0,rs6385971,9,99766320,99766320,102625958,4.546200633497666e-10,7.903616685230644e-06
Acot11,4.0,106417448.0,rs13477888,4,105321484,105321484,107061697,4.6499559527109265e-10,8.04563658220707e-06
1700009P17Rik,1.0,173056963.0,rs8242766,1,172981863,172981863,172981863,4.665883127615675e-10,8.057199380109874e-06
Gcdh,8.0,87410609.0,rs3669548,8,88546532,88546532,88831890,5.128418528942526e-10,8.744249748812063e-06
Grm1,10.0,10408741.0,rs13479914,8,93349658,93349658,95657347,5.131777372003207e-10,8.744249748812063e-06
Clec2h,6.0,128625878.0,rs3681620,6,127954549,127954549,129105169,5.20586580256343e-10,8.855818021512621e-06
S100a1,3.0,90315192.0,CEL-3_89968332,3,89347288,89347288,95488017,5.334086928116218e-10,9.044015625044985e-06
Clec2d,6.0,129136338.0,rs3681620,6,127954549,127954549,129105169,5.488946636906167e-10,9.29126285241331e-06
Dhx40,11.0,86583433.0,rs13481128,11,83521936,83521936,88249193,5.759952537086216e-10,9.702089055719001e-06
4632411B12Rik,1.0,36392816.0,rs13475810,1,36052584,36052584,37614783,5.828536170681114e-10,9.785554118497818e-06
Fam82a2,2.0,118963254.0,UT_2_119.151187,2,118706767,118706767,122144319,5.883818454977427e-10,9.86226612129701e-06
Kif26a,12.0,113412418.0,rs13476267,1,182213911,182213911,183347400,5.968933390722341e-10,9.988651601965998e-06
Trmu,15.0,85711482.0,rs13481620,12,104269892,104269892,105392393,6.141952314154434e-10,1.0236542560728148e-05
Fli1,9.0,32231342.0,rs13480122,9,30964211,30964211,33190827,6.357665622903541e-10,1.0544791901104728e-05
Agpat5,8.0,18884025.0,rs3699118,8,18512782,18512782,22905816,6.375053721455924e-10,1.0565111461842048e-05
AF067063,,,rs8251849,7,31505578,31505578,35185656,6.394166006334043e-10,1.0579735118266418e-05
Lrtomt,7.0,109062002.0,D7Mit323,7,108024450,108024450,108024450,6.434834409250471e-10,1.0638466025731457e-05
Zbtb43,2.0,33309244.0,rs13459060,2,32470462,32470462,33073858,7.555804208350624e-10,1.225528620252107e-05
4833428C12Rik,3.0,115642129.0,mCV25436350,3,112860455,112860455,117113353,8.28575860694446e-10,1.3230566179591302e-05
Zfp354a,11.0,50884589.0,rs13481021,11,50920755,50920755,53868159,8.461459907134558e-10,1.3458876002513206e-05
Snapc5,9.0,64030085.0,rs4227706,9,62226500,62226500,64300970,9.503234687480014e-10,1.4954017440637235e-05
Axud1,9.0,119881399.0,rs13481620,12,104269892,104269892,105392393,9.773679782735312e-10,1.5332657347442336e-05
Xaf1,11.0,72120129.0,rs6217738,11,72486318,72486318,72978471,1.0093327582259184e-09,1.5643195094706658e-05
6430573F11Rik,8.0,37575761.0,rs13479702,8,37203160,37203160,37571455,1.0263490051735837e-09,1.584721159442636e-05
Mansc1,6.0,134559403.0,rs13479065,6,136698275,136698275,137509362,1.0898348933240991e-09,1.673948711787668e-05
Hyi,4.0,118035290.0,rs3659850,4,110966848,110966848,114284494,1.124363233979444e-09,1.716726282673144e-05
Hs3st6,17.0,24895285.0,CEL-17_21879142,17,23322637,23322637,24119004,1.1567961942389544e-09,1.7579476918515038e-05
Catsper2,2.0,121223339.0,UT_2_119.151187,2,118706767,118706767,122144319,1.1682602503369797e-09,1.7706053349001303e-05
Slc44a3,3.0,121162902.0,rs13477369,3,119424850,119424850,123077046,1.200424794785074e-09,1.8126746677427623e-05
Cap1,4.0,122539227.0,UT_4_121.927901,4,122536809,122536809,123885163,1.2387165813360775e-09,1.8609320636395324e-05
4921524J17Rik,8.0,87933274.0,rs13479825,8,85707108,85707108,88377306,1.2595783242884609e-09,1.8867599849970575e-05
Adh6-ps1,3.0,138050986.0,rs13477425,3,134595339,134595339,136479848,1.2739178405002397e-09,1.9005192573759245e-05
Smad4,18.0,73798681.0,rs13483437,18,74004343,74004343,74004343,1.2817847170504553e-09,1.9102843536696667e-05
Stard3nl,13.0,19450891.0,rs3701757,13,16276331,16276331,17979064,1.3135363127113954e-09,1.949889063930291e-05
Hspbap1,16.0,35814089.0,rs6269442,1,3482276,3482276,4811063,1.4032971929759105e-09,2.0585606114994953e-05
4930579F01Rik,3.0,137827227.0,UT_3_141.310761,3,137054608,137054608,138220054,1.4083116490436888e-09,2.062973644590741e-05
Dnajc2,5.0,21263179.0,UT_5_19.849706,5,21254589,21254589,22574279,1.420539252829062e-09,2.0759530217791417e-05
Cnksr3,10.0,3227119.0,D10Mit28,10,9133173,9133173,9133173,1.4720111838765946e-09,2.145586914107664e-05
Gpr12,5.0,147394579.0,mCV25009162,5,145297027,145297027,147394031,1.473363982890437e-09,2.1460378047551595e-05
Ablim1,19.0,57110397.0,rs6355398,19,56457053,56457053,58525152,1.4996533878851636e-09,2.1769642231140188e-05
Riok2,17.0,17530545.0,rs3662820,17,12508088,12508088,21646617,1.5152870706497907e-09,2.194666775748124e-05
Uba6,5.0,86541056.0,rs13478370,5,85890223,85890223,90712226,1.571566717243482e-09,2.2602620909668043e-05
Igll1,16.0,16860939.0,rs13480802,10,122450478,122450478,122854321,1.6356287506782838e-09,2.344201020504441e-05
Slc36a1,11.0,55049533.0,rs13481021,11,50920755,50920755,53868159,1.6975667717015116e-09,2.42116072973929e-05
Zfp131,,,rs13482038,13,120059029,120059029,120203851,1.7366118364730756e-09,2.4665857081446764e-05
Gpr116,17.0,43596281.0,rs13482981,17,40708059,40708059,43922072,1.7837303525843977e-09,2.5230555463317856e-05
Tlr6,5.0,65344424.0,rs6265085,5,65141992,65141992,66546701,1.795533640544314e-09,2.5362624226885272e-05
Zmynd15,11.0,70279625.0,rs13481087,11,69415411,69415411,70265537,1.8161542367903937e-09,2.5618707787946407e-05
Ier2,8.0,87185245.0,rs3669548,8,88546532,88546532,88831890,1.8776753994121755e-09,2.6341988869724597e-05
Cdk2ap1,5.0,124795529.0,rs13478499,5,123738719,123738719,125382920,1.922800859058177e-09,2.686510320889004e-05
Car7,8.0,107072897.0,UT_2_119.151187,2,118706767,118706767,122144319,1.9364081790845593e-09,2.701851283485236e-05
Nfia,4.0,97778959.0,CEL-4_95227224,4,96563640,96563640,96653621,1.9440618114562523e-09,2.7065871845475432e-05
Mthfs,9.0,89134864.0,rs3674339,9,85386930,85386930,85749877,1.9975002286802356e-09,2.766447290280786e-05
Wtap,17.0,13159683.0,rs8273308,12,105632191,105632191,106091063,2.018613579855956e-09,2.7919281522093592e-05
Fam18b,11.0,62708461.0,mCV24123456,11,62065414,62065414,63033373,2.0818608905578023e-09,2.8697555166853627e-05
Hspa13,16.0,75757282.0,rs4205157,16,74917948,74917948,76381348,2.086534504002654e-09,2.8723475595533726e-05
Tmem68,4.0,3476799.0,rs13477532,4,3630816,3630816,5363014,2.107325163508325e-09,2.8977129417794712e-05
Nif3l1,1.0,58518255.0,rs3686293,1,58173264,58173264,58643671,2.1077783439130825e-09,2.8977129417794712e-05
Abcc2,19.0,43912079.0,D19Mit89,19,42573794,42573794,43991580,2.1318666305404377e-09,2.9288710227615538e-05
Tmem56,3.0,120934163.0,rs13477369,3,119424850,119424850,123077046,2.2019473993782053e-09,3.0130752321531347e-05
Ube2e1,14.0,19115472.0,rs3689508,14,10592844,10592844,19569109,2.2165442451112803e-09,3.0310324395603735e-05
1700020C07Rik,2.0,164652952.0,rs6371333,11,57945936,57945936,57945936,2.2384158223160414e-09,3.052821708732174e-05
Arih2,9.0,108507072.0,rs13461459,9,108417200,108417200,110265341,2.466256360799258e-09,3.332618353884213e-05
Nfxl1,5.0,72905158.0,rs6265085,5,65141992,65141992,66546701,2.5709438428770747e-09,3.464378729270157e-05
Arhgef10l,4.0,140070873.0,rs3686214,4,139112380,139112380,140081803,2.6796000190673346e-09,3.5996211705649775e-05
Tcp10c,17.0,13266405.0,rs13481620,12,104269892,104269892,105392393,2.807689035218744e-09,3.742355977633312e-05
Usp30,5.0,114573356.0,rs3657810,5,113832345,113832345,114910446,2.8576908205266996e-09,3.797287353229915e-05
Atad1,19.0,32747459.0,D19Mit13,19,32713513,32713513,32747208,2.858132796138078e-09,3.797287353229915e-05
2700078E11Rik,19.0,60603461.0,UT_4_59.889299,19,60157522,60157522,60875941,3.0767753653755182e-09,4.030497697226864e-05
Zfp84,7.0,30566378.0,rs4226520,7,30566471,30566471,31205553,3.0767790793023925e-09,4.030497697226864e-05
Lpin1,12.0,16543373.0,gnf12.013.284,12,15962185,15962185,16592330,3.0824967244468948e-09,4.035417328808711e-05
Sirt4,5.0,115928222.0,mCV23798232,5,117112003,117112003,118108877,3.1378335876736837e-09,4.105247843134673e-05
Smc4,3.0,68838453.0,rs13477176,3,68871336,68871336,69548776,3.147388370973799e-09,4.11513065991972e-05
Hgfac,5.0,35390807.0,rs13478175,5,33930827,33930827,35849413,3.1652723939286818e-09,4.135884270375386e-05
E2f6,12.0,16833409.0,gnf12.013.284,12,15962185,15962185,16592330,3.1722685948477143e-09,4.138808668937026e-05
Rnf121,7.0,109171843.0,rs4226829,7,107628914,107628914,107944155,3.1735476792826e-09,4.138808668937026e-05
1700011A15Rik,15.0,101284070.0,UT_2_119.151187,2,118706767,118706767,122144319,3.2002323037867432e-09,4.165685069222623e-05
Tmod4,3.0,94931741.0,CEL-3_89968332,3,89347288,89347288,95488017,3.2187988520611063e-09,4.184085812908722e-05
Gsta4,9.0,78046172.0,rs3674482,9,77217284,77217284,79902982,3.255509738490277e-09,4.2216072957698704e-05
Aldh16a1,7.0,52397264.0,rs13479226,7,52843651,52843651,52843651,3.28266477611811e-09,4.248784007754618e-05
Rabl3,16.0,37572151.0,rs4173870,16,36946777,36946777,38174908,3.3942968766059993e-09,4.3685274138658815e-05
Fam62c,9.0,99211329.0,rs3663871,16,41688007,41688007,43943628,3.422988467392518e-09,4.397198993425372e-05
Isoc2b,7.0,4796628.0,rs3675839,7,16621522,16621522,16857085,3.552943344704003e-09,4.5527652881926744e-05
Slc26a11,11.0,119242219.0,rs13481262,11,119216124,119216124,120818214,3.759999039588578e-09,4.788254474775513e-05
Sohlh2,3.0,55013524.0,rs13481620,12,104269892,104269892,105392393,3.793832744569554e-09,4.819404154806118e-05
Thnsl2,6.0,71078656.0,mhcCD8b4,6,71278246,71278246,75834707,3.822990788858178e-09,4.853446569712498e-05
Klhl1,14.0,96505593.0,rs13480720,10,96758375,96758375,97112187,3.918844879927249e-09,4.962883311211794e-05
Gsto1,19.0,47939128.0,rs13483647,19,46657000,46657000,47938807,4.205297372595573e-09,5.289820930971532e-05
Adcy4,14.0,56388063.0,mCV23384307,14,49708958,49708958,49708958,4.240050280738465e-09,5.327020194421457e-05
Anks1,17.0,28199420.0,rs13482998,17,44224865,44224865,44300073,4.5097624685212645e-09,5.60425239036572e-05
Dnajc10,2.0,80193629.0,rs3722345,2,80455844,80455844,81608100,4.52630225202578e-09,5.6180171268293067e-05
E130112L23Rik,14.0,52623424.0,mCV23384307,14,49708958,49708958,49708958,4.5443697115829005e-09,5.633642531026975e-05
Tbcb,7.0,31011866.0,rs4226520,7,30566471,30566471,31205553,4.612072660368758e-09,5.71412936741379e-05
Gpatch1,7.0,36061676.0,rs13479188,7,36124857,36124857,37123347,4.6524667909761535e-09,5.753777299852915e-05
Rcor3,1.0,193924694.0,D1Mit511,1,193992203,193992203,194167771,4.683368696001003e-09,5.783210782148596e-05
Mtfr1,3.0,19120532.0,rs13477004,3,19544554,19544554,19544554,4.985227090725908e-09,6.092041403677978e-05
Ube2j1,4.0,33138175.0,rs4224427,4,33109560,33109560,33171460,5.164905220151613e-09,6.259045165585687e-05
Sh3pxd2a,19.0,47341491.0,rs8256197,1,130485641,130485641,135695643,5.449875715169664e-09,6.547037881802977e-05
Ppm1l,3.0,69358799.0,rs3674810,3,67946724,67946724,68376549,5.615607111006308e-09,6.722573693263026e-05
Ap1m1,8.0,74781114.0,rs6293022,8,74935354,74935354,74935354,5.637779049033772e-09,6.741268425636036e-05
Zfp57,17.0,37146421.0,rs8256197,1,130485641,130485641,135695643,5.8904401029489475e-09,7.014834391498984e-05
Plxna2,1.0,196642958.0,rs3689947,1,194325877,194325877,194439430,6.110608364132506e-09,7.251834820414035e-05
Klf1,8.0,87428881.0,rs13479825,8,85707108,85707108,88377306,6.2287788353936155e-09,7.375052362354238e-05
Atf7ip,6.0,136555446.0,rs13479065,6,136698275,136698275,137509362,6.254401832600384e-09,7.396873886090679e-05
Slamf8,1.0,174511973.0,NES13033186,1,173149434,173149434,174164127,6.3091631788607794e-09,7.440246004793864e-05
Kcna5,6.0,126482765.0,rs13480720,10,96758375,96758375,97112187,6.622856443611575e-09,7.765649202251061e-05
Traf3ip1,1.0,93425305.0,rs13475979,1,93218894,93218894,94229306,6.714849743898961e-09,7.842218870035677e-05
Mug2,6.0,122035493.0,rs6204829,6,115865552,115865552,122259669,6.801206425280282e-09,7.91610275259885e-05
Kcnh6,11.0,105888964.0,rs3671119,3,126116579,126116579,126116579,6.864632941030394e-09,7.985407350590388e-05
Klhl20,1.0,163018738.0,rs3693161,1,162215219,162215219,163901483,7.001502154128748e-09,8.117076277821575e-05
Tmem63a,1.0,182905143.0,rs13476267,1,182213911,182213911,183347400,7.041101926018056e-09,8.149204554096717e-05
Abhd14a,9.0,106342562.0,rs3657415,9,105983686,105983686,106321565,7.150074389301092e-09,8.261379521533083e-05
Rpap1,2.0,119589919.0,UT_2_119.151187,2,118706767,118706767,122144319,7.449401609289506e-09,8.549592176416102e-05
Ppfia3,7.0,52595208.0,rs13479392,7,95847712,95847712,96589291,7.542840664832139e-09,8.642362859721525e-05
1500035H01Rik,9.0,44598911.0,rs3702448,9,41870632,41870632,45240527,7.663628367765384e-09,8.775868759745607e-05
1600002H07Rik,17.0,24352754.0,rs3023864,17,24331045,24331045,26350810,7.684430428740123e-09,8.789901563616617e-05
Kcne1,16.0,92348846.0,gnf11.125.992,11,117108177,117108177,118205264,8.966183930304754e-09,0.00010132072098833811
Cdca3,6.0,124783144.0,rs13483617,19,38379687,38379687,38379687,9.066938823406637e-09,0.00010226653893881164
Slc32a1,2.0,158440089.0,rs6239372,7,35483870,35483870,35699898,9.240699309034485e-09,0.00010385221523120465
Prdx2,8.0,87498063.0,rs3669548,8,88546532,88546532,88831890,9.275472284246675e-09,0.00010418608134643644
5033411D12Rik,13.0,16949726.0,rs3701757,13,16276331,16276331,17979064,9.442035363712285e-09,0.00010559562117700475
Nudt16,9.0,105032559.0,rs13480387,9,103827403,103827403,105393992,9.598942951662408e-09,0.00010717556967099467
1110018J18Rik,13.0,64393336.0,D13Mit224,13,64187020,64187020,64187020,9.692744727786609e-09,0.00010804692725494164
Mcm6,1.0,130228237.0,gnf01.126.387,1,128625711,128625711,129064813,9.810790893819176e-09,0.0001090083124519886
Srp54a,12.0,56212107.0,rs3689063,12,55988946,55988946,58773265,1.0078664986588642e-08,0.0001115627769127445
Ccnb2,9.0,70255730.0,rs13481620,12,104269892,104269892,105392393,1.018853214578323e-08,0.0001124775956721746
Pla1a,16.0,38396346.0,D16Mit12,16,39118134,39118134,39118134,1.0408790847614703e-08,0.00011423329692868894
Myo19,11.0,84724355.0,rs13481128,11,83521936,83521936,88249193,1.0868158229406258e-08,0.00011876770088909006
Robo1,16.0,73045731.0,rs4204016,16,74160023,74160023,74870025,1.1257905609116358e-08,0.0001219897695303601
Mpdz,4.0,80928598.0,rs13477746,4,65605269,65605269,65605269,1.130604628010322e-08,0.000122318080686642
Aurkc,7.0,6955697.0,rs13479656,8,26642893,26642893,27552604,1.1432629758306588e-08,0.00012310474357942608
OTTMUSG00000016644,19.0,34668009.0,rs4230010,13,96470955,96470955,97155589,1.2061175273509067e-08,0.0001289241730726728
6330409N04Rik,14.0,62153408.0,rs3692863,14,59434131,59434131,61810350,1.2350991205205029e-08,0.0001314110769002442
Creb3,4.0,43579674.0,rs6232550,4,40972607,40972607,44245672,1.2538345201166345e-08,0.00013285463268025146
1810030N24Rik,4.0,34719146.0,CEL-4_34185403,4,34041019,34041019,35257017,1.2775878811984061e-08,0.00013487732809786042
Nfkbil1,17.0,35357315.0,rs13482947,17,31769796,31769796,32078991,1.2779051503883475e-08,0.00013487732809786042
Prkag1,15.0,98643461.0,rs13482734,15,98553459,98553459,98553459,1.3021487257276342e-08,0.0001369858927525794
Actr5,2.0,158462803.0,rs3691210,2,157820959,157820959,158683924,1.3121439109455457e-08,0.00013789631466296732
Hivep2,10.0,13870089.0,rs3712394,10,17663357,17663357,18617183,1.3336434142232972e-08,0.00013979857272765716
Zc3h8,2.0,128752183.0,rs6411422,2,128199226,128199226,129125488,1.359403277990046e-08,0.00014213661510337918
4933431I19Rik,16.0,58929035.0,rs3720634,4,155281703,155281703,155281703,1.3708778176885661e-08,0.00014319077803496118
Tdg,10.0,82112808.0,rs13459122,10,80258109,80258109,84148125,1.3890083558777885e-08,0.00014479040701877315
Mett11d1,14.0,52511385.0,rs13481620,12,104269892,104269892,105392393,1.4525102882391187e-08,0.00015041875471481385
Ocln,13.0,101268588.0,rs13481968,13,99628244,99628244,100636777,1.4815629628544595e-08,0.00015296525479866656
Perld1,11.0,98250132.0,rs13480398,9,105676712,105676712,105823505,1.4959464108718688e-08,0.0001539094399553273
Cdc42,4.0,136875872.0,rs13478001,4,135998441,135998441,136108441,1.517937739996849e-08,0.00015586012686395992
Adal,2.0,120981931.0,UT_2_119.151187,2,118706767,118706767,122144319,1.5234372431071894e-08,0.0001562687748879388
Ncor2,5.0,125497631.0,rs13478499,5,123738719,123738719,125382920,1.5325590647227933e-08,0.00015689145849511854
Rnase4,14.0,51725036.0,mCV23384307,14,49708958,49708958,49708958,1.5984959420531735e-08,0.00016291174368892038
B3galnt1,3.0,69379417.0,rs3674751,3,65474784,65474784,67016944,1.609982533777481e-08,0.00016390424929601822
Ccdc123,7.0,36223561.0,rs13479188,7,36124857,36124857,37123347,1.642760225483925e-08,0.0001666795987664159
Cd300lg,11.0,101916549.0,rs13481194,11,101460336,101460336,102655780,1.6478731995353037e-08,0.00016682333892551824
Prcc,3.0,87662970.0,rs3698196,3,85931836,85931836,89036582,1.6773016748722114e-08,0.00016921137911635065
Arsk,13.0,76198868.0,rs3664096,13,75901604,75901604,81063898,1.6869093404114602e-08,0.00016998506046835625
Pold3,7.0,107232009.0,rs4226829,7,107628914,107628914,107944155,1.7048648618291415e-08,0.00017141939589483747
Atp10d,5.0,72688942.0,CEL-5_70954573,5,72711078,72711078,74027160,1.705310922672438e-08,0.00017141939589483747
Sipa1l1,12.0,83551071.0,rs6170344,12,82689782,82689782,83911344,1.7977842564175668e-08,0.0001799234469051077
1700037H04Rik,2.0,130972136.0,rs8264884,2,130881868,130881868,131819271,1.8034369335367826e-08,0.00018040138403807452
Crabp1,9.0,54620842.0,rs13481620,12,104269892,104269892,105392393,1.9207128342203622e-08,0.00019064907528900247
Sntb2,8.0,109536460.0,rs13479957,8,105277640,105277640,106092509,2.022205480213761e-08,0.00019928052093262237
As3mt,19.0,46815312.0,rs13483647,19,46657000,46657000,47938807,2.121526103462295e-08,0.00020767505932587938
Noc2l,,,rs3693087,4,155495857,155495857,155557886,2.1349755983333784e-08,0.00020859448948334677
Hfe,13.0,23795981.0,rs13459139,13,12155224,12155224,12155224,2.1569394821202425e-08,0.00021014145875587916
Dicer1,12.0,105932735.0,rs13481620,12,104269892,104269892,105392393,2.177215159899613e-08,0.00021171566539783786
Pigx,16.0,32092474.0,rs4169271,16,31615882,31615882,32471947,2.187562267808261e-08,0.0002125208683191933
Ccr6,17.0,8449719.0,rs8251849,7,31505578,31505578,35185656,2.1915674100000516e-08,0.00021280944234398786
Comt1,16.0,18407704.0,rs4165279,16,21323714,21323714,21339076,2.2049169371296722e-08,0.00021397100346515468
Cyld,8.0,91260596.0,rs13479891,8,90839695,90839695,90852752,2.211197263965178e-08,0.00021441187549047224
Plekhj1,10.0,80258900.0,rs13481620,12,104269892,104269892,105392393,2.2232198499798647e-08,0.00021522759213991514
Nnmt,9.0,48400174.0,gnf09.042.496,9,48017410,48017410,50652205,2.365873496739155e-08,0.0002272672556886739
Zfp74,7.0,30715950.0,rs4226520,7,30566471,30566471,31205553,2.3928981347726536e-08,0.00022932769684043877
Art4,6.0,136797051.0,rs13479065,6,136698275,136698275,137509362,2.5762639051305856e-08,0.0002446206495029703
Klhl25,7.0,83012249.0,gnf07.077.456,7,90186487,90186487,90865515,2.5774485830721206e-08,0.0002446206495029703
Gemin5,11.0,57934896.0,rs6371333,11,57945936,57945936,57945936,2.7365698405791794e-08,0.00025763949691366163
Sebox,11.0,78317637.0,rs4165279,16,21323714,21323714,21339076,2.7667110573777704e-08,0.0002598254611795038
Gm568,4.0,47021454.0,NES13033186,1,173149434,173149434,174164127,2.7699081769876804e-08,0.00026000698222248636
Copb1,7.0,121359992.0,rs3657482,7,121209198,121209198,121509575,2.8143291338483166e-08,0.0002633353814132607
Rtn4rl1,11.0,75080167.0,rs13481099,11,73923769,73923769,75078947,2.8274254714158658e-08,0.0002642001984081586
Pafah2,4.0,133983185.0,rs6404906,4,133563658,133563658,135525152,2.8414361900044684e-08,0.00026538881104592885
Phactr2,10.0,12933734.0,rs4228121,10,13407602,13407602,14123191,2.944069725664388e-08,0.0002741033802908353
Atoh1,6.0,64680257.0,rs13482947,17,31769796,31769796,32078991,2.9683811849685817e-08,0.0002759920443309565
Pycr2,1.0,182838017.0,rs13476267,1,182213911,182213911,183347400,2.9740308529261892e-08,0.0002763923838096798
Dhrs11,11.0,84634643.0,rs13481128,11,83521936,83521936,88249193,3.067334112136733e-08,0.00028390892530147057
6530404N21Rik,19.0,33242836.0,rs3672117,19,32961544,32961544,32961544,3.196409974238624e-08,0.0002937408930238904
1700020I14Rik,2.0,119426194.0,UT_2_119.151187,2,118706767,118706767,122144319,3.2765096395963226e-08,0.00029989580682688037
V1rh18,13.0,22975083.0,rs13483639,19,44265920,44265920,46310146,3.29667153668824e-08,0.000301338884457809
Neu3,7.0,106960989.0,rs3023151,7,103823533,103823533,107011787,3.33829760159012e-08,0.0003047374818997715
5730455O13Rik,19.0,38263089.0,rs6185741,19,38910192,38910192,39682640,3.4016696250909054e-08,0.0003092869154420568
Csnk1g1,9.0,65887790.0,rs8251849,7,31505578,31505578,35185656,3.4041714069434874e-08,0.00030937761096819076
Tmem2,19.0,21930157.0,rs6372656,19,21917692,21917692,21917692,3.549813284966619e-08,0.00032063025147513794
2700038C09Rik,2.0,180923101.0,rs13481620,12,104269892,104269892,105392393,3.56419360810985e-08,0.00032164660940806956
Iqcc,4.0,129293502.0,rs3023009,4,129249415,129249415,129630775,3.6687230635759064e-08,0.00033006823646089165
Ccl9,11.0,83388282.0,rs13481123,11,82070986,82070986,82421437,3.884286649855642e-08,0.0003471815752904307
C920006O11Rik,9.0,78026086.0,rs3674482,9,77217284,77217284,79902982,3.9526739783253365e-08,0.00035222258982289584
Ick,9.0,78014734.0,rs8273308,12,105632191,105632191,106091063,3.97406617468445e-08,0.0003537634205046173
Ccrk,13.0,64540714.0,D13Mit224,13,64187020,64187020,64187020,4.027870443837166e-08,0.0003573848709493999
EG210853,17.0,22281662.0,CEL-17_20354682,17,21827381,21827381,23003494,4.027982541094267e-08,0.0003573848709493999
2210010B09Rik,9.0,20398917.0,rs3693087,4,155495857,155495857,155557886,4.09988562279485e-08,0.00036298154693242894
Rundc1,11.0,101295785.0,rs3686214,4,139112380,139112380,140081803,4.156997088903421e-08,0.00036724742576335075
Mxd4,5.0,34520366.0,rs13478175,5,33930827,33930827,35849413,4.2144254615554266e-08,0.00037200131229974347
2900083I11Rik,5.0,136330257.0,rs8256197,1,130485641,130485641,135695643,4.408244377852757e-08,0.0003865716078570517
N6amt2,14.0,58168597.0,CEL-14_49073718,14,57704960,57704960,59236690,4.4123737194170455e-08,0.00038665284982175997
Olfr1036,2.0,85915509.0,CEL-2_79237503,2,79183601,79183601,79609075,4.560186784070147e-08,0.00039740437554644514
Dullard,11.0,69803781.0,rs6217738,11,72486318,72486318,72978471,4.6558820516249246e-08,0.0004047149480881741
Bin1,18.0,32592038.0,rs13481620,12,104269892,104269892,105392393,4.7835710473293357e-08,0.00041406431935971983
Rabl2a,15.0,89413370.0,rs4230970,15,89413298,89413298,89873514,4.7880574675471665e-08,0.000414278302847008
Slc25a40,5.0,8454558.0,gnf05.013.094,5,18648050,18648050,18734742,4.919209111601797e-08,0.0004240205070111482
BC057022,5.0,115060864.0,rs13477735,4,61518987,61518987,65047572,5.022636770596798e-08,0.0004309488772862344
Hmgn2,4.0,133520964.0,rs6404906,4,133563658,133563658,135525152,5.2625479582095666e-08,0.00044724213966409023
Cyp39a1,17.0,43887005.0,rs13482997,17,43961585,43961585,43961585,5.692104885727098e-08,0.0004778712047680284
Rpa3,6.0,8206706.0,rs6180149,6,4107749,4107749,9131726,5.757170291545164e-08,0.00048289268394443745
Efha1,14.0,58535147.0,rs3692863,14,59434131,59434131,61810350,5.882701608233704e-08,0.0004909552581990066
OTTMUSG00000023003,7.0,105830967.0,rs3023151,7,103823533,103823533,107011787,5.903717280556316e-08,0.0004921737172143984
Haao,17.0,84230608.0,rs13483136,17,84146862,84146862,85144748,5.982332796285962e-08,0.0004971155882603658
Defb2,8.0,22953854.0,rs3657415,9,105983686,105983686,106321565,6.319996254466472e-08,0.0005216582984581897
Acrbp,6.0,125013191.0,gnf06.122.747,6,124006512,124006512,125515888,6.452711135879014e-08,0.0005306284703511124
4930488E11Rik,20.0,133489885.0,rs13484030,20,135887117,135887117,135887117,6.529810276649804e-08,0.0005363252629796705
Rap1gap,4.0,137285605.0,rs13478002,4,136230564,136230564,137764129,6.63328934096216e-08,0.0005434750339865394
Olfr1302,2.0,111620530.0,rs3664871,4,132410010,132410010,133435414,6.666128605579038e-08,0.0005457780543731844
Sh3bp5l,11.0,58160839.0,rs13481045,11,58057820,58057820,58381052,6.783779120964539e-08,0.000553647284294879
Tm4sf5,11.0,70324505.0,rs13481087,11,69415411,69415411,70265537,6.826105912682915e-08,0.0005566599241211279
Pou2f1,1.0,167805678.0,rs4222763,1,165315111,165315111,168178248,6.90280369075755e-08,0.0005611319372347724
Coq7,7.0,125671920.0,gnf07.114.758,7,124952038,124952038,125869548,6.905499797760263e-08,0.0005611319372347724
Bst2,8.0,74058662.0,rs13460430,8,72331481,72331481,74265398,6.944835525519062e-08,0.0005638827263636923
Rbm34,8.0,129477103.0,rs6400423,8,129106325,129106325,129935306,7.142571118643336e-08,0.0005776572508437055
Fam114a1,5.0,65432023.0,rs6265085,5,65141992,65141992,66546701,7.222830891499648e-08,0.0005834599673527344
Serpina3a,12.0,105359777.0,rs13481620,12,104269892,104269892,105392393,7.353381225141457e-08,0.0005933067131315265
Rfk,19.0,17475457.0,rs3686467,19,16955951,16955951,18018146,7.366679142904972e-08,0.0005934483894510345
5730507C01Rik,12.0,18541434.0,rs6180964,12,16835276,16835276,25779736,7.561357441634109e-08,0.0006054015977999361
Wwp1,4.0,19536540.0,rs13477579,4,16419442,16419442,18913829,7.840046637023499e-08,0.00062255954765998
Samd4,14.0,47721800.0,rs3670380,14,47679977,47679977,48938492,7.856839223382977e-08,0.0006231711872901126
Antxr2,5.0,98313877.0,rs6297441,5,100230581,100230581,100477633,7.971349849557927e-08,0.0006310368763466956
Lyplal1,1.0,187911921.0,rs13476291,1,189435368,189435368,189435368,8.161650014458406e-08,0.0006434293756803957
9130023H24Rik,7.0,135378989.0,rs13481620,12,104269892,104269892,105392393,8.185964723114499e-08,0.000645047026042981
E2f2,4.0,135750358.0,rs6404906,4,133563658,133563658,135525152,8.278039154139939e-08,0.0006505576219817881
Zfp715,7.0,50551722.0,rs13479226,7,52843651,52843651,52843651,8.64350522180177e-08,0.0006759213524490046
Atp9a,2.0,168466181.0,CEL-2_168586738,2,168349120,168349120,169667480,8.647394909796513e-08,0.0006759685034653669
Ars2,5.0,137738593.0,rs8265855,5,138337848,138337848,139187687,8.702690413110912e-08,0.000679258263713121
Pnpla8,12.0,45412570.0,gnf12.035.312,12,37595107,37595107,41395032,8.780511044228531e-08,0.0006845529055742096
Cdk5rap1,2.0,154161338.0,rs6206791,2,149491612,149491612,154520256,8.85511018220394e-08,0.0006890628278690177
2310028H24Rik,4.0,41466232.0,rs6232550,4,40972607,40972607,44245672,8.895201453638762e-08,0.0006916591517080285
Napa,7.0,16703264.0,rs13479126,7,12778970,12778970,12916540,8.93998221321054e-08,0.000694442084131708
Zfp71-rs1,13.0,67806528.0,D13Mit224,13,64187020,64187020,64187020,9.023993395207794e-08,0.0006992941032781934
Mtmr7,8.0,41636839.0,rs3664354,8,41091727,41091727,42338973,9.173551739407815e-08,0.0007090137475085109
Adamts7,9.0,90094876.0,rs3673457,9,81753447,81753447,83587154,9.369289427170279e-08,0.0007218545042093207
Whrn,4.0,63086792.0,rs13477735,4,61518987,61518987,65047572,9.445965307461604e-08,0.000725975982194461
5430417L22Rik,2.0,118574195.0,rs13476709,2,114022898,114022898,118639998,9.592437201284781e-08,0.000736132829544358
Ppil3,1.0,58487908.0,rs13475879,1,57882215,57882215,57882215,9.757008972612664e-08,0.0007465337660897665
Ren1,1.0,135256659.0,D1Mit218,1,129336687,129336687,129336687,9.789643066030411e-08,0.000748752130606287
Dad1,14.0,54855372.0,mCV23384307,14,49708958,49708958,49708958,1.0155904428311158e-07,0.0007724563255528936
Ndufa9,6.0,126772055.0,CEL-6_127435117,6,126754348,126754348,127119001,1.0865202964551564e-07,0.000820337861200727
5830433M19Rik,4.0,94167522.0,rs3663299,4,94099079,94099079,94099079,1.1167695619639213e-07,0.0008385588604376509
Nt5dc3,10.0,86301071.0,CEL-10_86482491,10,86197004,86197004,86348598,1.1295022424555086e-07,0.0008468827867711954
Arsb,13.0,94712620.0,rs6328703,13,91841957,91841957,94569175,1.134807549951463e-07,0.0008490670000170228
Krt84,15.0,101355758.0,rs13482947,17,31769796,31769796,32078991,1.1750497573848973e-07,0.000873707567392907
Poll,19.0,45627233.0,CEL-1_182091301,1,183936097,183936097,184421782,1.2196713018205593e-07,0.0009032936169817348
Abhd2,7.0,86505219.0,rs13479339,7,81491657,81491657,88534759,1.255061774977313e-07,0.0009251529012629759
Tomm40l,1.0,173148007.0,NES13033186,1,173149434,173149434,174164127,1.311513965364617e-07,0.0009605894927082168
Fads2,19.0,10139180.0,rs3701169,6,89298447,89298447,89615026,1.3197476154549877e-07,0.0009655884366354106
Avpi1,19.0,42197936.0,rs3677115,19,40657509,40657509,42487227,1.343717797893877e-07,0.0009820780226245506
Sec22c,9.0,121593518.0,rs8254361,9,119247088,119247088,120169737,1.3510424554750606e-07,0.0009870805929235137
Iqwd1,1.0,167266882.0,rs4222763,1,165315111,165315111,168178248,1.412479393086631e-07,0.0010261344471504579
Nol12,15.0,78771130.0,rs13482661,15,78589640,78589640,78589640,1.4168612125796376e-07,0.0010289542806084916
Rpap3,15.0,97505687.0,rs13482731,15,97591074,97591074,97961248,1.4282009573849087e-07,0.0010354186443226007
Tm6sf2,8.0,72601399.0,rs13460430,8,72331481,72331481,74265398,1.43475032314703e-07,0.001039376646593106
Taf5,19.0,47157226.0,rs13483647,19,46657000,46657000,47938807,1.4352601577418736e-07,0.0010393798784940277
Hmgcs1,,,rs13482038,13,120059029,120059029,120203851,1.4438036102801814e-07,0.001045198807592585
Car3,3.0,14871781.0,rs13477011,3,21265674,21265674,22507002,1.4973695102688733e-07,0.0010790387291659802
Olfr1271,2.0,90106051.0,rs4230010,13,96470955,96470955,97155589,1.5006898976175402e-07,0.0010807099649096756
Irf9,14.0,56228256.0,CEL-14_49073718,14,57704960,57704960,59236690,1.5097117339731105e-07,0.0010860301722476914
Mina,16.0,59491895.0,rs4189478,16,57552272,57552272,59697756,1.513380812659577e-07,0.0010879085289718898
Hiatl1,13.0,65166922.0,D13Mit224,13,64187020,64187020,64187020,1.518421826899103e-07,0.0010907698016556435
Lefty1,1.0,182868137.0,rs13476267,1,182213911,182213911,183347400,1.5460803975139275e-07,0.0011075437667593451
Zscan21,5.0,138575113.0,rs8265855,5,138337848,138337848,139187687,1.5501353748537897e-07,0.0011096755498557025
Ptplad2,4.0,88068895.0,CEL-4_86326428,4,87697882,87697882,88039471,1.5648538315992173e-07,0.0011185852181760277
5930434B04Rik,2.0,26867701.0,rs13481636,12,108786162,108786162,108786162,1.579253969583667e-07,0.0011269898809159662
F12,13.0,55519515.0,D13Mit224,13,64187020,64187020,64187020,1.5818093705431966e-07,0.0011284219291917512
Ndufb10,17.0,24859078.0,rs3023864,17,24331045,24331045,26350810,1.606088094773993e-07,0.0011425712372864969
Fdx1,9.0,51751570.0,mCV23098764,9,51521230,51521230,51995283,1.677850425892396e-07,0.001182578477676448
Ptar1,19.0,23794956.0,rs6374387,2,125304785,125304785,125564678,1.6922611701345365e-07,0.0011923268125961647
Tmco4,4.0,138615024.0,rs6234904,4,138152372,138152372,138711175,1.7564870634775677e-07,0.001229575440453209
Pkmyt1,17.0,23873646.0,CEL-17_20354682,17,21827381,21827381,23003494,1.7659533435405685e-07,0.001234101781119081
Stk22s1,7.0,52213345.0,gnf17.082.284,17,81351601,81351601,81351601,1.7698118810205583e-07,0.0012363781360911735
Ppm1m,9.0,106097441.0,rs3657415,9,105983686,105983686,106321565,1.805635075585533e-07,0.0012567083863259116
Mis12,11.0,70839819.0,rs6217738,11,72486318,72486318,72978471,1.8511557550456376e-07,0.0012823151692535953
Mudeng,14.0,49706857.0,rs6278789,14,50409368,50409368,54864244,1.860608142160264e-07,0.0012871288470422476
Glrx,13.0,75986983.0,rs3664096,13,75901604,75901604,81063898,1.8715342815551625e-07,0.0012925135631210185
Scpep1,11.0,88785405.0,rs3659504,11,88522934,88522934,89402038,1.8741982274088853e-07,0.0012934846361499447
Med31,11.0,72025374.0,rs13481099,11,73923769,73923769,75078947,1.9029469377219644e-07,0.0013080583128867976
Acat3,17.0,13116830.0,rs3662820,17,12508088,12508088,21646617,1.9475776288976508e-07,0.0013356120462887952
Rassf3,10.0,120849692.0,rs13481620,12,104269892,104269892,105392393,1.9489726543932829e-07,0.0013361232055824613
Parp4,14.0,57256794.0,rs4230383,14,54987778,54987778,57409827,1.9953415202129302e-07,0.0013624616539427716
Cep135,5.0,77069985.0,CEL-5_76676351,5,78347363,78347363,80716993,2.005016891317482e-07,0.0013677059463211155
Snx5,2.0,144078216.0,rs6331493,2,142529801,142529801,144810573,2.028110601104289e-07,0.0013797979769145767
Pcyox1,6.0,86337070.0,rs13478871,6,85767550,85767550,86363606,2.0630486599807137e-07,0.0013994013562084488
Manba,3.0,135233650.0,rs13477425,3,134595339,134595339,136479848,2.1122418040297143e-07,0.0014301665237034709
Gatc,5.0,115783160.0,rs3719767,5,115597884,115597884,116556465,2.1417558619483688e-07,0.0014470626429028417
Esr2,12.0,77222776.0,rs13482947,17,31769796,31769796,32078991,2.1532947882829104e-07,0.0014526369872579785
Angptl7,4.0,147869539.0,rs4224919,4,144563168,144563168,148197078,2.1639375873916507e-07,0.0014582172023029033
Mrps7,11.0,115468668.0,rs13481243,11,114532622,114532622,116490388,2.2583482441018773e-07,0.0015129150832291875
Rrs1,1.0,9537122.0,rs6360236,1,11073905,11073905,12711281,2.3584857586057928e-07,0.00157129831414867
Actr6,10.0,89175055.0,CEL-10_87391383,10,87106144,87106144,88138481,2.392400269579726e-07,0.0015918306166008477
Efemp1,11.0,28826538.0,rs3023251,11,20853304,20853304,22714067,2.413921737414516e-07,0.0016028171845317355
V1rb3,6.0,90173609.0,rs3661039,6,90308024,90308024,91386029,2.450040716226136e-07,0.0016197027014914812
EG214403,1.0,141594792.0,rs13476138,1,141417668,141417668,144862429,2.549108495858874e-07,0.0016712284399565097
Olfr1322,20.0,47238898.0,rs13475970,1,90246345,90246345,91918244,2.5868735053036784e-07,0.0016900614083890726
Acaa1a,9.0,119259357.0,rs8254361,9,119247088,119247088,120169737,2.595448408449483e-07,0.001694005068297702
Klhl7,5.0,23665910.0,rs3706626,5,24621790,24621790,25303743,2.606370087403888e-07,0.0016986833857544363
Klk1b11,7.0,51255179.0,rs13479226,7,52843651,52843651,52843651,2.6769029331093583e-07,0.0017405858455681147
Hexim2,11.0,103000397.0,rs3709793,11,102771749,102771749,102771749,2.716280540469739e-07,0.001763402553319839
Dfna5,6.0,50157495.0,rs6155681,6,49605503,49605503,50470104,2.719928773106783e-07,0.001765213775532224
Galk2,2.0,125809349.0,CEL-10_87391383,10,87106144,87106144,88138481,2.729056712148633e-07,0.0017694626421113399
Fmnl2,2.0,52992628.0,rs13476503,2,53042643,53042643,54904605,2.808654659185133e-07,0.0018142089294767522
Klf11,12.0,25347324.0,rs6180964,12,16835276,16835276,25779736,2.8283045185439366e-07,0.0018240370856093383
Tex19.2,11.0,120977853.0,rs6232550,4,40972607,40972607,44245672,2.917480372330338e-07,0.0018739095791230655
Olfr401,11.0,73935388.0,rs8273308,12,105632191,105632191,106091063,2.946302657508544e-07,0.0018888828076980705
Tspo,15.0,83404290.0,rs13482677,15,82944825,82944825,83609704,2.9604816458649e-07,0.0018961997423471567
Csrp2,10.0,110376366.0,mCV24654052,10,109905593,109905593,110380616,3.044876061501071e-07,0.0019411865460111132
Arhgef19,4.0,140813122.0,rs13478021,4,140166294,140166294,142466392,3.158590472162427e-07,0.0020031265543384185
Suds3,5.0,117542066.0,mCV23798232,5,117112003,117112003,118108877,3.17157058354758e-07,0.0020088805240981284
Thnsl1,2.0,21135263.0,CEL-2_18096278,2,17962148,17962148,22676436,3.17356819851047e-07,0.0020095269310165293
Sltm,9.0,70409780.0,rs13480279,9,74382953,74382953,76983762,3.191552596106726e-07,0.002020292773695872
Rusc2,4.0,43439763.0,rs6232550,4,40972607,40972607,44245672,3.2212047256528697e-07,0.0020378099164146913
Gucy1b2,14.0,63011586.0,rs13481620,12,104269892,104269892,105392393,3.248414114456269e-07,0.0020516579564354405
Krt86,15.0,101310123.0,rs13476221,1,168913138,168913138,169907834,3.2543511296701817e-07,0.002054354299981546
Pcm1,8.0,42417504.0,rs3654540,8,37656756,37656756,40927343,3.256172146879275e-07,0.0020548731262365117
Slc15a2,16.0,36750662.0,rs3663871,16,41688007,41688007,43943628,3.3623078098987183e-07,0.002112130802381898
2010107E04Rik,12.0,113199728.0,D12Mit280,12,112417841,112417841,113741491,3.402584849114223e-07,0.002134823773591856
Arpc5,1.0,154622330.0,rs3711440,1,149096504,149096504,154628105,3.45490561244019e-07,0.0021630314248396753
Tada1l,1.0,168323652.0,UT_1_169.988189,1,168323143,168323143,168762930,3.52387218829104e-07,0.002198179821008376
Capns1,7.0,30977522.0,rs8261944,7,31220797,31220797,31291333,3.5403143818608126e-07,0.0022070975549787148
Jarid1b,1.0,136509933.0,rs8256197,1,130485641,130485641,135695643,3.6921360160086664e-07,0.0022899457077115645
Hmcn2,2.0,31316172.0,rs13476358,2,16227339,16227339,17833383,3.8075375765444263e-07,0.002353803333802195
Cml5,6.0,85767406.0,rs4226061,6,86579760,86579760,86953033,3.8076845221058916e-07,0.002353803333802195
Ifi204,1.0,175679337.0,rs8242766,1,172981863,172981863,172981863,3.8978411514286877e-07,0.0024008760160115833
Stard4,18.0,33368708.0,CEL-18_32012884,18,31715893,31715893,34134969,3.9520227663851815e-07,0.002426980607065209
Pcbp2,15.0,102321066.0,rs3686133,15,102190853,102190853,102818436,3.961065151866829e-07,0.0024310818098443997
Sucla2,14.0,73995798.0,gnf14.069.419,14,75319187,75319187,78358585,4.110147498237308e-07,0.0025053842621178117
Chchd5,2.0,128959621.0,rs6411422,2,128199226,128199226,129125488,4.1285948160738666e-07,0.0025151381275646924
Slc30a4,2.0,122507334.0,rs6374387,2,125304785,125304785,125564678,4.2413365315436576e-07,0.0025731496861034087
Es1,8.0,95628058.0,rs13479891,8,90839695,90839695,90852752,4.2445691900210675e-07,0.0025735925435847857
Tmem143,7.0,53172118.0,rs13479226,7,52843651,52843651,52843651,4.3471601445966764e-07,0.0026207887365937324
Bbs10,10.0,110738470.0,rs4228452,10,110731307,110731307,111836441,4.363363180865697e-07,0.002627802191456494
Snora34,15.0,98350208.0,rs13477532,4,3630816,3630816,5363014,4.371844300988989e-07,0.002631368816163337
Rg9mtd2,3.0,137821149.0,rs13477425,3,134595339,134595339,136479848,4.465909033101966e-07,0.0026770172545697215
Idh1,1.0,65206094.0,rs13471817,1,63198205,63198205,65092381,4.476775915075942e-07,0.002681967858116948
Pnpla2,7.0,148645930.0,rs3668922,13,112561279,112561279,112643344,4.5307308198101257e-07,0.0027111325071835345
Sh3d19,3.0,85931943.0,rs3672300,3,77716617,77716617,85493836,4.545560358267962e-07,0.0027176342185019076
Smarce1,11.0,99076559.0,rs3661058,11,98780755,98780755,99441450,4.6294159078491683e-07,0.002758147124386003
Gng10,4.0,59054163.0,rs6398138,4,50881072,50881072,51294470,4.661501443641605e-07,0.002774048853479926
Dars,1.0,130264957.0,D1Mit218,1,129336687,129336687,129336687,4.6770666507132644e-07,0.002782506549205278
Dap3,3.0,88727618.0,rs3698196,3,85931836,85931836,89036582,4.691174523222649e-07,0.0027900925983891526
Tbc1d15,10.0,114636090.0,rs4228477,10,114515890,114515890,115238616,4.715584373373293e-07,0.002801369991767146
Bcar3,3.0,122232748.0,rs13477369,3,119424850,119424850,123077046,4.7455908492394443e-07,0.0028159422853831053
Arap1,7.0,108560937.0,rs13481620,12,104269892,104269892,105392393,4.755751424913822e-07,0.0028211574235174454
Fam54b,4.0,134081674.0,rs6404906,4,133563658,133563658,135525152,4.852913520729284e-07,0.002872167470458127
Eri1,8.0,36530368.0,mCV24506226,8,31744603,31744603,36878789,4.933081295540909e-07,0.002912072224799135
Dhps,8.0,87598916.0,rs13479825,8,85707108,85707108,88377306,5.02987075368665e-07,0.002958170550636103
Slc1a2,2.0,102618145.0,D2Mit12,2,102941479,102941479,103124491,5.032941378020359e-07,0.0029590169730082548
Arhgef16,4.0,153652645.0,rs13478089,4,153804167,153804167,154079631,5.052759189443787e-07,0.0029673889472345296
Mnd1,3.0,83892029.0,rs3698196,3,85931836,85931836,89036582,5.072672534884545e-07,0.0029769668485889232
Serpina3k,12.0,105582408.0,rs8273308,12,105632191,105632191,106091063,5.097509668862959e-07,0.002986846869313805
Sardh,2.0,27045056.0,rs13476413,2,31678178,31678178,32089220,5.131495582971893e-07,0.003000776202227789
9030420J04Rik,9.0,8994993.0,rs8256197,1,130485641,130485641,135695643,5.201038031045574e-07,0.0030319600097910198
Gtf2h4,17.0,35805393.0,rs13482947,17,31769796,31769796,32078991,5.256381144604316e-07,0.003055561547536823
Trim11,11.0,58804705.0,rs6313602,11,58819966,58819966,58819966,5.287866030466208e-07,0.0030703925432317225
Lrrk1,7.0,73427209.0,rs13479305,7,73316124,73316124,73426174,5.328875741040154e-07,0.003088433329791585
Uck2,1.0,169156298.0,rs13476221,1,168913138,168913138,169907834,5.329447815954174e-07,0.003088433329791585
Tpo,12.0,30739688.0,rs13481371,12,30883464,30883464,31448028,5.384338087761349e-07,0.0031152809379376015
Ces1,8.0,95840910.0,rs13479914,8,93349658,93349658,95657347,5.414496876462821e-07,0.003131542939427224
Kri1,9.0,21078265.0,rs13476267,1,182213911,182213911,183347400,5.430263352693538e-07,0.0031371328475688146
Neurog1,13.0,56352700.0,rs8251849,7,31505578,31505578,35185656,5.531499453169677e-07,0.0031866669307863324
Prkcb,7.0,129771647.0,UT_2_119.151187,2,118706767,118706767,122144319,5.554777251289705e-07,0.0031981058953650995
Tmc7,7.0,125680153.0,gnf07.114.758,7,124952038,124952038,125869548,5.560409248049583e-07,0.0031997365683134825
Olfr126,17.0,37987671.0,D12Mit280,12,112417841,112417841,113741491,5.606116556144433e-07,0.003220632062092718
1700003G18Rik,7.0,123225606.0,rs3677986,11,67961048,67961048,68740438,5.677047066795046e-07,0.0032559237487971124
Rfx7,9.0,72469502.0,rs6167970,9,73368886,73368886,73954058,5.95677612962693e-07,0.0033898864123335427
8030462N17Rik,18.0,77912342.0,D18Mit80,18,77065228,77065228,77065228,5.967083656325826e-07,0.003394812876438911
Upf1,8.0,72855691.0,rs13460430,8,72331481,72331481,74265398,5.981796462785308e-07,0.003400361457993413
Ccs,19.0,4834201.0,rs13483499,19,3413095,3413095,4740220,6.200268703102292e-07,0.003507104062239918
Mrps27,13.0,100185059.0,rs13481968,13,99628244,99628244,100636777,6.231901743124708e-07,0.0035240276892056235
Gcgr,11.0,120400242.0,rs3701169,6,89298447,89298447,89615026,6.317512944331593e-07,0.0035675347726000116
Dynlt3,20.0,9234222.0,rs13483712,20,9129479,9129479,10022275,6.422766762576768e-07,0.0036180314208593763
Tctex1d2,16.0,32426977.0,rs4169271,16,31615882,31615882,32471947,6.453768548238025e-07,0.003633504730016851
Tff3,17.0,31262338.0,rs13482934,17,27985170,27985170,31326531,6.49787518874611e-07,0.0036553350767433374
Plscr1,9.0,92166424.0,D9Mit11,9,86133452,86133452,94380583,6.61372743909795e-07,0.0037093464585007036
Rfc5,5.0,117829302.0,mCV23798232,5,117112003,117112003,118108877,6.672464662792303e-07,0.0037371938525897854
Gins3,8.0,98168645.0,rs4204016,16,74160023,74160023,74870025,6.674327893752198e-07,0.00373721967193309
Fga,3.0,82835678.0,rs3672300,3,77716617,77716617,85493836,6.780577404556779e-07,0.003785476722654039
Rps19bp1,15.0,80091207.0,rs4230879,15,79746550,79746550,81745213,6.823226610574266e-07,0.0038009321634567893
Olfr1403,1.0,175200734.0,rs8273308,12,105632191,105632191,106091063,6.881454612341844e-07,0.003829219863547989
Smo,6.0,29711279.0,rs13478683,6,29127420,29127420,30223155,6.935750569472319e-07,0.003853177961638204
Gjc2,11.0,58990968.0,rs8273308,12,105632191,105632191,106091063,6.948774770243546e-07,0.0038562469338335455
Rhobtb1,10.0,68752587.0,rs13480634,10,67849994,67849994,69476909,7.07368113673713e-07,0.003917164090559717
Gpsn2,8.0,86096454.0,rs13479825,8,85707108,85707108,88377306,7.089895925422621e-07,0.0039239744475831695
Sec16b,1.0,159498008.0,rs6194543,1,157588922,157588922,159872935,7.177805031168545e-07,0.003966224606784398
Kif5c,2.0,49614373.0,CEL-4_130248229,4,131555157,131555157,131555157,7.244817496854673e-07,0.003997882932653848
Nos3,5.0,23889636.0,rs13478144,5,23827219,23827219,24391317,7.280681956862668e-07,0.004012291159655058
Mmrn2,14.0,35216855.0,rs13482122,14,31832137,31832137,31996604,7.38845620657257e-07,0.004062974692074938
Atg10,13.0,91075089.0,rs6322774,13,90560308,90560308,91275495,7.582418012853939e-07,0.004154085879263387
Tmem18,12.0,31275705.0,rs13481371,12,30883464,30883464,31448028,7.68197949361365e-07,0.004195220997552473
Clpb,7.0,108936211.0,D7Mit323,7,108024450,108024450,108024450,7.691043712564678e-07,0.004199056085076382
Aof1,13.0,47179258.0,rs6411274,13,47225289,47225289,47771259,7.76266048190967e-07,0.0042298085971603835
Slc35b2,17.0,45704458.0,rs6159179,7,143800091,143800091,144635621,7.78088817876892e-07,0.004237982941129257
Ccdc50,16.0,27446373.0,rs4165503,16,27062966,27062966,27436402,7.944277530313579e-07,0.004315546633295406
2810482I07Rik,20.0,103164057.0,CEL-X_93828383,20,99620143,99620143,101637649,7.974688724070531e-07,0.004327731587676972
Fcna,2.0,25480808.0,CEL-2_24053663,2,23949161,23949161,25395302,8.029012761126128e-07,0.004350087175597553
Prodh2,7.0,31296186.0,rs8251849,7,31505578,31505578,35185656,8.037626434242533e-07,0.004353555761169808
Ints10,8.0,71352201.0,rs13479813,8,70431892,70431892,71875522,8.195680376174958e-07,0.004428720218707074
Itgb1bp1,12.0,21277991.0,gnf12.013.284,12,15962185,15962185,16592330,8.317918401459456e-07,0.004485346336741814
Gt(ROSA)26Sor,6.0,113021113.0,rs13478891,6,91961100,91961100,92514678,8.589685599436534e-07,0.004602929397774951
H2-Bl,17.0,36217992.0,rs3672987,17,33247165,33247165,35667114,8.830084749584997e-07,0.004709106272097902
Lta4h,10.0,92937304.0,rs6191721,10,91382291,91382291,93979400,8.902749841321912e-07,0.004741043245035859
Olfm2,9.0,20472697.0,rs6239372,7,35483870,35483870,35699898,9.052581899049976e-07,0.004812112242843566
Olfr324,11.0,58411666.0,rs13481620,12,104269892,104269892,105392393,9.166347705077876e-07,0.004866298293372676
Dci,17.0,24574515.0,CEL-17_21879142,17,23322637,23322637,24119004,9.179072889555246e-07,0.0048717963708813025
Ndufc2,7.0,104555383.0,rs3023151,7,103823533,103823533,107011787,9.465290521206756e-07,0.005008197230042935
Nt5c2,19.0,46964606.0,rs3660360,19,48448365,48448365,48448365,9.647637029012897e-07,0.005087663328852436
1700037C18Rik,16.0,3905910.0,mCV24836796,18,85689515,85689515,85689515,9.651497853787084e-07,0.005088394611003507
Phf15,11.0,51627243.0,rs13481021,11,50920755,50920755,53868159,9.72073388930939e-07,0.005118336457526652
9530068E07Rik,11.0,52221700.0,rs13481021,11,50920755,50920755,53868159,9.815526288112638e-07,0.00515784605297374
Ptcd2,13.0,100089991.0,rs13481977,13,102395403,102395403,102395403,9.864669166835415e-07,0.005175573418348123
Slc7a2,8.0,42002282.0,rs3664354,8,41091727,41091727,42338973,9.92690613198551e-07,0.005201757829985069
Znhit1,5.0,137458140.0,rs3708411,5,136726448,136726448,137393985,9.93935177750895e-07,0.0052067866444784686
Crp,1.0,174629452.0,NES13029525,1,174201925,174201925,175262195,1.0048139038038555e-06,0.005253078966534494
Klk1b24,7.0,51447732.0,rs13479226,7,52843651,52843651,52843651,1.006457948866612e-06,0.005259872342663159
Cog6,3.0,52786527.0,rs13481620,12,104269892,104269892,105392393,1.0118980527356192e-06,0.005282050562877455
Rpsa,9.0,120040587.0,rs13481410,12,41569443,41569443,43219217,1.0162980562849782e-06,0.005299658304277259
Traf5,1.0,193821354.0,rs3654502,1,194704348,194704348,196404285,1.0260298941810347e-06,0.005338204609910474
Zfp595,13.0,67417250.0,D13Mit224,13,64187020,64187020,64187020,1.041099313016868e-06,0.005404303176630116
Mrpl55,11.0,59019307.0,rs13481041,11,56515096,56515096,57644775,1.0646769617295598e-06,0.0055113920748897675
Prosc,8.0,28162798.0,rs13479656,8,26642893,26642893,27552604,1.0734625797480748e-06,0.005549887079690151
Esd,14.0,75145513.0,rs13482248,14,72506627,72506627,73244748,1.1231987995654674e-06,0.005754946337212445
B230208H11Rik,10.0,12642172.0,rs4228121,10,13407602,13407602,14123191,1.1345262736545428e-06,0.005804308946676424
Ahr,12.0,36182983.0,gnf12.033.545,12,35806047,35806047,36104892,1.1396896262015508e-06,0.005822035383352065
Sp100,1.0,87596319.0,rs13475879,1,57882215,57882215,57882215,1.1407824448441132e-06,0.005824724427044367
9130017N09Rik,10.0,79290730.0,rs6299827,8,102918417,102918417,102918417,1.1598597439158483e-06,0.005906002657203658
Rsl1,13.0,67283991.0,D13Mit224,13,64187020,64187020,64187020,1.2032090971340305e-06,0.006105078078049668
EG629581,20.0,90884119.0,rs6404906,4,133563658,133563658,135525152,1.2149878607957049e-06,0.006154714628847326
Chd2,5.0,24101606.0,rs6256752,5,20753293,20753293,21120063,1.2379403019185708e-06,0.006243741458294323
Fam118a,15.0,84892870.0,rs13482681,15,83867917,83867917,85776069,1.2546204919034423e-06,0.0063119493523752495
Fry,5.0,150999157.0,rs13478255,5,53431175,53431175,55122862,1.2919038005655034e-06,0.006475758954648567
2010109A12Rik,5.0,93637170.0,rs13478398,5,94154652,94154652,97939375,1.3070773723629647e-06,0.006547030546434629
Eif4ebp1,8.0,28385887.0,CEL-8_25677705,8,28002388,28002388,28285763,1.3076997613723003e-06,0.006548553161710504
Cep152,2.0,125389652.0,rs6374387,2,125304785,125304785,125564678,1.3227528801032965e-06,0.006614271568348217
1810019J16Rik,4.0,133086616.0,rs3664871,4,132410010,132410010,133435414,1.3273990812994248e-06,0.006629445219833385
Crkrs,11.0,98112237.0,rs13481620,12,104269892,104269892,105392393,1.3396095959071168e-06,0.006675838115862031
AI314976,17.0,48556370.0,UT_17_44.961343,17,45704198,45704198,45877173,1.372590819921126e-06,0.006814297418565977
Agl,3.0,116446156.0,mCV25436350,3,112860455,112860455,117113353,1.3864103171217453e-06,0.006867464966444796
Alg9,9.0,50651281.0,rs13480191,9,50964758,50964758,50964758,1.4045246586611638e-06,0.006937143261468189
Hus1,11.0,8893379.0,rs3023249,11,11071146,11071146,13169867,1.482285412021616e-06,0.0072671125297543
Dis3l,9.0,64154865.0,rs4227706,9,62226500,62226500,64300970,1.4895200219023637e-06,0.007297362606835791
Copa,1.0,174052258.0,NES13033186,1,173149434,173149434,174164127,1.4943802313507212e-06,0.007313416152919147
B230118H07Rik,2.0,101402384.0,rs4226061,6,86579760,86579760,86953033,1.5078337566201834e-06,0.007369529243994358
1700040L02Rik,10.0,67894034.0,mCV24836796,18,85689515,85689515,85689515,1.529424025118926e-06,0.007450264561406519
Mcfd2,17.0,87654273.0,gnf17.082.284,17,81351601,81351601,81351601,1.5311642085882697e-06,0.0074552098947856795
Sfi1,11.0,3032272.0,rs4224919,4,144563168,144563168,148197078,1.5378565507693923e-06,0.0074860225245806196
Ergic1,17.0,26780178.0,rs3023864,17,24331045,24331045,26350810,1.5430654760880247e-06,0.00750249998345296
Bmp2k,5.0,97519810.0,rs13478398,5,94154652,94154652,97939375,1.5470681515156419e-06,0.007518406489223562
Sdhc,1.0,173059716.0,rs8242766,1,172981863,172981863,172981863,1.5608322214182035e-06,0.007570984921197768
Ahsa1,12.0,88614794.0,rs4230010,13,96470955,96470955,97155589,1.6157140097318053e-06,0.0077967401668531024
Mesdc2,7.0,91047628.0,rs13479374,7,91031062,91031062,93812508,1.6487169844743094e-06,0.007935517157125834
Ccdc56,11.0,101139368.0,mCV22971719,11,101112194,101112194,101318783,1.7059946141062844e-06,0.008167241525279837
Strc,2.0,121190852.0,rs13477280,3,98086968,98086968,99356961,1.7103366298835955e-06,0.008185200523519374
Pomgnt1,4.0,115832047.0,rs4165069,16,17663456,17663456,17663456,1.7202288210219088e-06,0.00821875357695666
Pld2,11.0,70371189.0,rs6217738,11,72486318,72486318,72978471,1.7203511381013196e-06,0.00821875357695666
Btg3,16.0,78360607.0,rs4206648,16,76657843,76657843,77429428,1.7671186157882458e-06,0.008410919018686038
Nxph4,10.0,126962763.0,rs6404906,4,133563658,133563658,135525152,1.7822292082754334e-06,0.008473036117347605
Fam162a,16.0,36044091.0,rs4171932,16,34308446,34308446,36540314,1.8155543989767078e-06,0.008603626577014557
Slc37a4,9.0,44210987.0,UT_17_3.221024,17,6039015,6039015,7955311,1.827862204600069e-06,0.008646013977989208
Sh3bgr,16.0,96428272.0,rs13481620,12,104269892,104269892,105392393,1.8409955009197954e-06,0.008694139087559252
Satl1,20.0,109503090.0,rs8263080,2,69180907,69180907,69634901,1.8558423804909076e-06,0.008760230713387548
Ggcx,6.0,72380593.0,rs13478831,6,76132093,76132093,76390846,1.867168355756266e-06,0.008805609209040274
Nit1,1.0,173272540.0,NES13033186,1,173149434,173149434,174164127,1.875096888880063e-06,0.008832873235825071
2410018C20Rik,8.0,86780157.0,rs13479825,8,85707108,85707108,88377306,1.8778567873986492e-06,0.008841823766714045
4933424B01Rik,6.0,146498403.0,rs3089737,6,145406060,145406060,146691561,1.89350815202217e-06,0.008895153313999923
Rassf4,6.0,116586408.0,rs13478983,6,114213343,114213343,114760449,1.8954324644733355e-06,0.008901579390253498
Skp1a,11.0,52059780.0,rs13481021,11,50920755,50920755,53868159,1.923095039634404e-06,0.00900124765838849
Car11,7.0,52958954.0,D7Mit323,7,108024450,108024450,108024450,1.941242039033698e-06,0.009069673755434701
Ccdc32,2.0,118847546.0,rs6374387,2,125304785,125304785,125564678,1.97519106520782e-06,0.009196947958412643
Tpst2,5.0,112744258.0,mCV25073238,9,10573030,10573030,12641845,1.9764037283562835e-06,0.00920051142198429
Ptplb,16.0,35075735.0,rs4171932,16,34308446,34308446,36540314,1.9964019245564603e-06,0.009278904837138674
Pan3,5.0,148359947.0,rs13478586,5,147658808,147658808,148539066,2.00442865333174e-06,0.009307797751129722
Cyp2c40,19.0,39841881.0,rs6185741,19,38910192,38910192,39682640,2.028772408362676e-06,0.009403854846082133
Rabl4,15.0,77989969.0,rs6342608,15,77990182,77990182,77990182,2.039953450347873e-06,0.00945017638941222
Actr1b,1.0,36756945.0,rs4165069,16,17663456,17663456,17663456,2.040144218894095e-06,0.00945017638941222
2310003F16Rik,2.0,121284101.0,UT_2_119.151187,2,118706767,118706767,122144319,2.055490936979806e-06,0.009512694110755473
Depdc6,15.0,55083753.0,rs13482588,15,54409337,54409337,55001429,2.06178777229652e-06,0.00953539846561611
Fst,13.0,115245364.0,CEL-17_21879142,17,23322637,23322637,24119004,2.081430368524035e-06,0.009615658871117334
Aak1,6.0,86951847.0,rs3701169,6,89298447,89298447,89615026,2.0814797374504453e-06,0.009615658871117334
2310051E17Rik,19.0,23242190.0,rs4232105,19,23240261,23240261,23889912,2.0911513682646056e-06,0.009645172826658303
Dis3,14.0,99476631.0,gnf14.093.344,14,98076987,98076987,100005238,2.1480652110031623e-06,0.009883299454836195
Med21,6.0,146598763.0,rs3089737,6,145406060,145406060,146691561,2.20800270549736e-06,0.010113821304859638
Oas1c,5.0,121250330.0,rs13476533,2,60939727,60939727,62483390,2.225030106693084e-06,0.010173688976572148
Npal3,4.0,135008001.0,rs6404906,4,133563658,133563658,135525152,2.2443685535954784e-06,0.010257550816422229
Tpd52l2,2.0,181250301.0,rs6305540,2,180825582,180825582,181542229,2.255071658601681e-06,0.010297314588621044
H2-Ea,17.0,34479976.0,rs3672987,17,33247165,33247165,35667114,2.2592244123889494e-06,0.010307644166735876
Trim36,18.0,46325384.0,gnf05.061.650,5,67739262,67739262,67964306,2.2890089852498937e-06,0.01042681717582144
Mtap1s,8.0,73441155.0,rs13479813,8,70431892,70431892,71875522,2.3072143401963596e-06,0.010484202691814543
Fbxo6,4.0,147520465.0,rs6316136,4,142959727,142959727,144118897,2.3465743032554086e-06,0.010637205442830882
Rai12,11.0,69781977.0,UT_11_70.128831,11,70371167,70371167,72266233,2.3607032611896955e-06,0.010698894974748564
Dtwd1,2.0,125990866.0,rs3686617,2,122383806,122383806,123481211,2.379460357600404e-06,0.010764926234719807
Ushbp1,8.0,73909898.0,rs13460430,8,72331481,72331481,74265398,2.387996899656253e-06,0.010795732705661315
Sbno1,5.0,124852107.0,rs13478499,5,123738719,123738719,125382920,2.3896970781603492e-06,0.010795732705661315
Lbx1,19.0,45307987.0,rs13481620,12,104269892,104269892,105392393,2.3918370848533137e-06,0.010801910754741153
Caprin2,6.0,148791196.0,gnf06.086.089,6,87099761,87099761,88668211,2.3959063191450247e-06,0.010817912579030236
Jmjd7,2.0,119857970.0,UT_2_119.151187,2,118706767,118706767,122144319,2.410791220556212e-06,0.01087556992070483
Mettl11a,2.0,30678309.0,rs3699934,2,35957196,35957196,41295574,2.4179729019163688e-06,0.010898405845096744
Parva,7.0,119732054.0,rs3657482,7,121209198,121209198,121509575,2.470002983178058e-06,0.011091595315231711
Immp2l,12.0,43056151.0,rs13481410,12,41569443,41569443,43219217,2.492298300278653e-06,0.011176194842227311
Rspry1,8.0,97183330.0,rs3666069,8,98229000,98229000,98229000,2.51684089177765e-06,0.011259607284872509
Cep27,2.0,120444820.0,rs6374387,2,125304785,125304785,125564678,2.5213486384336342e-06,0.011268549662563805
Abi3bp,16.0,56689984.0,rs4188505,16,56463020,56463020,56493761,2.5256749315902105e-06,0.011282469148027758
Olfr622,7.0,110788632.0,rs3696502,8,78222251,78222251,78222251,2.5319073370665926e-06,0.01130539887204625
March2,17.0,33823601.0,rs13482967,17,37015393,37015393,39314866,2.537342755961805e-06,0.011324751555095632
Zmynd19,2.0,24816177.0,CEL-2_24053663,2,23949161,23949161,25395302,2.5506277078557625e-06,0.011371706297842845
Myh6,14.0,55565157.0,rs8256197,1,130485641,130485641,135695643,2.5594179341887626e-06,0.011398541797027742
Epb4.1l4b,4.0,57074993.0,rs13477735,4,61518987,61518987,65047572,2.571559744755799e-06,0.01144518102155821
Fut8,12.0,78576278.0,D9Mit151,9,121386992,121386992,121386992,2.6024970820878266e-06,0.011551636115540803
Ube2m,7.0,13621239.0,rs13479126,7,12778970,12778970,12916540,2.620966850751559e-06,0.011607303305432698
Jund,8.0,73224436.0,rs13460430,8,72331481,72331481,74265398,2.6256195811143733e-06,0.011617901740037974
Odz3,8.0,49313266.0,rs13459177,15,3927910,3927910,4349255,2.6533305362312047e-06,0.011710063538878976
Sphk2,7.0,52966430.0,rs6228386,7,52146495,52146495,52261292,2.6677889411654833e-06,0.01175391745463333
Stom,2.0,35169877.0,rs3668040,7,47556868,47556868,47652851,2.675348423602459e-06,0.01177965304128636
Pcyt2,11.0,120471456.0,rs13481968,13,99628244,99628244,100636777,2.696827357542752e-06,0.011854975350398516
Gsr,8.0,34808399.0,mCV24506226,8,31744603,31744603,36878789,2.7346542881084114e-06,0.01199659231799488
Dhrs4,14.0,56106336.0,rs3683264,18,41940684,41940684,43083464,2.8103069918749127e-06,0.012287073797201056
Polr2i,7.0,31018341.0,rs4226520,7,30566471,30566471,31205553,2.8799196413352757e-06,0.01252723605174937
Efcab7,4.0,99583598.0,CEL-4_95227224,4,96563640,96563640,96653621,2.891045959173245e-06,0.012561383149059527
BC031353,9.0,74879676.0,rs3674482,9,77217284,77217284,79902982,2.9630480006441735e-06,0.012789035647417511
Serf2,2.0,121276722.0,UT_2_119.151187,2,118706767,118706767,122144319,2.963953168163656e-06,0.01279025829992274
Mme,3.0,63172407.0,rs13477144,3,61072170,61072170,65195291,2.9826819287533358e-06,0.012861561826401706
1110003O08Rik,8.0,124073413.0,rs3668922,13,112561279,112561279,112643344,2.9921905398713254e-06,0.012893173504490924
Ly96,1.0,16696289.0,rs6291839,1,14787218,14787218,15801732,2.999932669136308e-06,0.012918414203226005
Olfr127,17.0,38041315.0,UT_2_119.151187,2,118706767,118706767,122144319,3.007592098467211e-06,0.01294597624062735
Slc3a2,19.0,8782248.0,rs4232041,19,8782190,8782190,10670707,3.0315389331946005e-06,0.013021800104019342
D5Ertd422e,5.0,36453534.0,D9Mit151,9,121386992,121386992,121386992,3.062771548152639e-06,0.01313401311061102
Hunk,16.0,90499667.0,rs4219239,16,91670409,91670409,92790232,3.0689546055003247e-06,0.013155041934874333
Olfr1148,2.0,87673844.0,rs13481099,11,73923769,73923769,75078947,3.1214960686668786e-06,0.013324948187059944
Gnb4,3.0,32488964.0,rs13475616,3,32476136,32476136,33601927,3.137520886236279e-06,0.013382012628761234
Ftl2,4.0,125181925.0,rs3668040,7,47556868,47556868,47652851,3.1655220332728554e-06,0.013467925660426717
Kiss1,1.0,135225956.0,rs13476118,1,135891044,135891044,138214494,3.2020656987732514e-06,0.01359247280761174
Rnf10,5.0,115691868.0,D5Mit188,5,118329639,118329639,119181448,3.2522509712596638e-06,0.01376437041068184
Actl7a,4.0,56757633.0,rs13480205,9,54377876,54377876,54508270,3.261185084604338e-06,0.013795025535534066
Tuft1,3.0,94416913.0,CEL-3_89968332,3,89347288,89347288,95488017,3.263087399351014e-06,0.01380023406466839
Spata2,2.0,167308185.0,rs6219107,2,167301482,167301482,167301482,3.2707022095063e-06,0.013823910570464747
Celsr3,9.0,108754794.0,rs13471817,1,63198205,63198205,65092381,3.2810025677892455e-06,0.01385605584140354
Myo3a,2.0,22204451.0,rs8254361,9,119247088,119247088,120169737,3.3210919020128075e-06,0.013999486027223378
Eif2c4,4.0,126166825.0,rs13482018,13,113426472,113426472,114047798,3.375982060281223e-06,0.014193048853923225
Ppp1r15b,1.0,135036047.0,rs13482609,15,63151782,63151782,63489948,3.4380434707871e-06,0.014398042307328477
Wdr62,7.0,31025315.0,rs4226520,7,30566471,30566471,31205553,3.43878469904073e-06,0.014398214637468036
Clec4e,6.0,123231888.0,gnfX.086.039,20,99321995,99321995,99321995,3.469898574356744e-06,0.014490550310908044
Slc6a9,4.0,117541835.0,gnf04.110.583,4,114507956,114507956,119754588,3.4708649967558835e-06,0.014491232686233176
4930557A04Rik,20.0,9427253.0,rs3023151,7,103823533,103823533,107011787,3.476453206316527e-06,0.014505729875148253
Clcn2,16.0,20703189.0,rs4230970,15,89413298,89413298,89873514,3.517534478481149e-06,0.014638352062603487
Cops7a,6.0,124908990.0,gnf06.122.747,6,124006512,124006512,125515888,3.5353859921946487e-06,0.014689048127917706
Hapln4,8.0,72613883.0,rs13460430,8,72331481,72331481,74265398,3.5411168920920646e-06,0.014709201812919015
Gckr,5.0,31629583.0,rs4230010,13,96470955,96470955,97155589,3.593100051529366e-06,0.014874752189710684
Lst1,17.0,35322122.0,rs13482930,17,26950947,26950947,27109962,3.5948015454585102e-06,0.014878801123846137
9130404D08Rik,8.0,72542710.0,rs13460430,8,72331481,72331481,74265398,3.6246485973252013e-06,0.014978222719475737
Cpne8,15.0,90318022.0,rs13459176,15,3229129,3229129,3619112,3.6557438434251325e-06,0.01508550105298534
Rin2,2.0,145712627.0,rs3691210,2,157820959,157820959,158683924,3.725888312265897e-06,0.015331886528134577
Zdhhc20,14.0,58455124.0,rs13482213,14,61919389,61919389,65159865,3.741855413195949e-06,0.01538220217436764
Dhx36,3.0,62274384.0,rs13477144,3,61072170,61072170,65195291,3.7904094424067235e-06,0.015553820362886063
Syngr2,11.0,117675533.0,gnf11.125.992,11,117108177,117108177,118205264,3.832538616568389e-06,0.015682889089360774
Serpina3n,12.0,105652460.0,rs8273308,12,105632191,105632191,106091063,3.852312517807113e-06,0.015742993844938397
Cks1b,3.0,89222141.0,rs6265656,2,156689630,156689630,157295559,3.852585095787936e-06,0.015742993844938397
4933409K07Rik,4.0,41963157.0,rs6232550,4,40972607,40972607,44245672,3.961456712872364e-06,0.0161110548778834
Gmppa,1.0,75439500.0,rs13475921,1,73464731,73464731,76386670,3.967841560219904e-06,0.016133831350743928
2400001E08Rik,7.0,109060285.0,rs13479441,7,111297536,111297536,114369537,3.978950007476931e-06,0.016172605080617568
Actl6a,3.0,32625540.0,rs6260196,3,28626877,28626877,31752412,4.0091669368926304e-06,0.01626649053333131
2900064A13Rik,2.0,112312136.0,rs13476709,2,114022898,114022898,118639998,4.056669235640971e-06,0.016428002843855895
Atpaf1,4.0,115484634.0,gnf04.110.583,4,114507956,114507956,119754588,4.069658372193914e-06,0.01646968561106273
Cab39l,14.0,60118388.0,rs3692863,14,59434131,59434131,61810350,4.078940638197979e-06,0.016497511644823576
Rnf6,5.0,147020999.0,rs3696754,5,145200213,145200213,145200213,4.130983534082692e-06,0.016652330642776127
Dsn1,2.0,156821604.0,rs6265656,2,156689630,156689630,157295559,4.186091757344475e-06,0.016841466834211748
Foxred1,9.0,35012126.0,UT_9_35.918713,9,35020042,35020042,35020042,4.200120594342644e-06,0.016891299103017943
Fgd6,10.0,93604632.0,rs13480720,10,96758375,96758375,97112187,4.230905242211111e-06,0.01698457053345112
Fam13b,18.0,34600538.0,rs13483308,18,38428527,38428527,38428527,4.2318124444320475e-06,0.01698457053345112
St6galnac3,3.0,152865872.0,CEL-5_67747877,5,69527299,69527299,69527299,4.2466067552788045e-06,0.017034945352284316
Wdr45l,11.0,121188676.0,rs3673722,11,13574421,13574421,14903307,4.25027963637416e-06,0.0170375056836825
Olfr1179,2.0,88242934.0,rs3662808,8,111936222,111936222,112837236,4.250558644881689e-06,0.0170375056836825
1110004E09Rik,16.0,90926294.0,rs4217061,16,89885518,89885518,90609837,4.322728678961358e-06,0.017252810445559295
Cdk10,8.0,125756038.0,rs4230010,13,96470955,96470955,97155589,4.328204215349777e-06,0.017263309304247063
Thg1l,11.0,45765133.0,rs3693664,11,42185502,42185502,42695301,4.331557429513555e-06,0.01726794134599973
Rex2,4.0,146404699.0,CEL-2_79237503,2,79183601,79183601,79609075,4.341593872427831e-06,0.017297893196438426
Mbl2,19.0,30308494.0,D19Msw029,19,28477768,28477768,28477768,4.409474934445172e-06,0.017527600651108734
Pus1,5.0,111202981.0,gnf15.098.211,15,98887561,98887561,98887561,4.412836081702044e-06,0.017537571606319493
Gngt1,6.0,3946662.0,rs13481998,13,107925489,107925489,108070278,4.428276450309175e-06,0.017588738623516863
4933405D12Rik,3.0,122567784.0,rs3668922,13,112561279,112561279,112643344,4.440566100978261e-06,0.017627339247125878
Smyd2,1.0,191704429.0,rs6265085,5,65141992,65141992,66546701,4.447466905018682e-06,0.017644515925350775
Flnb,14.0,8714855.0,rs3661039,6,90308024,90308024,91386029,4.4563343458628026e-06,0.017669470495841905
Cyp2j6,4.0,96192591.0,rs6234904,4,138152372,138152372,138711175,4.497195389686645e-06,0.017800599550815126
Rnf167,11.0,70463434.0,rs13482868,17,10586984,10586984,12243519,4.523321649794147e-06,0.017890239039665072
Pno1,11.0,17103591.0,rs13479188,7,36124857,36124857,37123347,4.572037331651048e-06,0.01805860530598729
Ppp2r3a,,,rs8254393,9,123878248,123878248,124039192,4.609671388645488e-06,0.01817583618851119
Gga1,15.0,78724564.0,rs3661039,6,90308024,90308024,91386029,4.626480218881627e-06,0.01822464310680058
1700123O20Rik,14.0,55309373.0,rs4230383,14,54987778,54987778,57409827,4.630264008667563e-06,0.018230714163566863
Olfr1301,2.0,111594522.0,rs4199410,16,70195004,70195004,72909885,4.631221321988069e-06,0.018230714163566863
2810488G03Rik,6.0,8457498.0,rs6180149,6,4107749,4107749,9131726,4.6396264444754966e-06,0.018258942694516174
Pla2g7,17.0,43744314.0,rs13482981,17,40708059,40708059,43922072,4.657841743149603e-06,0.018327120884694955
Gstz1,12.0,88505240.0,CEL-12_84750094,12,91397268,91397268,95601010,4.665481522079962e-06,0.01834314375185141
Alg5,3.0,54553584.0,rs13477113,3,53073655,53073655,54556029,4.672670670233029e-06,0.0183518383410161
Ndufa13,8.0,72418161.0,rs13460430,8,72331481,72331481,74265398,4.6983723886769496e-06,0.018430180718367044
Tmem20,19.0,38479932.0,rs6185741,19,38910192,38910192,39682640,4.728616825174015e-06,0.018531147492080204
Gas2,7.0,59249701.0,rs3681808,15,12972089,12972089,13023539,4.732179171771691e-06,0.01854157502648861
Tmem19,10.0,114778056.0,rs4228477,10,114515890,114515890,115238616,4.7331967115740955e-06,0.01854202945233056
Nudt3,17.0,27716968.0,rs13482998,17,44224865,44224865,44300073,4.742885136229756e-06,0.018565242144701274
Zfp819,7.0,50873461.0,gnf09.110.002,9,113200234,113200234,113935084,4.7526904943714475e-06,0.01859360376824395
Tmem135,7.0,96289036.0,rs3699086,7,103251219,103251219,103381987,4.782742030888862e-06,0.01868984082261299
Pbx3,2.0,34027542.0,rs13479441,7,111297536,111297536,114369537,4.836715247524891e-06,0.01886848948507108
Aqp8,7.0,130611436.0,rs3679406,13,108472544,108472544,108821881,4.890049178938403e-06,0.019025939802715736
Rgs12,5.0,35376033.0,rs13475879,1,57882215,57882215,57882215,5.087958981211796e-06,0.01966583352000262
Prrx1,1.0,165178443.0,D9Mit151,9,121386992,121386992,121386992,5.090416035448096e-06,0.019667937883726845
Srd5a1,13.0,69712435.0,rs13478563,5,141863413,141863413,142082180,5.164897332085231e-06,0.01990322682826906
Picalm,7.0,97357096.0,rs3699086,7,103251219,103251219,103381987,5.2068136160925495e-06,0.02003111357276765
H2-Q5,17.0,36247298.0,rs3672987,17,33247165,33247165,35667114,5.2137136554539595e-06,0.020046409300961923
Tmem87a,2.0,120181814.0,rs6374387,2,125304785,125304785,125564678,5.237421762178369e-06,0.020099988421966246
9130008F23Rik,17.0,41013322.0,rs13482981,17,40708059,40708059,43922072,5.273306594325807e-06,0.02021130564979677
Rbpms,8.0,34893575.0,mCV24506226,8,31744603,31744603,36878789,5.2813400821412166e-06,0.02023832447597236
Rb1,14.0,73595467.0,gnf14.085.610,14,91322093,91322093,91322093,5.304836444225097e-06,0.020309442889531213
Klrb1f,6.0,129006961.0,rs3674751,3,65474784,65474784,67016944,5.408213483343854e-06,0.020633783765225042
Scarb2,5.0,92878904.0,rs3668922,13,112561279,112561279,112643344,5.4232869351709244e-06,0.02067824403879993
Pgrmc2,3.0,40870750.0,rs3681808,15,12972089,12972089,13023539,5.4400138656244016e-06,0.02073433358940547
Dpysl3,18.0,43488019.0,D11Mit99,11,99510152,99510152,99510152,5.49117257427202e-06,0.020910119767142524
Fam20b,1.0,158611553.0,rs6194543,1,157588922,157588922,159872935,5.491217953397728e-06,0.020910119767142524
Fkbp14,6.0,54529142.0,rs6299827,8,102918417,102918417,102918417,5.53384674355491e-06,0.021056852018042797
Stap1,5.0,86525566.0,rs13478370,5,85890223,85890223,90712226,5.583368164355546e-06,0.021202136497704395
1700007N14Rik,14.0,64713593.0,rs13476350,2,11707492,11707492,11707492,5.586695922906079e-06,0.021210856908627274
Ptprd,4.0,75587452.0,CEL-4_72665819,4,74037477,74037477,76484834,5.598262646831305e-06,0.021243007341749047
Ebag9,15.0,44468321.0,rs13482536,15,41700827,41700827,44717039,5.603273596985805e-06,0.02125809959130705
Snrk,9.0,122078296.0,rs13481243,11,114532622,114532622,116490388,5.6103850997196925e-06,0.02126938565032954
Mfsd4,1.0,133923460.0,rs13476118,1,135891044,135891044,138214494,5.651329977645886e-06,0.02139700168219116
D6Wsu116e,6.0,116212569.0,rs3669221,13,83876593,83876593,83876593,5.743568763083911e-06,0.02170627512325616
Gpi1,7.0,34987254.0,D7Mit270,7,47287212,47287212,47287212,5.8245333306385064e-06,0.021959800776103263
Zfp383,7.0,30701600.0,rs6404215,5,13998376,13998376,14163896,5.9226133453679285e-06,0.02226428137611718
2610528E23Rik,16.0,57302319.0,rs4188505,16,56463020,56463020,56493761,6.012088137528218e-06,0.022538839520827685
Smok4a,17.0,13720263.0,rs3705890,18,77108822,77108822,77876026,6.061699693045561e-06,0.022701041953227512
Myo1a,10.0,127152826.0,rs13475979,1,93218894,93218894,94229306,6.064622735829936e-06,0.022701041953227512
2700029M09Rik,8.0,63386283.0,rs3659789,8,58485097,58485097,59934830,6.128192616448607e-06,0.02286988664798072
Serpina4-ps1,12.0,105319448.0,rs13481620,12,104269892,104269892,105392393,6.193866466902385e-06,0.023077288336823525
Olfr148,9.0,39421611.0,rs6239372,7,35483870,35483870,35699898,6.216624479734169e-06,0.02314530884187866
Pigw,11.0,84689916.0,rs13481128,11,83521936,83521936,88249193,6.219651042619685e-06,0.023152385897043985
Maged1,20.0,91781204.0,rs13483824,20,71121918,71121918,76792464,6.227738495609272e-06,0.023174102280769358
Lmnb1,18.0,56912871.0,rs6314726,2,63950899,63950899,64580035,6.242920193224759e-06,0.023222191871733026
Amot,20.0,141881237.0,rs4165334,16,23467678,23467678,23737062,6.278038113140864e-06,0.02333472897447152
Atxn7,14.0,14936341.0,rs13482726,15,95780106,95780106,95780106,6.295093513283167e-06,0.023369769939194724
Igsf3,3.0,101266679.0,rs13477308,3,104918494,104918494,105273322,6.3034258086446676e-06,0.02339647938229161
Slc35d1,4.0,102844454.0,rs13482734,15,98553459,98553459,98553459,6.33905386190994e-06,0.023515988340208897
Nfyb,10.0,82213062.0,CEL-10_86482491,10,86197004,86197004,86348598,6.352900962808481e-06,0.023549820783888762
Ints7,1.0,193445408.0,rs3675669,1,191629932,191629932,192867017,6.353899121365638e-06,0.023549820783888762
Fam82b,4.0,19532632.0,rs13477579,4,16419442,16419442,18913829,6.356812222770258e-06,0.02355637262236859
Thap3,4.0,151356906.0,rs6155681,6,49605503,49605503,50470104,6.413868175932288e-06,0.023712262036340276
Rif1,2.0,51966609.0,rs3711308,2,46084534,46084534,52672635,6.4155609840928585e-06,0.023714257544489855
Ppyr1,14.0,34959838.0,rs3688363,10,19804440,19804440,19843775,6.491719421391754e-06,0.023944126137454978
Galnt13,2.0,54926359.0,rs13478273,5,59037550,59037550,60389645,6.530001190497747e-06,0.024063747051507538
Olfr1444,19.0,12936818.0,rs6234904,4,138152372,138152372,138711175,6.601080279902491e-06,0.024295208636327156
Fgd2,17.0,29516190.0,rs13482934,17,27985170,27985170,31326531,6.702086456539063e-06,0.024594437506603912
Slc25a22,7.0,148615932.0,rs6159179,7,143800091,143800091,144635621,6.775719120586852e-06,0.024831316647170663
Hist1h4d,13.0,23673517.0,rs4165334,16,23467678,23467678,23737062,6.861361982185938e-06,0.025091523743154286
Ntn3,17.0,24343516.0,CEL-17_21879142,17,23322637,23322637,24119004,6.866789760146184e-06,0.025106908505752538
Klra2,6.0,131170207.0,rs3662241,6,129560177,129560177,133804968,6.8894588656468545e-06,0.025167422069033517
Fto,8.0,94191851.0,rs13479914,8,93349658,93349658,95657347,6.972446506940203e-06,0.02542091082491876
Pdzrn3,6.0,101100440.0,rs13475989,1,95906063,95906063,96419819,6.983773455248857e-06,0.025457694880881194
Glud1,14.0,35157919.0,rs3695383,14,34609257,34609257,37340727,6.992757736021528e-06,0.025481412193520982
Ddx3x,20.0,12871112.0,rs3668040,7,47556868,47556868,47652851,7.109257561564316e-06,0.025832701952781756
0610012H03Rik,2.0,105219807.0,gnf05.061.650,5,67739262,67739262,67964306,7.257184362805563e-06,0.02627274089083551
2010015L04Rik,4.0,154821954.0,D13Mit224,13,64187020,64187020,64187020,7.264774915031437e-06,0.026290964750600478
4930471M23Rik,5.0,30960434.0,rs8251849,7,31505578,31505578,35185656,7.340004654477047e-06,0.026516559091280617
Cct5,15.0,31520702.0,D7Mit270,7,47287212,47287212,47287212,7.344132134538904e-06,0.026526810509864548
Dpp3,19.0,4907298.0,mCV25314100,19,4845967,4845967,6372547,7.3463832527837065e-06,0.02653028214923381
3230401D17Rik,2.0,163231792.0,rs6183014,9,24420734,24420734,25697556,7.453020318951679e-06,0.026849179984904263
Gar1,3.0,129532317.0,rs4221957,3,129527944,129527944,133905167,7.454269989303681e-06,0.026849179984904263
Eps8l2,7.0,148548703.0,mCV25073238,9,10573030,10573030,12641845,7.500315085362661e-06,0.026985099008561473
Mta3,17.0,84199447.0,gnf17.082.284,17,81351601,81351601,81351601,7.61997414289835e-06,0.027316372491517478
Tec,5.0,73147122.0,gnf05.061.650,5,67739262,67739262,67964306,7.635049080633226e-06,0.027340471549822568
Mr1,1.0,156975282.0,rs6208879,2,109622852,109622852,109622852,7.649524016387029e-06,0.027379833744582856
Txndc9,1.0,38044035.0,rs13478871,6,85767550,85767550,86363606,7.659215165609189e-06,0.027400215422346344
Moxd2,6.0,40830435.0,rs3676408,9,107733463,107733463,107918077,7.718090484049394e-06,0.027562893251114627
Speg,1.0,75427448.0,rs13481620,12,104269892,104269892,105392393,7.774183076285457e-06,0.027710283336312255
3110001I22Rik,16.0,13678105.0,rs4165081,16,19883171,19883171,19883171,7.842973197261941e-06,0.0279022854472278
Man2b1,8.0,87621348.0,rs3664354,8,41091727,41091727,42338973,7.846631680537612e-06,0.02790564666235798
Psma2,13.0,14717729.0,rs4226061,6,86579760,86579760,86953033,7.854658141352309e-06,0.027929362287828344
Ufd1l,16.0,18827749.0,rs13480205,9,54377876,54377876,54508270,7.878195000375188e-06,0.027975501239126867
Rpl26,11.0,68716748.0,rs4165425,16,23797302,23797302,24175772,7.881236346694983e-06,0.027975501239126867
Tubgcp3,8.0,12614499.0,rs13483466,18,82409997,82409997,82409997,7.89227341761112e-06,0.028009844512226444
2810409K11Rik,7.0,7084521.0,rs13479194,7,37555006,37555006,37568559,7.991192372949625e-06,0.028307177619717735
Nsdhl,20.0,70186412.0,rs3157124,20,68694215,68694215,70261114,7.99731363704927e-06,0.028323982557176483
Eml4,17.0,83879026.0,rs13483106,17,75465363,75465363,76240729,8.002559069858088e-06,0.028325951241720843
Ston2,12.0,92877319.0,D11Mit99,11,99510152,99510152,99510152,8.011495219769118e-06,0.028340047011096228
Klra20,6.0,129993991.0,rs13459064,2,75514789,75514789,75514789,8.014670836162175e-06,0.028346404966738393
Plvap,8.0,74021842.0,rs13479734,8,45708317,45708317,45708317,8.021032605097206e-06,0.028359151571642132
Rab25,3.0,88352095.0,UT_5_42.868696,5,44234624,44234624,44449245,8.043495615172762e-06,0.0284287973738809
Rab3gap2,1.0,187108499.0,rs3657414,13,117326958,117326958,117893377,8.094751350178987e-06,0.028567876490594283
BC013529,10.0,7488213.0,D10Mit28,10,9133173,9133173,9133173,8.098853525204667e-06,0.028575346481016166
Rfx4,10.0,84368464.0,gnf05.061.650,5,67739262,67739262,67964306,8.30461957739827e-06,0.029166256488092377
Uchl5ip,20.0,70691167.0,rs3157124,20,68694215,68694215,70261114,8.325566302934756e-06,0.029224850731850657
Foxa3,7.0,19598685.0,gnf07.011.425,7,17808155,17808155,19678759,8.335331536195448e-06,0.029244155213185255
4732429D16Rik,11.0,114844392.0,rs13481251,11,116908503,116908503,116908503,8.36758354228261e-06,0.029342293474217913
Atxn3,12.0,103158461.0,D12Mit231,12,101804026,101804026,103550017,8.41804403258286e-06,0.02948631957795694
Atf4,15.0,80086639.0,rs3692362,14,100175288,100175288,100680463,8.418691577201357e-06,0.02948631957795694
Armcx4,20.0,131231071.0,rs13484003,20,130138456,130138456,131483757,8.444205068013852e-06,0.029565610101310376
Mul1,4.0,137995762.0,rs3686214,4,139112380,139112380,140081803,8.484176789932371e-06,0.029645000888847594
Fam92a,4.0,12095377.0,rs13481215,11,106994496,106994496,107780108,8.50826290685812e-06,0.02971906321503759
Zbtb9,17.0,27112760.0,CEL-8_7689226,8,7701082,7701082,7701082,8.513391330495821e-06,0.029731927038508195
Tmem101,11.0,102014068.0,mCV22971719,11,101112194,101112194,101318783,8.533556779452585e-06,0.029797292459844416
AY036118,,,rs13478831,6,76132093,76132093,76390846,8.56943404798918e-06,0.029907335006684396
Slc39a7,17.0,34165338.0,rs13482947,17,31769796,31769796,32078991,8.737806981621628e-06,0.03037920236656576
Fbxo31,8.0,124076008.0,rs3668922,13,112561279,112561279,112643344,8.805737837345225e-06,0.030571216285208317
Dock8,19.0,25175586.0,rs6259521,19,24021292,24021292,25045357,8.823898368514536e-06,0.030618759108525156
Cep192,18.0,68044501.0,rs3691542,18,66634522,66634522,68298823,8.848411697358405e-06,0.030679008432206504
Pdia6,12.0,17291323.0,rs13480720,10,96758375,96758375,97112187,8.869769067982793e-06,0.030731264910526676
Zfp160,17.0,21165328.0,rs13478800,6,64766249,64766249,65067887,8.887908278632066e-06,0.030788925380061286
Fndc5,4.0,128820348.0,D9Mit151,9,121386992,121386992,121386992,9.009820307501172e-06,0.031143052623594375
Rpl13a,7.0,52382635.0,rs3662241,6,129560177,129560177,133804968,9.030040528546581e-06,0.03119197578828921
D630042P16Rik,6.0,112309383.0,rs13479957,8,105277640,105277640,106092509,9.107884436560275e-06,0.03139232555247504
Ddost,4.0,137867910.0,rs3686214,4,139112380,139112380,140081803,9.270638239979926e-06,0.031862515909373605
Prkch,12.0,74878041.0,D9Mit151,9,121386992,121386992,121386992,9.301858446769181e-06,0.03192180677266457
Ankra2,13.0,99043702.0,rs13478831,6,76132093,76132093,76390846,9.343267546861612e-06,0.03203184387966835
Tmem167,13.0,90246784.0,rs13481955,13,96226477,96226477,96283662,9.373999118063175e-06,0.032126491361369504
Ttc16,2.0,32617823.0,CEL-5_67747877,5,69527299,69527299,69527299,9.412604864697031e-06,0.032237312692816995
Pctk3,1.0,134010407.0,UT_17_3.221024,17,6039015,6039015,7955311,9.491864289399692e-06,0.03247631971077841
1300018I17Rik,8.0,125766377.0,rs4230010,13,96470955,96470955,97155589,9.500860729810958e-06,0.03250169390650919
Pogz,3.0,94684666.0,rs3698196,3,85931836,85931836,89036582,9.544108888083253e-06,0.032611671430993285
Triap1,5.0,115793249.0,rs6250834,13,87718371,87718371,89637277,9.694316386825917e-06,0.0329888721332751
Prdm13,4.0,21605210.0,rs6339546,6,133917751,133917751,134051356,9.694600281491409e-06,0.0329888721332751
Taf15,11.0,83318592.0,rs13481123,11,82070986,82070986,82421437,9.752477608179225e-06,0.03315838678614545
Zfp60,7.0,28538636.0,rs13479188,7,36124857,36124857,37123347,9.775861295497153e-06,0.03322450350705473
Hp1bp3,4.0,137798749.0,rs6234904,4,138152372,138152372,138711175,9.796317441082408e-06,0.03327443715416421
Pitx2,3.0,128922375.0,rs3657916,5,63556502,63556502,63605205,9.804046036787368e-06,0.03328969254203933
Mitd1,1.0,37931886.0,UT_1_38.719268,1,38079088,38079088,38607247,9.82156707565767e-06,0.03333714798854347
4930515G16Rik,6.0,67515583.0,rs4189478,16,57552272,57552272,59697756,9.86511694425584e-06,0.03345839169657692
Nans,4.0,46511930.0,rs13480201,9,53636371,53636371,53767155,9.885347822160245e-06,0.033504905595952705
Caml,13.0,55733425.0,UT_17_3.221024,17,6039015,6039015,7955311,9.895946891982245e-06,0.03351321484305344
Prps2,20.0,163786550.0,rs6209128,13,52866222,52866222,53525773,9.920158804263201e-06,0.033573096906385894
Plk3,4.0,116801376.0,rs3668922,13,112561279,112561279,112643344,9.956329291491826e-06,0.03365121002642927
Zfp106,2.0,120335653.0,UT_2_119.151187,2,118706767,118706767,122144319,1.0052569003464659e-05,0.03392631021620761
Sqstm1,11.0,50013729.0,rs3689947,1,194325877,194325877,194439430,1.007560044583921e-05,0.03398173374722638
Usf2,7.0,31732032.0,rs3668040,7,47556868,47556868,47652851,1.0102991517298425e-05,0.0340359155149561
Ppil1,17.0,29387940.0,rs3724755,13,116238014,116238014,116341977,1.016440331678081e-05,0.03419711818642695
Hebp1,6.0,135087829.0,rs13479053,6,134201251,134201251,136560768,1.017747872526592e-05,0.03421871830456815
Zfp275,20.0,70604112.0,rs3659787,11,4408732,4408732,4408732,1.0181574670399374e-05,0.03422456502396646
Tbc1d24,17.0,24315966.0,rs13482967,17,37015393,37015393,39314866,1.0245914804608163e-05,0.034392589483338294
Ribc1,20.0,148439303.0,D12Mit231,12,101804026,101804026,103550017,1.02719854754934e-05,0.03445959554344165
Fat1,8.0,46137481.0,D18Mit4,18,84295656,84295656,84295656,1.0308731379899498e-05,0.034530935920099655
Ykt6,11.0,5864644.0,rs13475876,1,55184323,55184323,55184323,1.0349987490782565e-05,0.03463452890956987
Phf20l1,15.0,66474977.0,D18Mit4,18,84295656,84295656,84295656,1.0431718705876002e-05,0.03486264965985362
Pdzd11,20.0,97818498.0,rs4165065,16,17412172,17412172,17412172,1.0525131221724408e-05,0.035083617780664364
Abhd4,14.0,54888753.0,rs6278789,14,50409368,50409368,54864244,1.0535499685835627e-05,0.035106381850572285
Pdgfrl,8.0,42075859.0,rs3654540,8,37656756,37656756,40927343,1.0535555214205596e-05,0.035106381850572285
Eif2ak1,5.0,144662840.0,rs6284348,5,144381934,144381934,144381934,1.0791808402131432e-05,0.03582737021334674
Dclre1a,19.0,56605787.0,rs6183014,9,24420734,24420734,25697556,1.0797088034141202e-05,0.03583911272271524
Slc19a2,1.0,166194646.0,rs4222763,1,165315111,165315111,168178248,1.0851334216833e-05,0.03597852663601976
F10,8.0,13055774.0,rs13475989,1,95906063,95906063,96419819,1.0875357295651026e-05,0.03604655491112306
Zfp202,9.0,40020569.0,rs4229611,12,114496727,114496727,114496727,1.0906598207348862e-05,0.03612099707560424
Slc25a17,15.0,81157499.0,rs3681808,15,12972089,12972089,13023539,1.0970194503906682e-05,0.03628487455284233
Snap29,16.0,17428386.0,rs13482967,17,37015393,37015393,39314866,1.1055788494647679e-05,0.03653273222539936
Exoc6,19.0,37757525.0,rs13483607,19,36251060,36251060,37538939,1.1090544744476387e-05,0.03662404342633573
Ipp,4.0,116210503.0,rs3726736,4,103839033,103839033,104187378,1.1098787240243637e-05,0.03664537845289585
Zfp157,5.0,138889255.0,rs8265855,5,138337848,138337848,139187687,1.114890266066023e-05,0.036781322591590226
Mrto4,4.0,138903714.0,rs3686214,4,139112380,139112380,140081803,1.1159131392811783e-05,0.03680916359957992
Ano8,8.0,74002943.0,rs13481620,12,104269892,104269892,105392393,1.118720215807579e-05,0.03687809818859303
Mylip,13.0,45506979.0,rs3668922,13,112561279,112561279,112643344,1.1202623749196305e-05,0.03692301665703117
Npm3,19.0,45822408.0,rs13483607,19,36251060,36251060,37538939,1.1205828995512531e-05,0.03692766301635012
AB041550,6.0,87683011.0,D9Mit151,9,121386992,121386992,121386992,1.1211779912176733e-05,0.03694135451311054
Cpne2,8.0,97094371.0,rs13479914,8,93349658,93349658,95657347,1.1249449506199554e-05,0.03703599378984351
9330168M11Rik,20.0,146897464.0,rs13480205,9,54377876,54377876,54508270,1.1249507062120858e-05,0.03703599378984351
Mrpl23,7.0,149726578.0,rs13478586,5,147658808,147658808,148539066,1.1587712502705162e-05,0.037973164665511226
Slc27a5,7.0,13573983.0,rs13478933,6,101797293,101797293,102028008,1.1622933678010354e-05,0.0380643249131677
Rgl2,17.0,34074233.0,rs13482967,17,37015393,37015393,39314866,1.1635529968279668e-05,0.03809344524489515
Abcb8,5.0,23915478.0,rs13478144,5,23827219,23827219,24391317,1.1653029275453196e-05,0.03813252567650953
Zfp750,11.0,121372729.0,rs13482588,15,54409337,54409337,55001429,1.167480174882191e-05,0.038191619075374654
Ociad1,5.0,73704823.0,rs6265085,5,65141992,65141992,66546701,1.1760973921146407e-05,0.038404504680248974
Bet1,6.0,4027969.0,rs6316705,13,116719470,116719470,117040319,1.1770040936962056e-05,0.038418806231309555
Rbm16,17.0,3170607.0,rs13483015,17,49562369,49562369,49573925,1.1905747483992295e-05,0.03874270223461414
Parp9,16.0,35972333.0,rs4171932,16,34308446,34308446,36540314,1.1934431060890402e-05,0.03881785943433395
2310003H01Rik,11.0,120231316.0,rs4165069,16,17663456,17663456,17663456,1.193607196096501e-05,0.03881785943433395
Ccni,5.0,93612022.0,rs6228386,7,52146495,52146495,52261292,1.1939008114859832e-05,0.0388212695174529
Ifrg15,1.0,157898874.0,rs13476187,1,156052564,156052564,156456243,1.1951471421642255e-05,0.03885565242752212
Xpa,4.0,46205964.0,rs6189020,1,126516498,126516498,128188953,1.1999675058528621e-05,0.03896309457944559
Defcr-rs2,,,gnf08.020.641,8,23259030,23259030,25314442,1.20451680428764e-05,0.03908352910034526
Acox1,11.0,116033440.0,rs13481243,11,114532622,114532622,116490388,1.2046267639339721e-05,0.03908352910034526
Zfp68,5.0,139047455.0,rs13478566,5,142540280,142540280,143680350,1.2168573148994901e-05,0.039380943611162254
D11Wsu99e,11.0,113523086.0,UT_17_44.961343,17,45704198,45704198,45877173,1.2211144215619228e-05,0.039498791355743905
Pik3ap1,19.0,41357609.0,D19Mit89,19,42573794,42573794,43991580,1.2212669820124929e-05,0.039498791355743905
Ttll12,15.0,83406464.0,rs3697419,15,51102729,51102729,51649192,1.2317495957422143e-05,0.039749156803892356
Smchd1,17.0,71694001.0,rs3680765,7,56652493,56652493,59660323,1.2326386924234902e-05,0.0397622578506424
Dnajc14,10.0,128253888.0,rs13479188,7,36124857,36124857,37123347,1.2468961537324844e-05,0.04013161291957051
Gga2,7.0,129132680.0,rs6405854,15,87307012,87307012,88048035,1.2525759725860179e-05,0.04026445793769964
Adam11,11.0,102641033.0,CEL-6_51258475,6,51257406,51257406,51745790,1.255200845732747e-05,0.040336226319105724
Smc6,12.0,11292478.0,rs13479253,7,60128142,60128142,62761533,1.2600209965002361e-05,0.0404531983236635
Olfr1371,11.0,52027457.0,rs13480951,11,33538734,33538734,34315729,1.2631760100816549e-05,0.04054183313966469
Chadl,15.0,81525899.0,CEL-7_122458955,7,142026097,142026097,142793402,1.2871213288625564e-05,0.04117542373369745
8430419L09Rik,6.0,135183459.0,D9Mit151,9,121386992,121386992,121386992,1.2895291693549217e-05,0.04122729962502444
Odf2l,3.0,144816391.0,rs13478871,6,85767550,85767550,86363606,1.3054787857078045e-05,0.04161389523305761
Hpgd,8.0,58799399.0,rs3699934,2,35957196,35957196,41295574,1.3081286638973595e-05,0.0416715491043487
Pole2,12.0,70308864.0,UT_6_102.533298,6,100818194,100818194,101442250,1.3228757283815274e-05,0.042067569191574034
Galnt5,2.0,57898048.0,rs6159179,7,143800091,143800091,144635621,1.3249568601022455e-05,0.04211719827661679
Tmem37,1.0,121964169.0,rs6305730,2,67694351,67694351,68501311,1.3385612961312312e-05,0.042456481605803266
Ptms,6.0,124867679.0,rs13478831,6,76132093,76132093,76390846,1.3400539103680275e-05,0.04248546621201655
Olfr538,7.0,147760787.0,rs4179504,16,44259587,44259587,44662109,1.3408403618796537e-05,0.04249797859538307
Rsrc2,5.0,124179241.0,rs13482396,14,119710570,119710570,120038197,1.34606114705052e-05,0.04263648579627729
Smarcd2,11.0,106124562.0,rs13482715,15,92839469,92839469,93134854,1.3499535671982338e-05,0.04270777332059222
Gata1,20.0,7537254.0,CEL-14_110783830,14,118861655,118861655,118999363,1.349972989463293e-05,0.04270777332059222
Pbx2,17.0,34733355.0,rs13475616,3,32476136,32476136,33601927,1.3579508501925027e-05,0.04292054821376912
Dnahc10,5.0,125257619.0,D1Mit511,1,193992203,193992203,194167771,1.3608371811253456e-05,0.04297215211128108
Ndufb8,19.0,44627199.0,rs3664096,13,75901604,75901604,81063898,1.3660443947160517e-05,0.04309688177534295
Usp28,9.0,48850346.0,rs4165334,16,23467678,23467678,23737062,1.3717477214477603e-05,0.04322843119579723
Acads,5.0,115560616.0,rs3680765,7,56652493,56652493,59660323,1.378522420107276e-05,0.04340399188512345
Krt17,11.0,100117643.0,rs8251849,7,31505578,31505578,35185656,1.3800792310136777e-05,0.043446358136757374
G3bp1,11.0,55314201.0,rs13481041,11,56515096,56515096,57644775,1.3827223689141174e-05,0.043497791703821675
Dpp9,17.0,56326197.0,rs3655423,1,190342185,190342185,190735358,1.384132421832551e-05,0.04352731809146122
Arfgef2,2.0,166722245.0,D11Mit99,11,99510152,99510152,99510152,1.393563319360995e-05,0.04375030882615402
Tjap1,17.0,46395213.0,rs13475979,1,93218894,93218894,94229306,1.3942942057933487e-05,0.04376657378526061
Rtn4,11.0,29641530.0,rs13480935,11,29456156,29456156,29670526,1.408031219806824e-05,0.04414387576305026
2310039D24Rik,8.0,95877360.0,rs13479914,8,93349658,93349658,95657347,1.411916479550686e-05,0.04422523453281771
D9Ertd402e,9.0,122744782.0,rs13481170,11,95489416,95489416,96822910,1.4162973929376018e-05,0.04431391658154827
Psma3,12.0,72079794.0,rs6326790,15,90376372,90376372,90376372,1.4244016025660878e-05,0.04452636554588766
Hist1h4j,13.0,21827613.0,rs3681620,6,127954549,127954549,129105169,1.4273185773051465e-05,0.04459899335107376
Pak7,2.0,135907833.0,RBMS3_AFFY_1452761,9,116482254,116482254,116482254,1.4282810371202827e-05,0.04462228760075065
Bcl2l12,7.0,52246797.0,gnf13.102.503,13,102666993,102666993,103343044,1.4341439409258574e-05,0.0447578631109789
Cenpj,14.0,57145813.0,CEL-14_49073718,14,57704960,57704960,59236690,1.4347906127905968e-05,0.04476445937019872
2610203C20Rik,9.0,41400105.0,rs8273308,12,105632191,105632191,106091063,1.4369319140561021e-05,0.04480407952424532
Slc22a3,17.0,12613277.0,rs13483607,19,36251060,36251060,37538939,1.4388689817387809e-05,0.04485087860843018
Chka,19.0,3893815.0,UT_17_3.221024,17,6039015,6039015,7955311,1.4484663139592157e-05,0.04509535873137812
Siglec1,2.0,130895268.0,rs8264884,2,130881868,130881868,131819271,1.4604475645741063e-05,0.04537221645207829
Zfp787,7.0,6083368.0,rs8273308,12,105632191,105632191,106091063,1.4621227222403122e-05,0.04541053994322711
5530601H04Rik,20.0,102237748.0,rs13483012,17,48739176,48739176,49108449,1.4732101358056233e-05,0.0456790135613249
Car10,11.0,93352005.0,rs6287320,8,99916724,99916724,102254876,1.4777909805342247e-05,0.04579343376685646
Mrgpra4,7.0,55236514.0,rs13480268,9,72030419,72030419,72952359,1.4846116352437537e-05,0.04596323876461926
Cyp3a16,5.0,146197313.0,rs13476520,2,57861768,57861768,58748696,1.4882134261105743e-05,0.046047022747911746
Glul,1.0,155756469.0,rs13481215,11,106994496,106994496,107780108,1.4952638421574515e-05,0.04623039528720246
Nqo1,8.0,109912499.0,rs3695682,2,101560604,101560604,102471685,1.5004056902689047e-05,0.04634756557547849
Tgs1,4.0,3542027.0,rs13477532,4,3630816,3630816,5363014,1.5074530053360789e-05,0.04652333179490678
Tlr3,8.0,46482068.0,rs13475879,1,57882215,57882215,57882215,1.5085560414593296e-05,0.046550388575376585
Olfr49,14.0,54902051.0,rs4207980,16,78133532,78133532,78931348,1.510310229384479e-05,0.04656957598452284
Serpina12,12.0,105267158.0,rs13481641,12,109609891,109609891,110136560,1.5155713160447334e-05,0.04668281289564977
Mrpl18,17.0,13104299.0,rs13483200,18,9902165,9902165,9902165,1.520082035403409e-05,0.04676572060948532
Arhgap29,3.0,121710626.0,rs13477364,3,118290074,118290074,119016593,1.5411578580466352e-05,0.0473220987707841
Dmxl1,18.0,50092788.0,rs3700124,8,116762716,116762716,116762716,1.5428615519323785e-05,0.04736027001217427
Krt25,11.0,99177474.0,rs13478831,6,76132093,76132093,76390846,1.545350528975341e-05,0.047419890114686905
Olfr1443,19.0,12754770.0,rs13481630,12,106753156,106753156,107634513,1.5454955068057573e-05,0.047419890114686905
Taf9,13.0,101435920.0,gnf13.102.503,13,102666993,102666993,103343044,1.5508018630448405e-05,0.04756850995981382
Bicd2,13.0,49475953.0,rs6217738,11,72486318,72486318,72978471,1.5581734385246505e-05,0.04774680669371278
Dixdc1,9.0,50471140.0,rs13480191,9,50964758,50964758,50964758,1.558307586084546e-05,0.04774680669371278
Dppa5a,9.0,78215003.0,gnf14.013.298,14,20733677,20733677,23539821,1.560221365402366e-05,0.04779328693564625
Nedd1,10.0,92147811.0,rs4165069,16,17663456,17663456,17663456,1.5629350826443856e-05,0.04784986281404542
Slc12a7,13.0,73954060.0,rs6328703,13,91841957,91841957,94569175,1.565014697774797e-05,0.04789621915446438
Tlr4,4.0,66503724.0,rs13479194,7,37555006,37555006,37568559,1.5670923604973725e-05,0.0479466315059223
Thpo,16.0,20728499.0,rs8260975,7,53682778,53682778,53682778,1.590289702003742e-05,0.04851203739033968
Magohb,6.0,131235689.0,rs13478871,6,85767550,85767550,86363606,1.592219908778736e-05,0.04854211881830841
Cyp2j11,4.0,95964336.0,rs4231742,18,11084828,11084828,11633352,1.60812729466899e-05,0.04896901662956984
9430076C15Rik,6.0,53340357.0,RBMS3_AFFY_1452761,9,116482254,116482254,116482254,1.6086238938166068e-05,0.048976887011427196
Zmym2,14.0,57578750.0,rs13479995,8,116236688,116236688,116313820,1.6107738961865484e-05,0.049020576154943256
Akr7a5,4.0,138874239.0,rs3686214,4,139112380,139112380,140081803,1.6148360043876188e-05,0.04910786489222283
Gmpr2,14.0,56297079.0,CEL-6_10519419,6,10733841,10733841,11226305,1.6156210653674794e-05,0.04911754811432321
Rpl36al,12.0,70283799.0,D7Mit270,7,47287212,47287212,47287212,1.6189293768622686e-05,0.04918393451719083
Dmwd,7.0,19667654.0,gnf07.011.425,7,17808155,17808155,19678759,1.6200566115798043e-05,0.04920841684598307
St3gal6,16.0,58470781.0,rs4189478,16,57552272,57552272,59697756,1.629941360821064e-05,0.049450235289587245
Spatc1,15.0,76122937.0,rs13476520,2,57861768,57861768,58748696,1.630925864092189e-05,0.04945821640392737
Sgk1,10.0,21719390.0,rs13482338,14,101113741,101113741,101641911,1.635450709069348e-05,0.049580812113471914
Bnip3l,14.0,67604088.0,rs13482225,14,65324729,65324729,69379833,1.6375038235718267e-05,0.0496202892303452
Map3k13,16.0,21930244.0,rs6292290,11,18482775,18482775,19472318,1.640891371198374e-05,0.04970179489600433
Ggh,4.0,19981345.0,CEL-2_18096278,2,17962148,17962148,22676436,1.644926948335181e-05,0.04981669377457005
Abhd10,16.0,45731591.0,rs13478891,6,91961100,91961100,92514678,1.6472142722163576e-05,0.049863937540530874
Otud3,4.0,138451398.0,rs6234904,4,138152372,138152372,138711175,1.650651972565974e-05,0.04993232606535549
Olfml2a,2.0,38816871.0,rs6299827,8,102918417,102918417,102918417,1.6515071267610723e-05,0.049941820836654785
