gene,gene_chr,gene_pos,snp,snp_chr,snp_pos,run_end,p_value,q_value,distance_bp,type
Hspa8,9.0,40609356.0,rs6240566,9,40268402,40515147,3.2013082135060386e-30,5.455211330579973e-23,94209.0,cis
Gm22289,7.0,67049641.0,rs13479276,7,65717523,66413236,3.4875356790998025e-30,5.455211330579973e-23,636405.0,cis
Rpl3,15.0,79908225.0,rs3667755,15,78741347,81745213,6.264050157905574e-30,6.532161109540842e-23,0.0,cis
Hdhd3,4.0,62160046.0,rs13477735,4,61518987,61518987,6.761728311020754e-29,5.288355488036889e-22,641059.0,cis
Gm26337,7.0,66678425.0,rs13479276,7,65717523,66413236,4.551342958553972e-27,2.847688449543571e-20,265189.0,cis
Pttg1,11.0,43233764.0,D11Mit20,11,44552713,46029522,1.1202778465624372e-26,5.841137280773372e-20,1318949.0,cis
Dlg4,11.0,69830717.0,rs13481087,11,69415411,70265537,2.933591821291266e-26,1.3110660211785676e-19,0.0,cis
Alad,4.0,62170202.0,rs13477735,4,61518987,61518987,4.3096991505232707e-26,1.6853103308891366e-19,651215.0,cis
Aldh7a1,18.0,56685390.0,CEL-18_56957668,18,56618687,56763124,1.4686426270703821e-25,4.2594386878394323e-19,0.0,cis
Sat2,11.0,69435554.0,rs13481087,11,69415411,70265537,1.4780249585327018e-25,4.2594386878394323e-19,0.0,cis
Gm26499,7.0,66632952.0,rs13479276,7,65717523,66413236,1.497690726008834e-25,4.2594386878394323e-19,219716.0,cis
Pla2g4e,2.0,119992148.0,UT_2_119.151187,2,118706767,121192484,1.7571312529264352e-25,4.58084791204902e-19,0.0,cis
Cbx7,15.0,79746237.0,rs3667755,15,78741347,81745213,1.967768017389486e-25,4.7353650133339595e-19,0.0,cis
Prss41,17.0,23973752.0,CEL-17_21879142,17,23322637,26350810,2.9881537828443735e-25,6.677252885541242e-19,0.0,cis
Glo1,2.0,35195929.0,rs13482942,17,30022647,31061912,3.221846522584447e-25,6.719492987831459e-19,,trans
4833420G17Rik,13.0,120251566.0,rs13482038,13,120059029,120203851,2.2703375384239315e-24,4.37508985646857e-18,47715.0,cis
Cyb5r3,15.0,82983925.0,rs13482677,15,82944825,83609704,2.421856622106866e-24,4.37508985646857e-18,0.0,cis
AA388235,17.0,34118437.0,rs3672987,17,33247165,35667114,2.5173092194160004e-24,4.37508985646857e-18,0.0,cis
H2-Q2,17.0,35479278.0,rs3672987,17,33247165,35667114,2.795274596593428e-24,4.602499950655803e-18,0.0,cis
Mcm6,1.0,130228167.0,gnf01.128.089,1,130357592,130357592,5.391758124620299e-24,8.433800459574758e-18,129425.0,cis
Ermard,17.0,15190178.0,rs13482868,17,10586984,11481618,1.0704034865283663e-23,1.5945977100530377e-17,3708560.0,trans
LOC102640399,7.0,66948590.0,rs13479276,7,65717523,66413236,1.3010960895447185e-23,1.787735671976361e-17,535354.0,cis
Gm10590,4.0,42472325.0,D4Mit286,4,43209772,43209772,1.3143415162941617e-23,1.787735671976361e-17,737447.0,cis
Rfk,19.0,17468573.0,rs13483545,19,17198568,18018146,1.472927489543655e-23,1.9199638057311762e-17,0.0,cis
Bai1,15.0,74346626.0,CEL-15_73825145,15,73370669,74082232,2.431691274321131e-23,3.042925667346435e-17,264394.0,cis
Gm10476,12.0,18911782.0,rs6180964,12,16835276,26476092,2.8815355603918855e-23,3.46715734699752e-17,0.0,cis
Pttg1,11.0,43233764.0,UT_11_44.038626,11,44227084,44227084,4.112809604183712e-23,4.765382401723149e-17,993320.0,cis
Gzmk,13.0,113961816.0,rs13482018,13,113426472,114047798,7.896077007005541e-23,8.822187010953702e-17,0.0,cis
Cuedc1,11.0,87912751.0,rs3720112,11,87668082,88249193,9.849338230120154e-23,1.0625074146918534e-16,0.0,cis
Mkl2,16.0,13415590.0,rs4164131,16,14378705,15051845,1.3163061217139524e-22,1.3726460420593628e-16,963115.0,cis
Ublcp1,11.0,44268075.0,D11Mit20,11,44552713,46029522,3.5526324820351647e-22,3.585184451260718e-16,284638.0,cis
Coq2,5.0,101083740.0,rs3683611,5,100641822,101998196,5.7882011794861895e-22,5.658698498634381e-16,0.0,cis
Rfk,19.0,17468573.0,rs3686467,19,16955951,16955951,7.501042187267146e-22,6.90185143630606e-16,512622.0,cis
Rfk,19.0,17468573.0,rs13483541,19,15843736,16153409,7.501042187267146e-22,6.90185143630606e-16,1315164.0,cis
Sec24d,3.0,122970414.0,rs3691246,3,122177061,123077046,1.0300065733481576e-21,9.056573454133344e-16,0.0,cis
Ivd,2.0,118687718.0,UT_2_119.151187,2,118706767,121192484,1.0421818339891214e-21,9.056573454133344e-16,19049.0,cis
Pdxdc1,16.0,13834023.0,rs4162800,16,12472871,13902480,1.1796498810400642e-21,9.711637142724183e-16,0.0,cis
Pdxdc1,16.0,13834023.0,rs4162066,16,11840922,11840922,1.1796498810400642e-21,9.711637142724183e-16,1993101.0,cis
Pdxdc1,16.0,13834023.0,rs4164131,16,14378705,15051845,1.4231708412561053e-21,1.1416036426593513e-15,544682.0,cis
Zfp125,12.0,20905683.0,rs6180964,12,16835276,26476092,1.6848456451946072e-21,1.3177197166791943e-15,0.0,cis
Mela,8.0,125949778.0,rs3724833,9,74735877,77217284,1.9196571111689535e-21,1.4647473504886988e-15,,trans
Mkl2,16.0,13415590.0,rs4162066,16,11840922,11840922,2.5064534580590984e-21,1.8235350064832535e-15,1574668.0,cis
Mkl2,16.0,13415590.0,rs4162800,16,12472871,13902480,2.5064534580590984e-21,1.8235350064832535e-15,0.0,cis
Comt,16.0,18407622.0,rs4165081,16,19883171,19883171,3.172796381817642e-21,2.2558615444867427e-15,1475549.0,cis
Gm22289,7.0,67049641.0,D7Mit199,7,73078958,73078958,3.660170307202572e-21,2.5445541390746535e-15,6029317.0,trans
Fggy,4.0,95246152.0,rs6180964,12,16835276,26476092,5.814470269989259e-21,3.9543512041734e-15,,trans
Abca3,17.0,24488991.0,CEL-17_21879142,17,23322637,26350810,7.218426995974347e-21,4.7360786185385836e-15,0.0,cis
Mcm6,1.0,130228167.0,gnf01.127.292,1,129548234,130226591,7.418089473094068e-21,4.7360786185385836e-15,1576.0,cis
Mcm6,1.0,130228167.0,gnf01.126.387,1,128625711,129064813,7.418089473094068e-21,4.7360786185385836e-15,1163354.0,cis
Pttg1,11.0,43233764.0,rs3706713,11,42844127,43546318,1.469651065943329e-20,9.195326310184027e-15,0.0,cis
Gm26337,7.0,66678425.0,D7Mit199,7,73078958,73078958,1.5132052436100493e-20,9.282192636968233e-15,6400533.0,trans
G730007D18Rik,12.0,20900799.0,rs6180964,12,16835276,26476092,1.575307060307083e-20,9.477303565148378e-15,0.0,cis
Sh3bp1,15.0,78730216.0,rs3667755,15,78741347,81745213,2.292427206976341e-20,1.3531395885792336e-14,11131.0,cis
Rarres1,3.0,67282894.0,rs3674751,3,65474784,66254082,2.5059382207533844e-20,1.4418104319171447e-14,1028812.0,cis
Gm9936,5.0,115307081.0,rs3719767,5,115597884,116556465,2.5348247395954782e-20,1.4418104319171447e-14,290803.0,cis
BC026585,1.0,159388711.0,rs13476187,1,156052564,156052564,2.6182299835278604e-20,1.462657629344015e-14,3336147.0,trans
Acp1,12.0,31578191.0,rs3707174,12,30398066,31568401,3.079035252715351e-20,1.6899066751152398e-14,9790.0,cis
Rasgef1a,6.0,118030382.0,rs13478993,6,117050639,119361486,3.4425210029839315e-20,1.826186817752308e-14,0.0,cis
Ublcp1,11.0,44268075.0,UT_11_44.038626,11,44227084,44227084,3.444088473958457e-20,1.826186817752308e-14,40991.0,cis
Acaa1a,9.0,119250412.0,rs8254361,9,119247088,120169737,3.909654564922261e-20,2.0384968875523e-14,0.0,cis
Eapp,12.0,55774448.0,rs13481462,12,55741344,56422769,4.0574590809270525e-20,2.0610675793139543e-14,0.0,cis
Glo1,2.0,35195929.0,CEL-17_29648158,17,31179361,31326531,4.1320212445147755e-20,2.0610675793139543e-14,,trans
Xrcc3,12.0,113041403.0,rs13481650,12,112426349,113741491,4.150590287994689e-20,2.0610675793139543e-14,0.0,cis
Rarres1,3.0,67282894.0,D3Mit241,3,66391506,67016944,4.297148983857102e-20,2.1005032262474816e-14,265950.0,cis
BC026585,1.0,159388711.0,rs6181202,1,156456243,159872935,5.015831802498696e-20,2.414084812886648e-14,0.0,cis
Gm26499,7.0,66632952.0,D7Mit199,7,73078958,73078958,5.621727561996364e-20,2.664702782560032e-14,6446006.0,trans
Hdhd3,4.0,62160046.0,rs3712541,4,59848202,59848202,5.820992999045864e-20,2.7179733245944586e-14,2311844.0,trans
Dcaf8,1.0,174078215.0,rs8242766,1,172981863,174164127,6.393352758838227e-20,2.873811976560164e-14,0.0,cis
C530030P08Rik,11.0,32625889.0,rs13480932,11,28975003,29445002,6.430333159566748e-20,2.873811976560164e-14,3180887.0,trans
C530030P08Rik,11.0,32625889.0,rs13480937,11,30059387,33390350,6.430333159566748e-20,2.873811976560164e-14,0.0,cis
Nxpe4,9.0,47970106.0,gnf09.042.496,9,48017410,49071871,6.925349369132719e-20,3.0514499750706895e-14,47304.0,cis
AA388235,17.0,34118437.0,rs13482967,17,37015393,39314866,7.69686272629763e-20,3.3442917720163956e-14,2896956.0,trans
Ppp1r12b,1.0,136646075.0,rs13476118,1,135891044,138214494,1.017721873843156e-19,4.3614325913034914e-14,0.0,cis
Snord53,17.0,71990219.0,rs3701107,17,70599746,72001677,1.2321000922607358e-19,5.2087940490390674e-14,0.0,cis
Gm4924,10.0,81817000.0,gnf10.081.801,10,82278517,84148125,1.358208357862574e-19,5.665367032660964e-14,461517.0,cis
Dlg4,11.0,69830717.0,rs3715924,11,67192419,67351936,2.341801139007366e-19,9.514417474747901e-14,2478781.0,trans
Dlg4,11.0,69830717.0,UT_11_68.607315,11,68849650,69141399,2.341801139007366e-19,9.514417474747901e-14,689318.0,cis
Mrpl35,6.0,71762997.0,mhcCD8b4,6,71278246,75834707,2.960354025622346e-19,1.1873314296648031e-13,0.0,cis
Rps18,17.0,34088944.0,rs3672987,17,33247165,35667114,3.0816973300236237e-19,1.1944211406936996e-13,0.0,cis
Plekhh2,17.0,84911235.0,rs13483136,17,84146862,85144748,3.0934152901388446e-19,1.1944211406936996e-13,0.0,cis
Gm22289,7.0,67049641.0,rs3693478,7,67179979,70463288,3.1098573804915446e-19,1.1944211406936996e-13,130338.0,cis
Alad,4.0,62170202.0,rs3712541,4,59848202,59848202,3.130750208489125e-19,1.1944211406936996e-13,2322000.0,trans
Hspa8,9.0,40609356.0,UT_9_38.426043,9,37454776,39934734,3.3168036178996065e-19,1.250157071751057e-13,674622.0,cis
Pla2g4e,2.0,119992148.0,rs13476723,2,117118532,118639998,3.910853919951887e-19,1.456515880131609e-13,1352150.0,cis
Tnnt2,1.0,137732931.0,rs13476118,1,135891044,138214494,4.787522823003221e-19,1.7620362849515602e-13,0.0,cis
Dlg4,11.0,69830717.0,UT_11_70.128831,11,70371167,72266233,4.878843351577773e-19,1.77476697485527e-13,540450.0,cis
Prss41,17.0,23973752.0,rs13482930,17,26950947,27588409,5.249172908407142e-19,1.887532950903021e-13,2977195.0,trans
Mcm6,1.0,130228167.0,D1Mit218,1,129336687,129336687,6.371356223125192e-19,2.2650204678026678e-13,891480.0,cis
Naaa,5.0,92687119.0,rs13478392,5,92179790,93586010,6.477867547116433e-19,2.2770101834370524e-13,0.0,cis
Gm26337,7.0,66678425.0,rs3693478,7,67179979,70463288,6.660111048036979e-19,2.3150580043544116e-13,501554.0,cis
Tmem132b,5.0,126229605.0,rs3711495,5,126622830,126622830,6.781331454311046e-19,2.331291045691359e-13,393225.0,cis
Xrcc3,12.0,113041403.0,D12Mit280,12,112417841,112417841,6.932796314579085e-19,2.357455639281767e-13,623562.0,cis
Tmem260,14.0,49066131.0,rs3670380,14,47679977,49506930,8.101430559648721e-19,2.725220712837165e-13,0.0,cis
Gm25934,7.0,66606779.0,rs13479276,7,65717523,66413236,9.177009438310675e-19,3.054191334154737e-13,193543.0,cis
Gm26499,7.0,66632952.0,rs3693478,7,67179979,70463288,1.0168022436751458e-18,3.348388227793313e-13,547027.0,cis
H2-Q2,17.0,35479278.0,rs13482967,17,37015393,39314866,1.0885421613531513e-18,3.5472919842407713e-13,1536115.0,cis
Gm10590,4.0,42472325.0,rs13477674,4,43562053,44330250,1.1670890516580426e-18,3.7256395487925085e-13,1089728.0,cis
Gm10590,4.0,42472325.0,rs13477670,4,42803507,43197670,1.1670890516580426e-18,3.7256395487925085e-13,331182.0,cis
Gm10476,12.0,18911782.0,rs3657682,12,15739388,16592330,1.2372405657130541e-18,3.9096859364477994e-13,2319452.0,trans
Gm20472,12.0,18779275.0,rs6180964,12,16835276,26476092,1.28942226605407e-18,4.005613769872273e-13,0.0,cis
Pank2,2.0,131087973.0,rs8264884,2,130881868,131487026,1.293205459284581e-18,4.005613769872273e-13,0.0,cis
1700019G17Rik,6.0,85849044.0,rs6180964,12,16835276,26476092,1.3440994866292796e-18,4.12243825179282e-13,,trans
Ublcp1,11.0,44268075.0,rs3706713,11,42844127,43546318,1.4125460778069144e-18,4.2903064539059315e-13,721757.0,cis
Chrna3,9.0,54854240.0,rs6206488,9,54760050,57112387,1.4275558210881626e-18,4.294204036008639e-13,0.0,cis
Ulk4,9.0,120869386.0,rs13480455,9,120927360,121678392,2.0755493712012494e-18,6.183960190850568e-13,57974.0,cis
Rpl3,15.0,79908225.0,D15Mit189,15,82471605,82471605,2.1726855628174378e-18,6.412301423652511e-13,2563380.0,trans
4833403I15Rik,18.0,47009693.0,rs3716758,18,46435494,49028157,2.2625915583614198e-18,6.57973065179497e-13,0.0,cis
Cyb5r3,15.0,82983925.0,rs13482681,15,83867917,84968203,2.2714801991847754e-18,6.57973065179497e-13,883992.0,cis
4930466F19Rik,4.0,42594761.0,D4Mit286,4,43209772,43209772,2.310976081206026e-18,6.622624302906376e-13,615011.0,cis
LOC102640399,7.0,66948590.0,D7Mit199,7,73078958,73078958,2.328626780946753e-18,6.622624302906376e-13,6130368.0,trans
Rpl3,15.0,79908225.0,rs6342608,15,77990182,78589640,2.4067846404490467e-18,6.783239766117246e-13,1318585.0,cis
Zfp125,12.0,20905683.0,rs3657682,12,15739388,16592330,2.731856693317573e-18,7.63067236242454e-13,4313353.0,trans
Gm22289,7.0,67049641.0,rs4226649,7,73194873,73194873,3.786008210350493e-18,1.038961886043706e-12,6145232.0,trans
Gm22289,7.0,67049641.0,rs6345670,7,70840460,72948115,3.786008210350493e-18,1.038961886043706e-12,3790819.0,trans
Rnase6,14.0,51748765.0,rs6278789,14,50409368,52650880,3.9110776575189e-18,1.0639507247599435e-12,0.0,cis
Myo7a,7.0,105199570.0,rs3699086,7,103251219,103381987,4.762453085503793e-18,1.2843862189632983e-12,1817583.0,cis
Tmem132b,5.0,126229605.0,gnf05.120.578,5,127039910,127039910,5.153664407217258e-18,1.3780126015722003e-12,810305.0,cis
A430033K04Rik,5.0,139064104.0,rs8265855,5,138337848,139187687,5.522566435862114e-18,1.46413747811497e-12,0.0,cis
Gm4924,10.0,81817000.0,rs13459122,10,80258109,82124986,6.653257131994743e-18,1.7490823711525344e-12,0.0,cis
Gm19924,12.0,20202456.0,rs6180964,12,16835276,26476092,7.166121535951633e-18,1.8564912866189988e-12,0.0,cis
Fmn2,1.0,176431675.0,rs3682996,1,175676881,177366983,7.18051129578632e-18,1.8564912866189988e-12,0.0,cis
Btbd9,17.0,30357025.0,rs13482942,17,30022647,31061912,8.100327475574872e-18,2.0717653589414394e-12,0.0,cis
Gm26499,7.0,66632952.0,rs4226649,7,73194873,73194873,8.211818398065855e-18,2.0717653589414394e-12,6561921.0,trans
Gm26499,7.0,66632952.0,rs6345670,7,70840460,72948115,8.211818398065855e-18,2.0717653589414394e-12,4207508.0,trans
Sat2,11.0,69435554.0,rs3715924,11,67192419,67351936,8.913244491065667e-18,2.213034529109087e-12,2083618.0,trans
Sat2,11.0,69435554.0,UT_11_68.607315,11,68849650,69141399,8.913244491065667e-18,2.213034529109087e-12,294155.0,cis
Mcm6,1.0,130228167.0,rs8256197,1,130485641,130485675,1.1352461865481559e-17,2.7964640882911093e-12,257474.0,cis
Gnptab,10.0,87841877.0,CEL-10_87391383,10,87106144,88138481,1.2776679182117632e-17,3.1227048379735185e-12,0.0,cis
Gm4983,12.0,17999672.0,rs6180964,12,16835276,26476092,1.4724726287569755e-17,3.559645267375485e-12,0.0,cis
Ermard,17.0,15190178.0,rs13482864,17,9565936,10166446,1.4792008832834892e-17,3.559645267375485e-12,5023732.0,trans
BC026585,1.0,159388711.0,rs6209248,1,160302634,160302634,1.5457722408952426e-17,3.691451136617546e-12,913923.0,cis
Sat2,11.0,69435554.0,UT_11_70.128831,11,70371167,72266233,1.6734708350389448e-17,3.966131710834604e-12,935613.0,cis
LOC102637749,17.0,42864122.0,CEL-17_21879142,17,23322637,26350810,1.8089997026397518e-17,4.255099993335964e-12,16513312.0,trans
Gm24044,9.0,120037898.0,rs8254361,9,119247088,120169737,1.8364501872659068e-17,4.28743224889069e-12,0.0,cis
9030025P20Rik,17.0,15178579.0,rs13482868,17,10586984,11481618,1.8932952497088193e-17,4.387402643220162e-12,3696961.0,trans
Ivd,2.0,118687718.0,rs13476723,2,117118532,118639998,1.918674220343625e-17,4.4135215123708896e-12,47720.0,cis
Tns1,1.0,74010486.0,rs13475921,1,73464731,76386670,1.9389650043115948e-17,4.427640174253586e-12,0.0,cis
Gm5148,3.0,37613112.0,petM-02707-1,3,37307265,38297775,1.982352992532172e-17,4.493914652653197e-12,0.0,cis
Hspa8,9.0,40609356.0,rs3023208,9,40929720,40929720,2.281304591366418e-17,5.134419983907786e-12,320364.0,cis
Gzmk,13.0,113961816.0,rs13482010,13,111231270,112643344,2.3365146267518114e-17,5.221116504498321e-12,1318472.0,cis
Pttg1,11.0,43233764.0,rs6307831,11,42631877,42695301,2.4239920340385246e-17,5.378175765708849e-12,538463.0,cis
Gm26337,7.0,66678425.0,rs6345670,7,70840460,72948115,2.4799919150815055e-17,5.425467213359295e-12,4162035.0,trans
Gm26337,7.0,66678425.0,rs4226649,7,73194873,73194873,2.4799919150815055e-17,5.425467213359295e-12,6516448.0,trans
Abca3,17.0,24488991.0,rs13482930,17,26950947,27588409,3.410071115391261e-17,7.408390391470244e-12,2461956.0,trans
Gm4924,10.0,81817000.0,rs13480679,10,84376304,85585850,3.6099397122297954e-17,7.788518621698186e-12,2559304.0,trans
Naaa,5.0,92687119.0,rs13465325,5,92055406,92055406,3.762881881153256e-17,8.062888346751028e-12,631713.0,cis
Cbx7,15.0,79746237.0,rs6342608,15,77990182,78589640,4.2840261621458366e-17,9.117120511685293e-12,1156597.0,cis
Gsr,8.0,34763710.0,rs3680402,8,33934049,34520656,5.22102168659405e-17,1.10361272034058e-11,243054.0,cis
Pank2,2.0,131087973.0,rs4223510,2,131679415,131819271,5.302442927620252e-17,1.1133011306043397e-11,591442.0,cis
LOC102640399,7.0,66948590.0,rs3693478,7,67179979,70463288,5.441527935580217e-17,1.1348867349798436e-11,231389.0,cis
Mela,8.0,125949778.0,rs13480279,9,74382953,74382953,5.738045560778031e-17,1.188803187241561e-11,,trans
4930578G10Rik,4.0,42749077.0,D4Mit286,4,43209772,43209772,6.150205923326603e-17,1.265811348781723e-11,460695.0,cis
Mela,8.0,125949778.0,rs3672897,9,83587154,84973161,6.467743926100107e-17,1.3106086741867514e-11,,trans
Mkl2,16.0,13415590.0,rs4165065,16,17412172,17412172,6.508774553564027e-17,1.3106086741867514e-11,3996582.0,trans
C530030P08Rik,11.0,32625889.0,rs13480929,11,28095396,28719020,6.528339673985474e-17,1.3106086741867514e-11,3906869.0,trans
Ppp1r12b,1.0,136646075.0,rs6406033,1,138462986,141128164,6.535438324478018e-17,1.3106086741867514e-11,1816911.0,cis
Rnf169,7.0,107068767.0,rs3699086,7,103251219,103381987,7.529476574576239e-17,1.5003343408596527e-11,3686780.0,trans
6330403K07Rik,11.0,70845443.0,UT_11_70.128831,11,70371167,72266233,7.74768679898219e-17,1.534044241854124e-11,0.0,cis
Gm13375,2.0,20891520.0,rs13476364,2,19000350,22676436,7.952744169399319e-17,1.564742229067422e-11,0.0,cis
Dlg4,11.0,69830717.0,rs13481070,11,64909099,67090601,8.896280931270195e-17,1.7394478867673725e-11,2740116.0,trans
Pdxdc1,16.0,13834023.0,rs4165065,16,17412172,17412172,9.76715381769467e-17,1.8978639088312776e-11,3578149.0,trans
Ackr1,1.0,175261942.0,rs13476241,1,174792335,175262195,1.2608161675225137e-16,2.434779690266545e-11,0.0,cis
Fam45a,19.0,60887514.0,UT_4_59.889299,19,60157522,61116699,1.3041577122329953e-16,2.5030263718252632e-11,0.0,cis
Ermard,17.0,15190178.0,rs13482873,17,11606730,21646617,1.353243509048601e-16,2.5813983040413322e-11,0.0,cis
Gm25156,7.0,66608653.0,rs13479276,7,65717523,66413236,1.8425835287610061e-16,3.479030104291382e-11,195417.0,cis
Fggy,4.0,95246152.0,rs3657682,12,15739388,16592330,1.846049572080189e-16,3.479030104291382e-11,,trans
Glul,1.0,155747075.0,CEL-1_152888326,1,154761280,155750989,1.8892755346115344e-16,3.539172618650409e-11,0.0,cis
Tmem132b,5.0,126229605.0,rs3671202,5,125290218,125382920,1.9873845849416724e-16,3.700799450893225e-11,846685.0,cis
Ang,14.0,51710792.0,rs6278789,14,50409368,52650880,2.0601214560193386e-16,3.813546413946507e-11,0.0,cis
9030617O03Rik,12.0,102017316.0,D12Mit231,12,101804026,101804026,2.1974420201994509e-16,4.043816308367797e-11,213290.0,cis
Pla2g4e,2.0,119992148.0,rs13476740,2,121412769,122144319,2.3761991202452017e-16,4.347200151047393e-11,1420621.0,cis
Fam45a,19.0,60887514.0,rs3711945,19,58785854,59396319,2.4072640963788196e-16,4.378427949143222e-11,1491195.0,cis
2310040G07Rik,5.0,77357393.0,rs3153753,5,76574922,77567065,2.432929554891168e-16,4.3995306421950764e-11,0.0,cis
LOC102640399,7.0,66948590.0,rs6345670,7,70840460,72948115,2.534262931923937e-16,4.530399893623047e-11,3891870.0,trans
LOC102640399,7.0,66948590.0,rs4226649,7,73194873,73194873,2.534262931923937e-16,4.530399893623047e-11,6246283.0,trans
Gm6195,1.0,9792275.0,rs13478602,6,3797192,8298428,2.6341223826716434e-16,4.682159419836891e-11,,trans
Fan1,7.0,71491644.0,D7Mit199,7,73078958,73078958,2.803651928236964e-16,4.955343270675361e-11,1587314.0,cis
Cbx7,15.0,79746237.0,D15Mit189,15,82471605,82471605,3.190620823641088e-16,5.6076139671542524e-11,2725368.0,trans
Ildr2,1.0,168184552.0,UT_1_169.988189,1,168323143,169017891,3.3075887260656104e-16,5.780712729347372e-11,138591.0,cis
2810001A02Rik,15.0,86044462.0,rs13482687,15,85776069,86099724,3.3640748892218964e-16,5.846770754547929e-11,0.0,cis
4933409K07Rik,4.0,42600737.0,D4Mit286,4,43209772,43209772,3.513985582936008e-16,6.073573846403696e-11,609035.0,cis
Neo1,9.0,58722486.0,rs4227700,9,58724842,59934577,3.5409611805032715e-16,6.08657101401531e-11,2356.0,cis
Mela,8.0,125949778.0,rs13480288,9,77247379,77779277,4.175691095325552e-16,7.125870912401682e-11,,trans
Dlg4,11.0,69830717.0,rs13481068,11,64596125,64596125,4.1911466562921865e-16,7.125870912401682e-11,5234592.0,trans
Tmem203,2.0,25110974.0,CEL-2_24053663,2,23949161,26223875,4.2627792850114754e-16,7.178968538388835e-11,0.0,cis
Aldh7a1,18.0,56685390.0,rs13483377,18,57241644,57397915,4.2682719113132725e-16,7.178968538388835e-11,556254.0,cis
Adat2,10.0,13273035.0,rs4228112,10,12729007,13131982,4.87280639141701e-16,8.151930443753141e-11,141053.0,cis
C530030P08Rik,11.0,32625889.0,rs13480935,11,29456156,29670526,5.307478888666422e-16,8.831883707290917e-11,2955363.0,trans
Rps18,17.0,34088944.0,rs13482967,17,37015393,39314866,5.49509456602108e-16,9.095703236918175e-11,2926449.0,trans
9030617O03Rik,12.0,102017316.0,gnf12.100.410,12,103431463,103766711,5.88296316571854e-16,9.68646791013918e-11,1414147.0,cis
Ivd,2.0,118687718.0,rs13476740,2,121412769,122144319,6.6185992969646e-16,1.084065784616797e-10,2725051.0,trans
Cox18,5.0,90643753.0,rs13478386,5,90500266,90712226,6.663215684110032e-16,1.0856893019251026e-10,0.0,cis
Rnps1,6.0,7932358.0,CEL-17_21879142,17,23322637,26350810,7.004388581657968e-16,1.1353658787070603e-10,,trans
Pdxdc1,16.0,13834023.0,rs4161857,16,11503654,11503654,7.649159901393838e-16,1.2271624113669758e-10,2330369.0,trans
Pdxdc1,16.0,13834023.0,rs4161352_UT,16,11886515,11886515,7.649159901393838e-16,1.2271624113669758e-10,1947508.0,cis
Eapp,12.0,55774448.0,rs13481466,12,57107315,58773265,7.719933507517438e-16,1.2321977294189636e-10,1332867.0,cis
Coq2,5.0,101083740.0,rs13478413,5,99431953,100477633,8.31692368656502e-16,1.3207463106040086e-10,606107.0,cis
Npl,1.0,155350145.0,CEL-1_152888326,1,154761280,155750989,8.431628866326431e-16,1.332199319742848e-10,0.0,cis
Comt,16.0,18407622.0,rs4165279,16,21323714,21339076,9.02348369808776e-16,1.418548136136822e-10,2916092.0,trans
Trim12a,7.0,111392519.0,rs13459173,7,112784815,114369537,1.098029374311803e-15,1.717540072766083e-10,1392296.0,cis
Sh3bp1,15.0,78730216.0,D15Mit189,15,82471605,82471605,1.1120713927326933e-15,1.7308503783847583e-10,3741389.0,trans
Myo7a,7.0,105199570.0,rs13479416,7,103132457,103132457,1.1487513278378109e-15,1.7790885832989683e-10,2067113.0,trans
Gm3893,4.0,41960598.0,D4Mit286,4,43209772,43209772,1.204306819970272e-15,1.8559403918257984e-10,1249174.0,cis
Dlg4,11.0,69830717.0,rs3677986,11,67961048,68740438,1.250776463896395e-15,1.9181053153064785e-10,1090279.0,cis
Gm9292,12.0,22888215.0,rs6180964,12,16835276,26476092,1.311570648051355e-15,2.0015237310189464e-10,0.0,cis
8430419L09Rik,6.0,135148070.0,rs13479065,6,136698275,137509362,1.340705595571615e-15,2.0360531807922233e-10,1550205.0,cis
Gm25934,7.0,66606779.0,D7Mit199,7,73078958,73078958,1.3592868457875633e-15,2.0542991406189872e-10,6472179.0,trans
Dthd1,5.0,63209761.0,rs3704920,5,60835061,63372868,1.4000713997136412e-15,2.1057643303810546e-10,0.0,cis
Scg5,2.0,113616524.0,CEL-2_113459249,2,113408432,113667509,1.4238992804951554e-15,2.1313555306400642e-10,0.0,cis
9030617O03Rik,12.0,102017316.0,rs6310820,12,101866284,103122572,1.5205360357870717e-15,2.2544321937545214e-10,0.0,cis
9030617O03Rik,12.0,102017316.0,rs6177548,12,101182677,101182677,1.5205360357870717e-15,2.2544321937545214e-10,834639.0,cis
Pyroxd2,19.0,42801409.0,rs13483633,19,42643144,44650782,1.5685868606890046e-15,2.3147048823014346e-10,0.0,cis
Tmem159,7.0,127245940.0,D7Mit330,7,126800204,127836780,1.6294263785320586e-15,2.3931948253338183e-10,0.0,cis
Nxpe4,9.0,47970106.0,UT_9_51.41601,9,49215836,49989194,1.6776398382657142e-15,2.4524935454082783e-10,1245730.0,cis
G730007D18Rik,12.0,20900799.0,rs3657682,12,15739388,16592330,1.7093051840062867e-15,2.487161953697262e-10,4308469.0,trans
Sec24d,3.0,122970414.0,rs6259281,3,120606858,121998618,1.727399959661653e-15,2.500552473284114e-10,971796.0,cis
Kif17,4.0,137818166.0,rs6234904,4,138152372,139225623,1.7344939548505099e-15,2.500552473284114e-10,334206.0,cis
Vars2,17.0,35792579.0,rs3672987,17,33247165,35667114,1.878243213343455e-15,2.69536913235892e-10,125465.0,cis
Hjurp,1.0,90155662.0,rs6269442,1,3482276,4811063,1.9010615354936036e-15,2.715657375580481e-10,85344599.0,trans
Pigz,16.0,31934040.0,D16Mit58,16,32312108,32312108,2.0826057086102942e-15,2.9614696721830477e-10,378068.0,cis
Ppp1r12b,1.0,136646075.0,gnf01.132.831,1,135115364,135695643,2.3062367415786937e-15,3.264634222191763e-10,950432.0,cis
Alad,4.0,62170202.0,UT_4_58.126445,4,58386897,59713470,2.367939715179195e-15,3.3368799538240014e-10,2456732.0,trans
Rfk,19.0,17468573.0,rs13483543,19,16497187,16497187,2.6076113483629065e-15,3.65761491787609e-10,971386.0,cis
Pigz,16.0,31934040.0,rs4169271,16,31615882,32194865,2.6189251275370337e-15,3.65761491787609e-10,0.0,cis
Polr1a,6.0,71859067.0,mhcCD8b4,6,71278246,75834707,2.75544573136742e-15,3.8165051327231944e-10,0.0,cis
Mkl2,16.0,13415590.0,rs4161857,16,11503654,11503654,2.769292262030829e-15,3.8165051327231944e-10,1911936.0,cis
Mkl2,16.0,13415590.0,rs4161352_UT,16,11886515,11886515,2.769292262030829e-15,3.8165051327231944e-10,1529075.0,cis
Btbd9,17.0,30357025.0,CEL-17_29648158,17,31179361,31326531,3.014669455024253e-15,4.1364499081479677e-10,822336.0,cis
Rpa3,6.0,8205936.0,rs13478602,6,3797192,8298428,3.3495928001909493e-15,4.5759307966132076e-10,0.0,cis
Gm10590,4.0,42472325.0,rs3694836,4,45985764,46553371,3.4435528413631193e-15,4.683837630114545e-10,3513439.0,trans
Sat2,11.0,69435554.0,rs13481070,11,64909099,67090601,3.621393274866491e-15,4.904408389394544e-10,2344953.0,trans
Myo7a,7.0,105199570.0,rs3023151,7,103823533,107944155,3.960239533742541e-15,5.317266770155373e-10,0.0,cis
Myo7a,7.0,105199570.0,CEL-7_88290939,7,108094541,111033533,3.960239533742541e-15,5.317266770155373e-10,2894971.0,trans
Ang,14.0,51710792.0,rs3666583,14,52760254,54864244,4.181613771968632e-15,5.590504170790607e-10,1049462.0,cis
Gm25934,7.0,66606779.0,rs3693478,7,67179979,70463288,4.33582455015489e-15,5.759312794670754e-10,573200.0,cis
Fan1,7.0,71491644.0,rs4226649,7,73194873,73194873,4.363109338021587e-15,5.759312794670754e-10,1703229.0,cis
Fan1,7.0,71491644.0,rs6345670,7,70840460,72948115,4.363109338021587e-15,5.759312794670754e-10,0.0,cis
Bai1,15.0,74346626.0,D15Mit105,15,72331040,73220024,4.7602101515716035e-15,6.257085434934161e-10,1126602.0,cis
Dlg4,11.0,69830717.0,rs3695202,11,64515287,64515287,5.1933238130788545e-15,6.797831843567125e-10,5315430.0,trans
Hdhd3,4.0,62160046.0,rs3690581,4,62368291,62368291,5.261404324314384e-15,6.858250621102088e-10,208245.0,cis
Lincenc1,13.0,98264754.0,rs4230010,13,96470955,99427278,5.4848380691750934e-15,7.119830973386922e-10,0.0,cis
Ublcp1,11.0,44268075.0,rs6307831,11,42631877,42695301,5.8346914423146456e-15,7.525484262799331e-10,1572774.0,cis
Pfdn6,17.0,34075864.0,rs3672987,17,33247165,35667114,5.8454481107086905e-15,7.525484262799331e-10,0.0,cis
Apoa2,1.0,173155220.0,rs8242766,1,172981863,174164127,5.935011379881923e-15,7.609474140112686e-10,0.0,cis
4930466F19Rik,4.0,42594761.0,rs13477670,4,42803507,43197670,6.048376511661932e-15,7.691775976266318e-10,208746.0,cis
4930466F19Rik,4.0,42594761.0,rs13477674,4,43562053,44330250,6.048376511661932e-15,7.691775976266318e-10,967292.0,cis
H2-Q2,17.0,35479278.0,rs6242153,17,32068298,32078991,6.131282485134991e-15,7.765640619593415e-10,3400287.0,trans
Gm25934,7.0,66606779.0,rs6345670,7,70840460,72948115,6.234320175814662e-15,7.832721251362006e-10,4233681.0,trans
Gm25934,7.0,66606779.0,rs4226649,7,73194873,73194873,6.234320175814662e-15,7.832721251362006e-10,6588094.0,trans
Glo1,2.0,35195929.0,rs13482947,17,31769796,31769796,6.2721816696930674e-15,7.848768795001389e-10,,trans
Adat2,10.0,13273035.0,rs4228121,10,13407602,14123191,6.307208927083003e-15,7.861155944481089e-10,134567.0,cis
Ociad1,5.0,73684063.0,rs3707918,5,73733816,74027160,6.761593278180089e-15,8.394047426503044e-10,49753.0,cis
Mroh7,4.0,106353243.0,rs13477919,4,104961980,107061697,6.93775743596269e-15,8.578700504486121e-10,0.0,cis
2810002D19Rik,2.0,94246308.0,gnf02.092.283,2,93727076,97874848,6.9703956000717175e-15,8.585125062631544e-10,0.0,cis
Tnni1,1.0,137696016.0,rs13476118,1,135891044,138214494,7.073778731310545e-15,8.678290949966303e-10,0.0,cis
Hdhd3,4.0,62160046.0,UT_4_58.126445,4,58386897,59713470,7.293530371606783e-15,8.910232223070203e-10,2446576.0,trans
Scg5,2.0,113616524.0,rs13476709,2,114022898,115248630,7.319800262820998e-15,8.910232223070203e-10,406374.0,cis
Glb1,9.0,114310237.0,gnf09.111.943,9,114377914,114377914,7.398155360941824e-15,8.970706690963201e-10,67677.0,cis
Eno3,11.0,70470706.0,rs13481087,11,69415411,70265537,7.457062722400262e-15,9.007223676928765e-10,205169.0,cis
Mcmdc2,1.0,9898719.0,D1Mit1,1,11505583,11505583,7.704693524202676e-15,9.270537947194563e-10,1606864.0,cis
Gabbr1,17.0,37182911.0,rs3672987,17,33247165,35667114,7.755221401743254e-15,9.295582493192352e-10,1515797.0,cis
Ntn4,10.0,93103946.0,rs6397304,10,92435431,93979400,7.916544448734574e-15,9.452730560887674e-10,0.0,cis
Fam45a,19.0,60887514.0,rs3658400,19,59530841,60010466,8.129868344322398e-15,9.67053898318349e-10,877048.0,cis
Rnase6,14.0,51748765.0,rs3666583,14,52760254,54864244,8.261820618018719e-15,9.790271827948714e-10,1011489.0,cis
Psmb6,11.0,70338888.0,UT_11_70.128831,11,70371167,72266233,8.35677356923013e-15,9.865422217033193e-10,32279.0,cis
Eno3,11.0,70470706.0,UT_11_70.128831,11,70371167,72266233,8.760679801955226e-15,1.0303365034422487e-09,0.0,cis
Chrna3,9.0,54854240.0,rs3689326,9,53767155,54508270,8.883120357761354e-15,1.0408237673997852e-09,345970.0,cis
Gm22289,7.0,67049641.0,gnf07.050.858,7,63779524,65367119,9.01663421558606e-15,1.0525253715133143e-09,1682522.0,cis
Pnpla3,15.0,83998258.0,rs13482677,15,82944825,83609704,9.213227098361525e-15,1.0714759120951245e-09,388554.0,cis
AI413582,17.0,27700714.0,rs13482934,17,27985170,29917068,9.275363527367755e-15,1.0747070342847967e-09,284456.0,cis
Spint1,2.0,119063141.0,UT_2_119.151187,2,118706767,121192484,9.317679653982371e-15,1.0756262690348656e-09,0.0,cis
Mcmdc2,1.0,9898719.0,D1Mit294,1,11731388,12711281,9.874657393940733e-15,1.1357324858319193e-09,1832669.0,cis
Sat2,11.0,69435554.0,rs6217738,11,72486318,72978471,1.052077952267378e-14,1.2056137382534233e-09,3050764.0,trans
Fancl,11.0,26287084.0,rs3023251,11,20853304,27484969,1.0685180587256543e-14,1.2199842372629225e-09,0.0,cis
Rfk,19.0,17468573.0,rs4136257,19,15440659,15599162,1.1732837148717074e-14,1.3347295166217228e-09,1869411.0,cis
Clpb,7.0,108938806.0,rs3699086,7,103251219,103381987,1.2100035958153835e-14,1.371514788103401e-09,5556819.0,trans
Rbm46,3.0,82641155.0,rs6243021,3,84948288,85493836,1.230569085215311e-14,1.389789886933347e-09,2307133.0,trans
Dpp7,2.0,25207807.0,CEL-2_24053663,2,23949161,26223875,1.2635988728798044e-14,1.4219599016086315e-09,0.0,cis
Gm5148,3.0,37613112.0,rs3151902,3,36502923,36502923,1.3444899776530473e-14,1.5075658174708568e-09,1110189.0,cis
Rnf169,7.0,107068767.0,rs13479416,7,103132457,103132457,1.4393841055177566e-14,1.6082056631673696e-09,3936310.0,trans
Tmem260,14.0,49066131.0,mCV23384307,14,49708958,49708958,1.4645097290038228e-14,1.6304551505196842e-09,642827.0,cis
Mcmdc2,1.0,9898719.0,rs6298633,1,6820242,11259433,1.478310090728032e-14,1.6357084747710026e-09,0.0,cis
Fan1,7.0,71491644.0,rs3693478,7,67179979,70463288,1.4796855188110698e-14,1.6357084747710026e-09,1028356.0,cis
Abhd10,16.0,45730030.0,rs4179504,16,44259587,44662109,1.5872010441208267e-14,1.7483827632226752e-09,1067921.0,cis
Gm6195,1.0,9792275.0,rs3661828,6,3416870,3416870,1.612967201591869e-14,1.7705312326698704e-09,,trans
Gm6195,1.0,9792275.0,CEL-6_8231384,6,8447401,9131726,1.7838138382709624e-14,1.9512051244012846e-09,,trans
Ocel1,8.0,73895252.0,rs13479814,8,70845435,74265398,1.7923595094248485e-14,1.9512051244012846e-09,0.0,cis
Phgdh,3.0,98117093.0,rs13477280,3,98086968,99356961,1.7962736527991615e-14,1.9512051244012846e-09,0.0,cis
Mcm6,1.0,130228167.0,rs13459051,1,132747530,134993250,1.8101317749101384e-14,1.959454868939461e-09,2519363.0,trans
Gm4983,12.0,17999672.0,rs3657682,12,15739388,16592330,1.8395624427482006e-14,1.984446761338175e-09,1407342.0,cis
9030025P20Rik,17.0,15178579.0,rs13482864,17,9565936,10166446,1.8490751662331787e-14,1.987854039790255e-09,5012133.0,trans
Gm10590,4.0,42472325.0,rs13477678,4,45502303,45717875,1.8935886936795516e-14,2.0287368424024317e-09,3029978.0,trans
Lcmt2,2.0,120964276.0,UT_2_119.151187,2,118706767,121192484,1.9197841294821892e-14,2.0497820824843262e-09,0.0,cis
Gadd45gip1,8.0,87356181.0,rs13479825,8,85707108,85950408,1.9547854126282782e-14,2.0800543118636748e-09,1405773.0,cis
Tnnt2,1.0,137732931.0,gnf01.132.831,1,135115364,135695643,1.992355506114882e-14,2.112845467852585e-09,2037288.0,trans
Gm25089,7.0,66858017.0,rs13479276,7,65717523,66413236,2.027687506336634e-14,2.143049635873667e-09,444781.0,cis
Gnptab,10.0,87841877.0,rs6221944,10,89118121,90880555,2.062584415980598e-14,2.17259211274142e-09,1276244.0,cis
Sepn1,4.0,134093807.0,rs3664871,4,132410010,133808951,2.1176416861159947e-14,2.2156655491628873e-09,284856.0,cis
Sepn1,4.0,134093807.0,rs3663950,4,135285446,135525152,2.1176416861159947e-14,2.2156655491628873e-09,1191639.0,cis
1700001O22Rik,2.0,30651083.0,rs13459062,2,31027541,31290124,2.204957301209118e-14,2.2993328546353967e-09,376458.0,cis
Cyb5r3,15.0,82983925.0,rs13482687,15,85776069,86099724,2.2836149714822923e-14,2.3734457081109875e-09,2792144.0,trans
Pnpla3,15.0,83998258.0,rs13482681,15,83867917,84968203,2.3560053115471745e-14,2.440575448433316e-09,0.0,cis
4930578G10Rik,4.0,42749077.0,rs13477670,4,42803507,43197670,2.373134406415432e-14,2.442146247844838e-09,54430.0,cis
4930578G10Rik,4.0,42749077.0,rs13477674,4,43562053,44330250,2.373134406415432e-14,2.442146247844838e-09,812976.0,cis
Rasgef1a,6.0,118030382.0,rs13479001,6,119516194,119957168,2.414838119220015e-14,2.4769149771879488e-09,1485812.0,cis
Glul,1.0,155747075.0,rs6209248,1,160302634,160302634,2.516771456982271e-14,2.573032484696745e-09,4555559.0,trans
Scg5,2.0,113616524.0,rs13476716,2,115487885,116411066,2.5361352921620852e-14,2.5843834899746616e-09,1871361.0,cis
Entpd3,9.0,120448961.0,rs8254361,9,119247088,120169737,2.5533747600227937e-14,2.593503034019222e-09,279224.0,cis
Creg1,1.0,167693911.0,rs4222763,1,165315111,168178248,2.651187155204642e-14,2.684137893787416e-09,0.0,cis
Kif1c,11.0,70543641.0,UT_11_70.128831,11,70371167,72266233,2.713015297301545e-14,2.7378740438543618e-09,0.0,cis
Pgap2,7.0,109371588.0,rs3699086,7,103251219,103381987,2.7931086060689787e-14,2.805477075709546e-09,5989601.0,trans
Pfdn6,17.0,34075864.0,rs13482967,17,37015393,39314866,2.797940035062531e-14,2.805477075709546e-09,2939529.0,trans
Rsl1,13.0,67274118.0,rs4229817,13,66981471,67600532,2.8136309865832272e-14,2.80629850946117e-09,0.0,cis
Dnah8,17.0,30761299.0,rs13482947,17,31769796,31769796,2.8167000264953177e-14,2.80629850946117e-09,1008497.0,cis
Sepn1,4.0,134093807.0,D4Mit339,4,133923341,133923341,2.908954202942808e-14,2.889011336404957e-09,170466.0,cis
Gm26337,7.0,66678425.0,rs13479305,7,73316124,73426174,2.992446553116893e-14,2.962526443678808e-09,6637699.0,trans
Fam89b,19.0,5728087.0,gnf19.001.480,19,4609414,6372547,3.1929866348970054e-14,3.1510896139906347e-09,0.0,cis
Gm26499,7.0,66632952.0,gnf07.050.858,7,63779524,65367119,3.2359033925609114e-14,3.183400961774579e-09,1265833.0,cis
Polr1a,6.0,71859067.0,rs13478831,6,76132093,76390846,3.329034562993615e-14,3.264754558127967e-09,4273026.0,trans
Gm26337,7.0,66678425.0,gnf07.050.858,7,63779524,65367119,3.4114439565077464e-14,3.3315460325418963e-09,1311306.0,cis
Tmem132b,5.0,126229605.0,rs3701266,5,127163995,127163995,3.418439790191936e-14,3.3315460325418963e-09,934390.0,cis
Rnf38,4.0,44139082.0,D4Mit286,4,43209772,43209772,3.4842589851470215e-14,3.385146533144495e-09,929310.0,cis
Rps18,17.0,34088944.0,rs6242153,17,32068298,32078991,3.649892747913021e-14,3.5350901740178745e-09,2009953.0,trans
Sh3bp1,15.0,78730216.0,rs6342608,15,77990182,78589640,3.687557548117705e-14,3.560546912437083e-09,140576.0,cis
Gabrb2,11.0,42233259.0,rs3693664,11,42185502,42407451,3.735755733304971e-14,3.5959862832454296e-09,0.0,cis
Pyroxd2,19.0,42801409.0,D19Mit89,19,42573794,42573794,3.810202632276865e-14,3.6563973747690345e-09,227615.0,cis
Glo1,2.0,35195929.0,rs13482934,17,27985170,29917068,3.91208758457476e-14,3.742688928191611e-09,,trans
Cep112,11.0,108295448.0,rs3669823,11,107825710,109281291,3.965648440742459e-14,3.782363665854127e-09,0.0,cis
Gabbr1,17.0,37182911.0,rs13482967,17,37015393,39314866,3.98809833286212e-14,3.792214337318598e-09,0.0,cis
Arl3,19.0,46605599.0,CEL-19_44215541,19,44953380,46310146,4.068483168397721e-14,3.8569277148600014e-09,295453.0,cis
Dnah8,17.0,30761299.0,rs13482942,17,30022647,31061912,4.135680936924016e-14,3.894677932407573e-09,0.0,cis
C530030P08Rik,11.0,32625889.0,rs13480951,11,33538734,34315729,4.145212893328372e-14,3.894677932407573e-09,912845.0,cis
Gaa,11.0,119129340.0,rs6225297,11,120001237,120289357,4.145652232744198e-14,3.894677932407573e-09,871897.0,cis
Adgb,10.0,10155731.0,rs3664101,10,9329071,12004986,4.172847486900273e-14,3.908489602729717e-09,0.0,cis
Dcaf8,1.0,174078215.0,NES13029525,1,174201925,174420752,4.70590828789847e-14,4.394622428370059e-09,123710.0,cis
1700019G17Rik,6.0,85849044.0,rs3657682,12,15739388,16592330,5.0180687658992675e-14,4.672187324510593e-09,,trans
Ociad1,5.0,73684063.0,gnf05.066.286,5,72415729,73519551,5.150786752544789e-14,4.781526697412516e-09,164512.0,cis
Entpd3,9.0,120448961.0,rs13480454,9,120606956,120753781,5.275348109489188e-14,4.88266961311458e-09,157995.0,cis
Bex4,1.0,152116052.0,rs13484015,20,132663401,132751197,5.306903494042979e-14,4.897386814902693e-09,,trans
Zdhhc2,8.0,41509169.0,rs3654540,8,37656756,40414117,5.3423133185403743e-14,4.9011488446812235e-09,1095052.0,cis
Zdhhc2,8.0,41509169.0,rs4227117,8,40709630,42338973,5.3423133185403743e-14,4.9011488446812235e-09,0.0,cis
Gm26499,7.0,66632952.0,rs13479305,7,73316124,73426174,5.4019208187295064e-14,4.927190818673646e-09,6683172.0,trans
Tada1,1.0,168309431.0,UT_1_169.988189,1,168323143,169017891,5.4021990979205836e-14,4.927190818673646e-09,13712.0,cis
Rnasel,1.0,155600060.0,CEL-1_152888326,1,154761280,155750989,5.5080694051515096e-14,4.9953387325794405e-09,0.0,cis
Psmb6,11.0,70338888.0,rs6217738,11,72486318,72978471,5.508852220521307e-14,4.9953387325794405e-09,2147430.0,trans
Chrna3,9.0,54854240.0,rs3708863,9,57418928,58508897,5.70556685282695e-14,5.1587634647373856e-09,2564688.0,trans
Thoc7,14.0,14781528.0,rs13482054,14,11312993,19569109,5.748546002314018e-14,5.182644886729332e-09,0.0,cis
LOC102637749,17.0,42864122.0,rs13482930,17,26950947,27588409,5.812566705039881e-14,5.223730127534459e-09,15275713.0,trans
Gm5148,3.0,37613112.0,rs13477062,3,36739264,36836603,5.827512894302502e-14,5.223730127534459e-09,776509.0,cis
A430033K04Rik,5.0,139064104.0,rs3708411,5,136726448,137393985,5.969571690106037e-14,5.335781581530714e-09,1670119.0,cis
Gm10568,1.0,3670652.0,rs6269442,1,3482276,4811063,5.993151001940735e-14,5.341595772924788e-09,0.0,cis
Pigz,16.0,31934040.0,rs3676973,16,32425577,32471947,6.579971754843838e-14,5.847958495944187e-09,491537.0,cis
Gm10654,8.0,73455693.0,rs13479813,8,70431892,70720690,6.76345469750098e-14,5.9940007896752615e-09,2735003.0,trans
4833403I15Rik,18.0,47009693.0,mCV24106092,18,49191315,49445983,7.029711512386055e-14,6.212367749158614e-09,2181622.0,trans
Gm9866,12.0,27825667.0,rs13481357,12,27578331,28255508,7.08055169440331e-14,6.239670560932144e-09,0.0,cis
4930466F19Rik,4.0,42594761.0,rs3694836,4,45985764,46553371,7.175367336522006e-14,6.305464096141907e-09,3391003.0,trans
Zfp738,13.0,67770426.0,rs4229817,13,66981471,67600532,7.365881174011127e-14,6.454749733285661e-09,169894.0,cis
Sat2,11.0,69435554.0,rs3677986,11,67961048,68740438,7.556055821064393e-14,6.602904968847661e-09,695116.0,cis
4933409K07Rik,4.0,42600737.0,rs13477670,4,42803507,43197670,7.718277136026752e-14,6.707192693450254e-09,202770.0,cis
4933409K07Rik,4.0,42600737.0,rs13477674,4,43562053,44330250,7.718277136026752e-14,6.707192693450254e-09,961316.0,cis
4933409K07Rik,4.0,42600737.0,rs3694836,4,45985764,46553371,7.818011477184018e-14,6.775042401128886e-09,3385027.0,trans
Prss41,17.0,23973752.0,CEL-17_20354682,17,21827381,23003494,7.858984061020761e-14,6.7917353281281854e-09,970258.0,cis
Apoa2,1.0,173155220.0,NES13029525,1,174201925,174420752,8.440438341274615e-14,7.2741339208980366e-09,1046705.0,cis
Ildr2,1.0,168184552.0,rs4222799,1,169153243,169907834,8.642599822514772e-14,7.427898088108351e-09,968691.0,cis
Mrpl35,6.0,71762997.0,rs13478800,6,64766249,65067887,8.701105307435772e-14,7.455300074242303e-09,6695110.0,trans
Ulk4,9.0,120869386.0,rs13480454,9,120606956,120753781,8.722144914288526e-14,7.455300074242303e-09,115605.0,cis
Ulk4,9.0,120869386.0,rs13459114,9,121825028,121825028,8.815277900341557e-14,7.514374913816585e-09,955642.0,cis
Tnfrsf8,4.0,144858879.0,rs3675987,4,147659225,148197078,9.287400472891782e-14,7.895311511260008e-09,2800346.0,trans
Zdhhc2,8.0,41509169.0,D8Mit294,8,40490765,40490765,9.337703083009058e-14,7.916561864043284e-09,1018404.0,cis
Vars2,17.0,35792579.0,rs13482967,17,37015393,39314866,9.423486989844544e-14,7.967697310018871e-09,1222814.0,cis
BC051142,17.0,34535765.0,rs3672987,17,33247165,35667114,9.630388682717396e-14,8.120687939299472e-09,0.0,cis
Med8,4.0,118081942.0,gnf04.110.583,4,114507956,118116038,9.689974111171376e-14,8.12914204891349e-09,0.0,cis
Rbm46,3.0,82641155.0,rs3699123,3,82199891,84792918,9.701615438476174e-14,8.12914204891349e-09,0.0,cis
Mroh7,4.0,106353243.0,rs3664637,4,108237103,110787831,9.718369312887614e-14,8.12914204891349e-09,1883860.0,cis
BC026585,1.0,159388711.0,CEL-1_152888326,1,154761280,155750989,1.0230256270067626e-13,8.534501539855574e-09,3637722.0,trans
3110052M02Rik,17.0,21794171.0,rs13482873,17,11606730,21646617,1.0280768664135152e-13,8.55220085575574e-09,147554.0,cis
9030617O03Rik,12.0,102017316.0,rs13481611,12,100818237,100818237,1.0306146853958447e-13,8.55220085575574e-09,1199079.0,cis
Coa3,11.0,101139282.0,mCV22971719,11,101112194,101318783,1.0384157016928956e-13,8.594138777482228e-09,0.0,cis
Gsr,8.0,34763710.0,mCV24506226,8,31744603,33820606,1.0547720363883151e-13,8.706474117647949e-09,943104.0,cis
Abca3,17.0,24488991.0,CEL-17_20354682,17,21827381,23003494,1.0759866396850858e-13,8.858214613498328e-09,1485497.0,cis
Abhd10,16.0,45730030.0,rs4180247,16,45072729,45541113,1.0885119056038775e-13,8.930175359742279e-09,188917.0,cis
Naaa,5.0,92687119.0,rs13478398,5,94154652,97939375,1.0904366357924261e-13,8.930175359742279e-09,1467533.0,cis
Rpa3,6.0,8205936.0,CEL-6_8231384,6,8447401,9131726,1.0949272312706247e-13,8.9350511753456e-09,241465.0,cis
Gnptab,10.0,87841877.0,rs6191721,10,91382291,92120896,1.0967442163116339e-13,8.9350511753456e-09,3540414.0,trans
Coq2,5.0,101083740.0,rs3712722,5,98239478,98975792,1.1329027246783996e-13,9.205657390224517e-09,2107948.0,trans
Rnf150,8.0,85387255.0,rs13479859,8,84568955,85463661,1.1457177631975922e-13,9.285670260852482e-09,0.0,cis
Extl1,4.0,133912288.0,D4Mit339,4,133923341,133923341,1.1666726832045613e-13,9.431070255378534e-09,11053.0,cis
B4galt3,1.0,173200485.0,rs8242766,1,172981863,174164127,1.190648342042888e-13,9.600076675848824e-09,0.0,cis
Gm12321,11.0,70870674.0,gnf09.042.496,9,48017410,49071871,1.211608273338179e-13,9.74094212059316e-09,,trans
4930505A04Rik,11.0,30326004.0,rs13480937,11,30059387,33390350,1.2174602892323857e-13,9.74094212059316e-09,0.0,cis
4930505A04Rik,11.0,30326004.0,rs13480932,11,28975003,29445002,1.2174602892323857e-13,9.74094212059316e-09,881002.0,cis
8430419L09Rik,6.0,135148070.0,rs13479055,6,134571804,136350811,1.2268416986962738e-13,9.75720015601919e-09,0.0,cis
8430419L09Rik,6.0,135148070.0,rs13479064,6,136560768,136560768,1.2268416986962738e-13,9.75720015601919e-09,1412698.0,cis
Gm9292,12.0,22888215.0,rs3657682,12,15739388,16592330,1.2288489990941583e-13,9.75720015601919e-09,6295885.0,trans
Rnase6,14.0,51748765.0,mCV23384307,14,49708958,49708958,1.335081349430769e-13,1.0573859835274494e-08,2039807.0,trans
Ildr2,1.0,168184552.0,rs4222763,1,165315111,168178248,1.3476356334664592e-13,1.0646337158738347e-08,6304.0,cis
Mela,8.0,125949778.0,rs6167970,9,73368886,73954058,1.3636385812642246e-13,1.0735876941004344e-08,,trans
Psmb6,11.0,70338888.0,rs3677986,11,67961048,68740438,1.3658332501236347e-13,1.0735876941004344e-08,1598450.0,cis
9030025P20Rik,17.0,15178579.0,rs13482873,17,11606730,21646617,1.410226973891012e-13,1.1057043990387773e-08,0.0,cis
Gm22289,7.0,67049641.0,rs13479305,7,73316124,73426174,1.4227102959927334e-13,1.1127033586127572e-08,6266483.0,trans
Mela,8.0,125949778.0,rs6217039,9,78046016,83013939,1.4557309223654693e-13,1.1356896044614405e-08,,trans
Mcmdc2,1.0,9898719.0,rs8236463,1,5579194,6217922,1.481017770974357e-13,1.1525429869149069e-08,3680797.0,trans
Armcx1,20.0,131252509.0,rs13484003,20,130138456,131483757,1.4992410428621128e-13,1.1638294230765834e-08,0.0,cis
H2-Ea-ps,17.0,34478897.0,rs3672987,17,33247165,35667114,1.5217994700320197e-13,1.1784169461202309e-08,0.0,cis
Ang,14.0,51710792.0,mCV23384307,14,49708958,49708958,1.5385135347146563e-13,1.1884179800403927e-08,2001834.0,trans
Btbd9,17.0,30357025.0,rs13482934,17,27985170,29917068,1.5572662624209783e-13,1.1999406253159102e-08,439957.0,cis
Gm19924,12.0,20202456.0,rs3657682,12,15739388,16592330,1.5634686595177779e-13,1.2017598394081695e-08,3610126.0,trans
BC026585,1.0,159388711.0,rs3653666,1,160477203,161687298,1.6079630135497538e-13,1.232931100053655e-08,1088492.0,cis
Rpl29,2.0,134629629.0,rs3657415,9,105983686,106321565,1.6145405717164675e-13,1.234947714289591e-08,,trans
Frrs1,3.0,116569105.0,mCV25436350,3,112860455,117113353,1.6575866267808595e-13,1.2647808849072499e-08,0.0,cis
Sat2,11.0,69435554.0,rs13481068,11,64596125,64596125,1.725042192556679e-13,1.3118952798581592e-08,4839429.0,trans
Alad,4.0,62170202.0,rs3690581,4,62368291,62368291,1.727720433928404e-13,1.3118952798581592e-08,198089.0,cis
Gm20472,12.0,18779275.0,rs3657682,12,15739388,16592330,1.7583737837929608e-13,1.3300406876206802e-08,2186945.0,trans
Kif17,4.0,137818166.0,rs6386918,4,139323756,140081803,1.7601203011751152e-13,1.3300406876206802e-08,1505590.0,cis
Tnnt2,1.0,137732931.0,rs6406033,1,138462986,141128164,1.7700634871181438e-13,1.3343312663596246e-08,730055.0,cis
6330403K07Rik,11.0,70845443.0,rs13481087,11,69415411,70265537,1.7880517560965224e-13,1.344651283367894e-08,579906.0,cis
Mpg,11.0,32126511.0,rs13480937,11,30059387,33390350,1.8288353754842316e-13,1.3687409094037313e-08,0.0,cis
Mpg,11.0,32126511.0,rs13480932,11,28975003,29445002,1.8288353754842316e-13,1.3687409094037313e-08,2681509.0,trans
Pttg1,11.0,43233764.0,rs3693664,11,42185502,42407451,1.8660160349007887e-13,1.3932346413502119e-08,826313.0,cis
Dcaf8,1.0,174078215.0,rs13476241,1,174792335,175262195,1.9171220413408175e-13,1.4279841459266676e-08,714120.0,cis
Nmrk1,19.0,18706506.0,D19Mit16,19,20420342,20420342,1.9467771370244452e-13,1.4466286343567944e-08,1713836.0,cis
Rpl3,15.0,79908225.0,CEL-15_83283496,15,82755972,82755972,2.0002488314230215e-13,1.482840674257916e-08,2847747.0,trans
Rplp0,13.0,67911183.0,rs3719767,5,115597884,116556465,2.0380379224507346e-13,1.5072830287397922e-08,,trans
Xrcc3,12.0,113041403.0,CEL-12_104545022,12,111035058,111535845,2.0872630154262305e-13,1.5400479289786064e-08,1505558.0,cis
Otud7a,7.0,70589658.0,D7Mit199,7,73078958,73078958,2.0935823088033056e-13,1.541075888315031e-08,2489300.0,trans
Kif1c,11.0,70543641.0,rs6217738,11,72486318,72978471,2.1552592363537233e-13,1.5827518566200646e-08,1942677.0,cis
2810001A02Rik,15.0,86044462.0,rs13482681,15,83867917,84968203,2.2190538109123302e-13,1.6249411713645207e-08,1076259.0,cis
Rnf169,7.0,107068767.0,rs3023151,7,103823533,107944155,2.2282915787663125e-13,1.6249411713645207e-08,0.0,cis
Rnf169,7.0,107068767.0,CEL-7_88290939,7,108094541,111033533,2.2282915787663125e-13,1.6249411713645207e-08,1025774.0,cis
Bai1,15.0,74346626.0,rs3696311,15,70982536,72247766,2.289670226398425e-13,1.665817411336715e-08,2098860.0,trans
3632451O06Rik,14.0,50301235.0,rs6278789,14,50409368,52650880,2.3044395725765673e-13,1.672672705167185e-08,108133.0,cis
Ppp1r12b,1.0,136646075.0,rs13476138,1,141417668,141417668,2.3107161067230815e-13,1.673346041103375e-08,4771593.0,trans
Rnps1,6.0,7932358.0,rs13482930,17,26950947,27588409,2.3564025802872477e-13,1.699587167520959e-08,,trans
Snrpe,1.0,135500448.0,gnf01.132.831,1,135115364,135695643,2.3578178816899075e-13,1.699587167520959e-08,0.0,cis
Tmem144,3.0,79617057.0,rs13477204,3,75866499,81433732,2.427463657679879e-13,1.741805977038792e-08,0.0,cis
Glul,1.0,155747075.0,rs6267646,1,154395967,154628105,2.4307260191075655e-13,1.741805977038792e-08,1118970.0,cis
Fpr2,17.0,18024788.0,rs13482873,17,11606730,21646617,2.433090694106357e-13,1.741805977038792e-08,0.0,cis
Aldh7a1,18.0,56685390.0,D18Mit123,18,56130259,56130259,2.4449878524021247e-13,1.7463267681276092e-08,555131.0,cis
Zdhhc2,8.0,41509169.0,rs13479702,8,37203160,37571455,2.512000211674559e-13,1.790103193030447e-08,3937714.0,trans
Fgf2,3.0,37247772.0,petM-02707-1,3,37307265,38297775,2.595573350172673e-13,1.8454553655267274e-08,59493.0,cis
Fam20b,1.0,158608702.0,rs13476187,1,156052564,156052564,2.716313343315584e-13,1.9231021343335917e-08,2556138.0,trans
Fut10,8.0,32297804.0,rs13479673,8,30344779,31698372,2.7170754811428403e-13,1.9231021343335917e-08,599432.0,cis
Gaa,11.0,119129340.0,rs13481262,11,119216124,119896718,2.74004997573674e-13,1.934985315648918e-08,86784.0,cis
Gm3893,4.0,41960598.0,rs13477670,4,42803507,43197670,2.7891636196060095e-13,1.96081624668047e-08,842909.0,cis
Gm3893,4.0,41960598.0,rs13477674,4,43562053,44330250,2.7891636196060095e-13,1.96081624668047e-08,1601455.0,cis
Gm22748,12.0,17552955.0,rs6180964,12,16835276,26476092,2.939594884935248e-13,2.0619377040735206e-08,0.0,cis
Srp9,2.0,87366206.0,rs13476267,1,182213911,184421782,2.950580480657899e-13,2.0650133217808463e-08,,trans
Kcnj10,1.0,174271341.0,NES13029525,1,174201925,174420752,3.1452914357050063e-13,2.1963714722768183e-08,0.0,cis
Acaa1a,9.0,119250412.0,rs13480454,9,120606956,120753781,3.1821693467923705e-13,2.2171744370788967e-08,1356544.0,cis
Otud7a,7.0,70589658.0,rs3693478,7,67179979,70463288,3.206002908786335e-13,2.228816499435678e-08,126370.0,cis
Ogg1,6.0,113276996.0,rs13478980,6,113408783,113408783,3.218969921450145e-13,2.2328692482319895e-08,131787.0,cis
Nkx6-2,7.0,146765198.0,rs13479559,7,146654035,146866297,3.290142007166869e-13,2.2731350178950575e-08,0.0,cis
Ermard,17.0,15190178.0,gnf17.005.541,17,8688392,9032964,3.2915504698671684e-13,2.2731350178950575e-08,6157214.0,trans
Comt,16.0,18407622.0,rs4165069,16,17663456,17663456,3.3006706871824296e-13,2.2744126345521308e-08,744166.0,cis
Catsperg1,7.0,30482238.0,rs4226520,7,30566471,31205553,3.3242662086035973e-13,2.2856372964000116e-08,84233.0,cis
1810037I17Rik,3.0,122627318.0,rs3691246,3,122177061,123077046,3.4247863282929735e-13,2.349587127949309e-08,0.0,cis
Dlg4,11.0,69830717.0,rs6217738,11,72486318,72978471,3.495859518206158e-13,2.3930991242253674e-08,2655601.0,trans
Naaa,5.0,92687119.0,rs4225368,5,90925271,91904488,3.592666344900244e-13,2.4539986724129064e-08,782631.0,cis
Fut10,8.0,32297804.0,mCV24506226,8,31744603,33820606,3.6551421711872394e-13,2.4912338958597268e-08,0.0,cis
Comt,16.0,18407622.0,rs4165287,16,22028919,22028919,3.721265243474988e-13,2.5307876751102768e-08,3621297.0,trans
AA388235,17.0,34118437.0,rs6242153,17,32068298,32078991,3.7711059536083194e-13,2.5591204365196643e-08,2039446.0,trans
Cox18,5.0,90643753.0,rs13478370,5,85890223,90247207,3.8175751825452266e-13,2.585047567515222e-08,396546.0,cis
Cyp2r1,7.0,121693678.0,rs3657482,7,121209198,121509575,3.894159752706964e-13,2.6312110763506108e-08,184103.0,cis
Leprotl1,8.0,35198626.0,D8Mit189,8,35339349,35339349,4.044338562155634e-13,2.7267946900441964e-08,140723.0,cis
Fut10,8.0,32297804.0,CEL-8_26907016,8,29180211,29872349,4.099155791468933e-13,2.7578102869135594e-08,2425455.0,trans
Tns1,1.0,74010486.0,rs3687595,1,72735307,73257786,4.131447190655496e-13,2.7735704712239766e-08,752700.0,cis
Galnt11,5.0,24728711.0,rs3706626,5,24621790,24621790,4.2862232535724663e-13,2.87131489145676e-08,106921.0,cis
Mul1,4.0,137990587.0,rs6234904,4,138152372,139225623,4.358511654752845e-13,2.9135016901458147e-08,161785.0,cis
Pank2,2.0,131087973.0,rs6411422,2,128199226,129125488,4.4282350439380623e-13,2.9537976292829502e-08,1962485.0,cis
Tmem159,7.0,127245940.0,rs6241342,7,126326146,126553480,4.4732805188643957e-13,2.9774960324054812e-08,692460.0,cis
Galnt10,11.0,57458944.0,D11Mit349,11,55602850,55602850,4.554881021095489e-13,3.022238192849792e-08,1856094.0,cis
Mrpl35,6.0,71762997.0,rs13478831,6,76132093,76390846,4.559820769427017e-13,3.022238192849792e-08,4369096.0,trans
Idua,5.0,109098330.0,CEL-5_106241511,5,109222883,110483930,4.686048755381611e-13,3.0993354084905086e-08,124553.0,cis
Tmem203,2.0,25110974.0,rs6193345,2,23199300,23199300,4.83318960928756e-13,3.1899098325669634e-08,1911674.0,cis
BC051142,17.0,34535765.0,rs6242153,17,32068298,32078991,4.876014076093195e-13,3.211398919013622e-08,2456774.0,trans
1700001O22Rik,2.0,30651083.0,rs13476408,2,30296487,30541429,5.180019872770324e-13,3.399667308836763e-08,109654.0,cis
Rpa3,6.0,8205936.0,rs3661828,6,3416870,3416870,5.183604787932917e-13,3.399667308836763e-08,4789066.0,trans
Sssca1,19.0,5729237.0,gnf19.001.480,19,4609414,6372547,5.197068535688268e-13,3.401366760159507e-08,0.0,cis
4930578G10Rik,4.0,42749077.0,rs3694836,4,45985764,46553371,5.47054659204185e-13,3.572877478717755e-08,3236687.0,trans
Eno3,11.0,70470706.0,rs6217738,11,72486318,72978471,5.534511563980409e-13,3.607123215731147e-08,2015612.0,trans
Fmo2,1.0,164805178.0,rs13476208,1,163955813,164935095,5.62573906255451e-13,3.658957996194432e-08,0.0,cis
Glul,1.0,155747075.0,rs13476187,1,156052564,156052564,5.834264590151381e-13,3.7861389952490216e-08,305489.0,cis
Arhgap4,20.0,71139695.0,rs3157124,20,68694215,68694215,5.845487935624688e-13,3.7861389952490216e-08,2445480.0,trans
Rfk,19.0,17468573.0,rs13483549,19,18231112,19172288,6.053569858921314e-13,3.912813180386526e-08,762539.0,cis
Pgpep1,8.0,73172976.0,rs13479814,8,70845435,74265398,6.426081965246705e-13,4.145027707227801e-08,0.0,cis
Gadd45gip1,8.0,87356181.0,rs3698182,8,86111850,88831890,6.463895428442766e-13,4.158097717626247e-08,0.0,cis
Glb1,9.0,114310237.0,gnf09.110.002,9,113200234,113935084,6.47292740997754e-13,4.158097717626247e-08,375153.0,cis
Gm10654,8.0,73455693.0,rs6394046,8,64982540,69577204,6.753738721594971e-13,4.329595754884391e-08,3878489.0,trans
Gsr,8.0,34763710.0,D8Mit189,8,35339349,35339349,6.834344100978074e-13,4.372309514004636e-08,575639.0,cis
Ppp1r12b,1.0,136646075.0,rs13459051,1,132747530,134993250,7.057939906901385e-13,4.50614115740283e-08,1652825.0,cis
Rasgef1a,6.0,118030382.0,rs13478992,6,116847501,116847501,7.359147270039798e-13,4.688877835370661e-08,1182881.0,cis
Eqtn,4.0,94573984.0,rs3663299,4,94099079,94099079,7.450729130187292e-13,4.7375803423235616e-08,474905.0,cis
LOC102640399,7.0,66948590.0,gnf07.050.858,7,63779524,65367119,7.500799750625293e-13,4.759743700514203e-08,1581471.0,cis
Psmb6,11.0,70338888.0,rs13481087,11,69415411,70265537,7.565472027449607e-13,4.7910642696041856e-08,73351.0,cis
Smarcal1,1.0,72629845.0,rs3687595,1,72735307,73257786,7.643297087423717e-13,4.830570862113729e-08,105462.0,cis
Galnt10,11.0,57458944.0,rs4228731,11,55208056,55208056,7.744561226340376e-13,4.874873433695145e-08,2250888.0,trans
Galnt10,11.0,57458944.0,rs13481041,11,56515096,56515096,7.744561226340376e-13,4.874873433695145e-08,943848.0,cis
Dpp7,2.0,25207807.0,mCV23574676,2,26733408,26733408,7.839752776000721e-13,4.924883262510728e-08,1525601.0,cis
Gnptab,10.0,87841877.0,CEL-10_86185623,10,85914426,86348598,7.897944110121318e-13,4.9514959287868614e-08,1493279.0,cis
6330403K07Rik,11.0,70845443.0,rs6217738,11,72486318,72978471,7.94822559502443e-13,4.9730531026624327e-08,1640875.0,cis
Gsr,8.0,34763710.0,rs6182243,8,35372423,36878789,8.501652672002485e-13,5.298129347947185e-08,608713.0,cis
Gsr,8.0,34763710.0,rs3697344,8,34630321,35274784,8.501652672002485e-13,5.298129347947185e-08,0.0,cis
Glb1,9.0,114310237.0,gnf09.109.694,9,112887780,112887780,9.068934096951193e-13,5.640416530019674e-08,1422457.0,cis
Scg5,2.0,113616524.0,rs6208879,2,109622852,111930241,9.24426630937217e-13,5.73364507253914e-08,1686283.0,cis
Galnt10,11.0,57458944.0,rs3023260,11,57088038,57644775,9.269909401980663e-13,5.73364507253914e-08,0.0,cis
Nmrk1,19.0,18706506.0,rs13483549,19,18231112,19172288,9.273814540180656e-13,5.73364507253914e-08,0.0,cis
Nxpe4,9.0,47970106.0,gnf09.044.659,9,50175753,50652205,9.395410175485454e-13,5.7973657617111445e-08,2205647.0,trans
Arl3,19.0,46605599.0,rs13483633,19,42643144,44650782,9.429036389575791e-13,5.806661577700058e-08,1954817.0,cis
Dnah8,17.0,30761299.0,CEL-17_29648158,17,31179361,31326531,9.585360356288042e-13,5.891333090622622e-08,418062.0,cis
Ezh2,6.0,47480273.0,rs13478728,6,44145774,45043868,9.632254945371372e-13,5.908547192053441e-08,2436405.0,trans
Trim12a,7.0,111392519.0,rs3662937,7,111381490,112061872,9.769004892842991e-13,5.980704470487773e-08,0.0,cis
Ezh2,6.0,47480273.0,rs13478739,6,46977242,48355274,9.798826371741356e-13,5.987244823429096e-08,0.0,cis
Adgb,10.0,10155731.0,rs4228112,10,12729007,13131982,9.871415898257896e-13,6.019840722148759e-08,2573276.0,trans
Nudt19,7.0,36332204.0,rs13479188,7,36124857,37123347,1.0040066422623887e-12,6.110776260864224e-08,0.0,cis
4933409K07Rik,4.0,42600737.0,rs13477678,4,45502303,45717875,1.064000445687423e-12,6.463347356680746e-08,2901566.0,trans
Myo7a,7.0,105199570.0,D7Mit323,7,108024450,108024450,1.0706539757832259e-12,6.49116050939638e-08,2824880.0,trans
Fam154b,7.0,89781470.0,rs3684222,7,89628585,89628585,1.0844447244637562e-12,6.562053896437423e-08,152885.0,cis
Mpg,11.0,32126511.0,rs13480929,11,28095396,28719020,1.1372756142927478e-12,6.868452245600884e-08,3407491.0,trans
Gm3893,4.0,41960598.0,rs3694836,4,45985764,46553371,1.205453582474006e-12,7.252837936560778e-08,4025166.0,trans
Otud7a,7.0,70589658.0,rs4226649,7,73194873,73194873,1.2078771924028512e-12,7.252837936560778e-08,2605215.0,trans
Otud7a,7.0,70589658.0,rs6345670,7,70840460,72948115,1.2078771924028512e-12,7.252837936560778e-08,250802.0,cis
Chrna3,9.0,54854240.0,rs13480201,9,53636371,53636371,1.2112220162458112e-12,7.258989515794387e-08,1217869.0,cis
9130213A22Rik,11.0,68934690.0,UT_11_68.607315,11,68849650,69141399,1.2207041860604774e-12,7.28789425746346e-08,0.0,cis
9130213A22Rik,11.0,68934690.0,rs3715924,11,67192419,67351936,1.2207041860604774e-12,7.28789425746346e-08,1582754.0,cis
Commd7,2.0,153442669.0,rs6291774,2,154372104,154520256,1.237518740318533e-12,7.374208228188008e-08,929435.0,cis
Leprotl1,8.0,35198626.0,rs6182243,8,35372423,36878789,1.2606869530653987e-12,7.483754958500527e-08,173797.0,cis
Leprotl1,8.0,35198626.0,rs3697344,8,34630321,35274784,1.2606869530653987e-12,7.483754958500527e-08,0.0,cis
Clpb,7.0,108938806.0,rs13479416,7,103132457,103132457,1.2762181297513983e-12,7.561603537344075e-08,5806349.0,trans
Cst3,2.0,148697458.0,rs6209325,2,147881059,149804748,1.3213254504730796e-12,7.814065439238288e-08,0.0,cis
Ublcp1,11.0,44268075.0,rs3693664,11,42185502,42407451,1.4629776204391888e-12,8.63544512731889e-08,1860624.0,cis
Prss41,17.0,23973752.0,rs13482934,17,27985170,29917068,1.4697867609324738e-12,8.659298802109702e-08,4011418.0,trans
LOC102640399,7.0,66948590.0,rs13479305,7,73316124,73426174,1.4778597848936173e-12,8.69049501732369e-08,6367534.0,trans
Gm6195,1.0,9792275.0,rs13478623,6,9485706,11226305,1.4973093680728118e-12,8.788348057602396e-08,,trans
Pofut1,2.0,153067268.0,rs6291774,2,154372104,154520256,1.566750179748896e-12,9.178704998833846e-08,1304836.0,cis
Commd7,2.0,153442669.0,rs3675388,2,152495773,153967020,1.5801538425751692e-12,9.239926261345487e-08,0.0,cis
Naaa,5.0,92687119.0,rs13478386,5,90500266,90712226,1.589462973641181e-12,9.253246341694328e-08,1974893.0,cis
Rnf38,4.0,44139082.0,rs13477674,4,43562053,44330250,1.5913052077188317e-12,9.253246341694328e-08,0.0,cis
Rnf38,4.0,44139082.0,rs13477670,4,42803507,43197670,1.5913052077188317e-12,9.253246341694328e-08,941412.0,cis
Nmnat2,1.0,154802231.0,CEL-1_152888326,1,154761280,155750989,1.6316869663334912e-12,9.470458276878922e-08,0.0,cis
Eqtn,4.0,94573984.0,rs3687764,4,95416080,95416080,1.6397110654550223e-12,9.499406740445172e-08,842096.0,cis
Ppp1r12b,1.0,136646075.0,rs6202860,1,147391348,148385403,1.6657724165391816e-12,9.632550998991297e-08,10745273.0,trans
Gm6728,6.0,136434677.0,rs3683611,5,100641822,101998196,1.7012444093887316e-12,9.80761644141072e-08,,trans
Eqtn,4.0,94573984.0,rs3676884,4,94588538,94941986,1.702316806363864e-12,9.80761644141072e-08,14554.0,cis
Crnde,8.0,94849937.0,rs4227313,8,93635988,98167503,1.7329237660848907e-12,9.965600517039147e-08,0.0,cis
Spint1,2.0,119063141.0,rs13476740,2,121412769,122144319,1.7814242024890247e-12,1.022571682498715e-07,2349628.0,trans
H2-Ke6,17.0,34162978.0,rs3672987,17,33247165,35667114,1.785428667936369e-12,1.0229932706490859e-07,0.0,cis
Clpb,7.0,108938806.0,rs3023151,7,103823533,107944155,1.7977474924254496e-12,1.0253705353894359e-07,994651.0,cis
Clpb,7.0,108938806.0,CEL-7_88290939,7,108094541,111033533,1.7977474924254496e-12,1.0253705353894359e-07,0.0,cis
Dnah7c,1.0,46487608.0,rs13459182,1,43799239,43799239,1.799410549162344e-12,1.0253705353894359e-07,2688369.0,trans
Gm25156,7.0,66608653.0,gnf07.050.858,7,63779524,65367119,1.8717493346549046e-12,1.0646525870147897e-07,1241534.0,cis
Cep112,11.0,108295448.0,rs3704454,11,107635728,107780108,1.879758960415504e-12,1.0672679816070926e-07,515340.0,cis
Acy1,9.0,106335321.0,rs3657415,9,105983686,106321565,1.898845503518281e-12,1.0761516318652004e-07,13756.0,cis
Klhdc9,1.0,173288580.0,rs8242766,1,172981863,174164127,1.9427059870812128e-12,1.099018145828645e-07,0.0,cis
Uba2,7.0,34925707.0,CEL-7_20141278,7,31950331,35185656,1.948749558264445e-12,1.1004471267730069e-07,0.0,cis
Adat2,10.0,13273035.0,rs3664101,10,9329071,12004986,2.0371325533884485e-12,1.1482837569063367e-07,1268049.0,cis
Ocel1,8.0,73895252.0,UT_6_76.003706,8,77908172,78222251,2.044568194844999e-12,1.150402256432876e-07,4012920.0,trans
Sec24d,3.0,122970414.0,rs3670168,3,127995452,128958446,2.06249377766403e-12,1.1570425604123416e-07,5025038.0,trans
Arl3,19.0,46605599.0,rs13483647,19,46657000,47045663,2.0637667797512083e-12,1.1570425604123416e-07,51401.0,cis
2810001A02Rik,15.0,86044462.0,rs3710055,15,87788314,87788314,2.0854950144447657e-12,1.1635573799082416e-07,1743852.0,cis
Gm3579,8.0,93410675.0,rs3664871,4,132410010,133808951,2.086544976083092e-12,1.1635573799082416e-07,,trans
Gm3579,8.0,93410675.0,rs3663950,4,135285446,135525152,2.086544976083092e-12,1.1635573799082416e-07,,trans
Gm25934,7.0,66606779.0,rs13479305,7,73316124,73426174,2.152855708332044e-12,1.1983992350680115e-07,6709345.0,trans
Mxra7,11.0,116664718.0,rs13481243,11,114532622,116490388,2.1788324502404265e-12,1.2107050550553146e-07,174330.0,cis
Sspn,6.0,145882652.0,rs3089737,6,145406060,146691561,2.192880448136044e-12,1.2116719146432786e-07,0.0,cis
Lyplal1,1.0,187911759.0,rs13476290,1,188966258,189435368,2.1940628137682808e-12,1.2116719146432786e-07,1054499.0,cis
Lyplal1,1.0,187911759.0,rs13476288,1,188060929,188085708,2.1940628137682808e-12,1.2116719146432786e-07,149170.0,cis
Gm9866,12.0,27825667.0,rs4229294,12,26992470,26992470,2.196064970633079e-12,1.2116719146432786e-07,833197.0,cis
Arl3,19.0,46605599.0,D19Mit89,19,42573794,42573794,2.2474087577507495e-12,1.2378175872936145e-07,4031805.0,trans
Extl1,4.0,133912288.0,rs3664871,4,132410010,133808951,2.32210170375785e-12,1.2739831210093608e-07,103337.0,cis
Extl1,4.0,133912288.0,rs3663950,4,135285446,135525152,2.32210170375785e-12,1.2739831210093608e-07,1373158.0,cis
Fan1,7.0,71491644.0,rs13479305,7,73316124,73426174,2.325288621862866e-12,1.2739831210093608e-07,1824480.0,cis
Otud7a,7.0,70589658.0,rs13479276,7,65717523,66413236,2.339578996430884e-12,1.279571624912196e-07,4176422.0,trans
Ncapd2,6.0,125118025.0,gnf06.122.747,6,124006512,125515888,2.3718939016395715e-12,1.294981464677344e-07,0.0,cis
Lcmt2,2.0,120964276.0,rs13476740,2,121412769,122144319,2.3776101928155875e-12,1.2958408822667547e-07,448493.0,cis
Tldc2,2.0,156888628.0,rs6265656,2,156689630,158441351,2.5035104835060614e-12,1.3620858630867107e-07,0.0,cis
Arl3,19.0,46605599.0,rs3660360,19,48448365,48448365,2.5339515913529506e-12,1.3762544816954672e-07,1842766.0,cis
Sat2,11.0,69435554.0,rs3695202,11,64515287,64515287,2.576855193683054e-12,1.3971309603902872e-07,4920267.0,trans
Tmem203,2.0,25110974.0,mCV23574676,2,26733408,26733408,2.6119694701778908e-12,1.4137192570180062e-07,1622434.0,cis
Ppp1r12b,1.0,136646075.0,D1Mit91,1,128355210,128413910,2.7026259496952617e-12,1.4602603545951686e-07,8232165.0,trans
Rfk,19.0,17468573.0,rs3694495,19,19963542,20275351,2.7402062193181605e-12,1.475468802317305e-07,2494969.0,trans
Rfk,19.0,17468573.0,rs3023480,19,20420531,20717814,2.7402062193181605e-12,1.475468802317305e-07,2951958.0,trans
Eno3,11.0,70470706.0,rs3677986,11,67961048,68740438,2.7920850908890774e-12,1.500819904111479e-07,1730268.0,cis
Mxra7,11.0,116664718.0,rs13481251,11,116908503,116908503,2.806684224145375e-12,1.506079560474069e-07,243785.0,cis
Sh3bp1,15.0,78730216.0,CEL-15_83283496,15,82755972,82755972,2.8436342251076806e-12,1.5232942449562163e-07,4025756.0,trans
Tns1,1.0,74010486.0,D1Mit282,1,73273629,73273629,2.9988441723820305e-12,1.603691949327032e-07,736857.0,cis
Smarcal1,1.0,72629845.0,D1Mit282,1,73273629,73273629,3.0144366250120804e-12,1.6091286213254026e-07,643784.0,cis
Gm13375,2.0,20891520.0,rs6193345,2,23199300,23199300,3.019297761926355e-12,1.6091286213254026e-07,2307780.0,trans
2310040G07Rik,5.0,77357393.0,CEL-5_76522694,5,78208834,80716993,3.0341626133629464e-12,1.614300727345691e-07,851441.0,cis
Crnde,8.0,94849937.0,rs13479914,8,93349658,93349658,3.067738612597729e-12,1.6293934783104164e-07,1500279.0,cis
Eno3,11.0,70470706.0,UT_11_68.607315,11,68849650,69141399,3.1275722369973168e-12,1.6555518397723682e-07,1329307.0,cis
Eno3,11.0,70470706.0,rs3715924,11,67192419,67351936,3.1275722369973168e-12,1.6555518397723682e-07,3118770.0,trans
Arl3,19.0,46605599.0,rs13483653,19,48078038,48078038,3.1412364773261123e-12,1.6599761225261495e-07,1472439.0,cis
Capn11,17.0,45767153.0,rs13483001,17,45461962,45461962,3.1711162159165978e-12,1.6715756247952972e-07,305191.0,cis
Capn11,17.0,45767153.0,UT_17_44.961343,17,45704198,45877173,3.1738731017350076e-12,1.6715756247952972e-07,0.0,cis
Rbm46,3.0,82641155.0,rs13477204,3,75866499,81433732,3.3872428453919885e-12,1.7809522855195606e-07,1207423.0,cis
Gm23933,7.0,66645190.0,rs13479276,7,65717523,66413236,3.4635511308317045e-12,1.8180183372532056e-07,231954.0,cis
Trim30d,7.0,111620222.0,rs13459173,7,112784815,114369537,3.531593763737698e-12,1.8506288401688991e-07,1164593.0,cis
Ppp1r12b,1.0,136646075.0,D1Mit218,1,129336687,129336687,3.5647933709869403e-12,1.864902337766731e-07,7309388.0,trans
Rfk,19.0,17468573.0,D19Mit16,19,20420342,20420342,3.5989317267396675e-12,1.879618458934611e-07,2951769.0,trans
Cyb5r3,15.0,82983925.0,rs13482686,15,85458426,85601259,3.607708367315045e-12,1.8810619086278128e-07,2474501.0,trans
Hfm1,5.0,107330908.0,rs3677428,5,107349228,107412225,3.6371708880637543e-12,1.89326824246335e-07,18320.0,cis
Ppp1r12b,1.0,136646075.0,rs13476148,1,144862429,144862429,3.720124031796681e-12,1.9332314175487182e-07,8216354.0,trans
Nit1,1.0,173268754.0,rs8242766,1,172981863,174164127,3.747579687749885e-12,1.9442695744648928e-07,0.0,cis
Rnf38,4.0,44139082.0,rs3694836,4,45985764,46553371,3.779811968567612e-12,1.9577452234440352e-07,1846682.0,cis
Dnah8,17.0,30761299.0,rs13482934,17,27985170,29917068,3.790700324080399e-12,1.9592587617090362e-07,844231.0,cis
Gm609,16.0,45416868.0,rs4179504,16,44259587,44662109,3.795259761463322e-12,1.9592587617090362e-07,754759.0,cis
Fam154b,7.0,89781470.0,rs3718695,7,89127386,89127386,3.821592997558353e-12,1.9696028192568933e-07,654084.0,cis
Mpg,11.0,32126511.0,rs13480951,11,33538734,34315729,3.85858484450469e-12,1.9853971343813745e-07,1412223.0,cis
Gm10654,8.0,73455693.0,rs13479814,8,70845435,74265398,3.949338057841097e-12,2.028756543038613e-07,0.0,cis
Bex4,1.0,152116052.0,rs13484013,20,132120932,132263712,3.9640939401643425e-12,2.0329983143020088e-07,,trans
H2-Bl,17.0,36216993.0,rs3672987,17,33247165,35667114,4.009100001529761e-12,2.0504618150576175e-07,549879.0,cis
Slc35f5,1.0,127457600.0,rs13476083,1,123358516,128188953,4.017808606438948e-12,2.0504618150576175e-07,0.0,cis
Slc35f5,1.0,127457600.0,rs13476098,1,128464783,128523838,4.017808606438948e-12,2.0504618150576175e-07,1007183.0,cis
Nmrk1,19.0,18706506.0,rs3023480,19,20420531,20717814,4.0447905981906936e-12,2.0575189452709787e-07,1714025.0,cis
Nmrk1,19.0,18706506.0,rs3694495,19,19963542,20275351,4.0447905981906936e-12,2.0575189452709787e-07,1257036.0,cis
Pgap2,7.0,109371588.0,rs13479416,7,103132457,103132457,4.06596988600872e-12,2.0638091111045254e-07,6239131.0,trans
Dgkh,14.0,78969871.0,rs3665356,14,78964398,81304852,4.070350176417373e-12,2.0638091111045254e-07,0.0,cis
Gm3579,8.0,93410675.0,D4Mit339,4,133923341,133923341,4.123632167418211e-12,2.087441721886586e-07,,trans
Chpt1,10.0,87936058.0,CEL-10_87391383,10,87106144,88138481,4.194975863182402e-12,2.1201262984279157e-07,0.0,cis
Odf4,11.0,68735337.0,rs3677986,11,67961048,68740438,4.2285482406760605e-12,2.133646736685951e-07,0.0,cis
Fut10,8.0,32297804.0,rs3680402,8,33934049,34520656,4.337122628329561e-12,2.184907307766552e-07,1636245.0,cis
Wscd1,11.0,71564205.0,UT_11_70.128831,11,70371167,72266233,4.35405360730763e-12,2.1899101822745632e-07,0.0,cis
1700001O22Rik,2.0,30651083.0,rs13476413,2,31678178,33073858,4.381710921011557e-12,2.2002832425622458e-07,1027095.0,cis
Cbx7,15.0,79746237.0,CEL-15_83283496,15,82755972,82755972,4.474618939640478e-12,2.2433362939132041e-07,3009735.0,trans
Alad,4.0,62170202.0,rs6239799,4,56510056,57442782,4.613253474580599e-12,2.3091397425350286e-07,4727420.0,trans
8430419L09Rik,6.0,135148070.0,rs3664540,6,140066610,140119512,4.6617202723786325e-12,2.3296720677352343e-07,4918540.0,trans
Serpina1b,12.0,104966144.0,rs13481620,12,104269892,104269892,4.67999664499345e-12,2.3350754437291985e-07,696252.0,cis
Pla2g4e,2.0,119992148.0,rs3686617,2,122383806,125564678,4.687536944598552e-12,2.3351133981133847e-07,2391658.0,trans
BC051142,17.0,34535765.0,rs13482967,17,37015393,39314866,4.750422333846471e-12,2.360095429465178e-07,2479628.0,trans
Galnt10,11.0,57458944.0,rs3668680,11,55886003,56329568,4.752774371202056e-12,2.360095429465178e-07,1129376.0,cis
Dtd1,2.0,144425716.0,rs13476805,2,139549796,147753900,4.762190117630964e-12,2.3610233708512277e-07,0.0,cis
Med8,4.0,118081942.0,rs3659850,4,110966848,114284494,4.783616903224968e-12,2.3678938488428393e-07,3797448.0,trans
Pdxdc1,16.0,13834023.0,rs4165081,16,19883171,19883171,4.796530872545422e-12,2.3705354258630507e-07,6049148.0,trans
Myo7a,7.0,105199570.0,rs13479441,7,111297536,111297536,4.865666236512183e-12,2.40091051046836e-07,6097966.0,trans
Ica1,6.0,8580527.0,CEL-6_8231384,6,8447401,9131726,5.215906683976973e-12,2.56617842308333e-07,0.0,cis
Crnde,8.0,94849937.0,gnf08.091.954,8,93172237,93194487,5.217002548458719e-12,2.56617842308333e-07,1655450.0,cis
Snap23,2.0,120393407.0,UT_2_119.151187,2,118706767,121192484,5.270608290289376e-12,2.588476486678088e-07,0.0,cis
Paqr8,1.0,20880689.0,rs6404446,1,20774307,21444367,5.280482815529839e-12,2.5892612429975704e-07,0.0,cis
Gm9866,12.0,27825667.0,rs6238712,12,28507708,29676794,5.4518746127024966e-12,2.669118875900111e-07,682041.0,cis
Neo1,9.0,58722486.0,rs3708863,9,57418928,58508897,5.637505566501753e-12,2.755687241682764e-07,213589.0,cis
Glo1,2.0,35195929.0,rs6242153,17,32068298,32078991,5.652947676062973e-12,2.7589247290724983e-07,,trans
Hmgcs1,13.0,,rs13482038,13,120059029,120203851,5.686134909586492e-12,2.77079916002663e-07,,unknown
Galnt10,11.0,57458944.0,rs6371333,11,57945936,57945936,5.705952345302023e-12,2.776131814062774e-07,486992.0,cis
Slc35f5,1.0,127457600.0,D1Mit91,1,128355210,128413910,5.734153792709762e-12,2.7845373041285057e-07,897610.0,cis
Rasgef1a,6.0,118030382.0,UT_6_123.37228,6,121628013,122259669,5.748349400966598e-12,2.7845373041285057e-07,3597631.0,trans
Snrpe,1.0,135500448.0,rs13459051,1,132747530,134993250,5.749931126130599e-12,2.7845373041285057e-07,507198.0,cis
6330403K07Rik,11.0,70845443.0,rs3677986,11,67961048,68740438,5.781274582468427e-12,2.793793998228085e-07,2105005.0,trans
Tada1,1.0,168309431.0,rs4222763,1,165315111,168178248,5.786906562059776e-12,2.793793998228085e-07,131183.0,cis
Fmo2,1.0,164805178.0,rs3693161,1,162215219,163901483,5.875348374598731e-12,2.832121245253805e-07,903695.0,cis
H2-Bl,17.0,36216993.0,rs13482967,17,37015393,39314866,6.014505525388259e-12,2.894739500361546e-07,798400.0,cis
Ocel1,8.0,73895252.0,rs13479846,8,79783027,79924634,6.042667220067106e-12,2.903826102538732e-07,5887775.0,trans
Arhgap4,20.0,71139695.0,rs13483818,20,69187247,70591777,6.0866691581824535e-12,2.92048524434603e-07,547918.0,cis
Mks1,11.0,87666727.0,rs3720112,11,87668082,88249193,6.1720556692767226e-12,2.9569199612896443e-07,1355.0,cis
1810037I17Rik,3.0,122627318.0,rs3670168,3,127995452,128958446,6.200015694850152e-12,2.9657733363671884e-07,5368134.0,trans
Fan1,7.0,71491644.0,rs13479276,7,65717523,66413236,6.286962453703977e-12,3.002772864151879e-07,5078408.0,trans
Leprotl1,8.0,35198626.0,rs3680402,8,33934049,34520656,6.297825951860995e-12,3.003376170396542e-07,677970.0,cis
Glb1,9.0,114310237.0,mCV22843303,9,111560313,112051865,6.373885679075881e-12,3.035021807959682e-07,2258372.0,trans
Zfand1,2.0,134588560.0,rs6405415,3,10327102,11015895,6.468376290699195e-12,3.0733021565020263e-07,,trans
Fam132a,4.0,155336427.0,rs3720634,4,155281703,155384694,6.4739264260602206e-12,3.0733021565020263e-07,0.0,cis
Zfp738,13.0,67770426.0,D13Mit224,13,64187020,64187020,6.528161623057602e-12,3.094353159260132e-07,3583406.0,trans
Tmem132b,5.0,126229605.0,rs13478499,5,123738719,124845980,6.563146723485741e-12,3.10447873806502e-07,1383625.0,cis
H2-Ea-ps,17.0,34478897.0,rs13482967,17,37015393,39314866,6.569370613376042e-12,3.10447873806502e-07,2536496.0,trans
Cyb5d2,11.0,72590751.0,rs6217738,11,72486318,72978471,6.7783915695802555e-12,3.1984240372362127e-07,0.0,cis
Plvap,8.0,74021664.0,rs13479814,8,70845435,74265398,6.895258105827126e-12,3.2486682494663957e-07,0.0,cis
Med8,4.0,118081942.0,rs13477940,4,118271128,118641059,6.993937822697997e-12,3.290205602502616e-07,189186.0,cis
Scg5,2.0,113616524.0,rs3681694,2,112125008,113257559,7.153856475315395e-12,3.3603840097772473e-07,358965.0,cis
Tnni1,1.0,137696016.0,rs6406033,1,138462986,141128164,7.183566851040939e-12,3.369280896732232e-07,766970.0,cis
Zfp738,13.0,67770426.0,rs13481845,13,63061924,64072990,7.308733522147012e-12,3.4177392482599277e-07,3697436.0,trans
Zfp738,13.0,67770426.0,rs6220659,13,64303979,65397885,7.308733522147012e-12,3.4177392482599277e-07,2372541.0,trans
Extl1,4.0,133912288.0,rs13478001,4,135998441,137764129,7.376184961078604e-12,3.44413297950584e-07,2086153.0,trans
Mkl2,16.0,13415590.0,rs4165069,16,17663456,17663456,7.529430536859268e-12,3.5104478579569305e-07,4247866.0,trans
Fam20b,1.0,158608702.0,rs6181202,1,156456243,159872935,7.560611589455435e-12,3.5197398921526327e-07,0.0,cis
Cyb5r3,15.0,82983925.0,rs13482689,15,86437548,86803133,7.84374262888826e-12,3.6461219199747583e-07,3453623.0,trans
A430033K04Rik,5.0,139064104.0,mCV25017167,5,140893042,140917975,7.888036682447381e-12,3.6612715493081796e-07,1828938.0,cis
Snap23,2.0,120393407.0,rs13476740,2,121412769,122144319,7.987102422741708e-12,3.7017611792557486e-07,1019362.0,cis
Nsun7,5.0,66651364.0,gnf05.061.650,5,67739262,67964306,8.028380358825456e-12,3.7151212900266176e-07,1087898.0,cis
Gm25934,7.0,66606779.0,gnf07.050.858,7,63779524,65367119,8.039679756729741e-12,3.7151212900266176e-07,1239660.0,cis
Rnase6,14.0,51748765.0,rs4230383,14,54987778,55236881,8.082769175661104e-12,3.7295239336100895e-07,3239013.0,trans
Unc45a,7.0,87470178.0,rs13479339,7,81491657,87777473,8.097084284108768e-12,3.730626763032927e-07,0.0,cis
Capns1,7.0,30971961.0,rs4226520,7,30566471,31205553,8.166219365148325e-12,3.756946798020455e-07,0.0,cis
Spint1,2.0,119063141.0,rs13476723,2,117118532,118639998,8.392132179130543e-12,3.855210706754775e-07,423143.0,cis
Def8,8.0,125966886.0,rs13480026,8,126224093,126224093,8.448449127321138e-12,3.8680536350080153e-07,257207.0,cis
Psmb6,11.0,70338888.0,rs3715924,11,67192419,67351936,8.45718193339021e-12,3.8680536350080153e-07,2986952.0,trans
Psmb6,11.0,70338888.0,UT_11_68.607315,11,68849650,69141399,8.45718193339021e-12,3.8680536350080153e-07,1197489.0,cis
Gm26337,7.0,66678425.0,rs13479306,7,73604599,75261560,8.566901296300733e-12,3.9125158281887845e-07,6926174.0,trans
Pih1d1,7.0,52409724.0,rs3719256,7,51794017,52261292,8.5914968201925e-12,3.9180288882180163e-07,148432.0,cis
9130213A22Rik,11.0,68934690.0,rs13481070,11,64909099,67090601,8.7068387198968e-12,3.964849243491013e-07,1844089.0,cis
Ndufc2,7.0,104548587.0,rs3699086,7,103251219,103381987,8.726397320678806e-12,3.96503748937638e-07,1166600.0,cis
4930578G10Rik,4.0,42749077.0,rs13477678,4,45502303,45717875,8.732600732591705e-12,3.96503748937638e-07,2753226.0,trans
Glb1,9.0,114310237.0,Glb1_AFFY_1416205,9,114383005,114383005,8.804616765683423e-12,3.991942549420455e-07,72768.0,cis
Myo7a,7.0,105199570.0,rs13459173,7,112784815,114369537,8.825469637390244e-12,3.9954566441770254e-07,7585245.0,trans
Ica1,6.0,8580527.0,rs13478623,6,9485706,11226305,8.83791053679726e-12,3.9954566441770254e-07,905179.0,cis
Hspa12b,2.0,130953148.0,rs8264884,2,130881868,131487026,9.04142205069477e-12,4.081562241549056e-07,0.0,cis
Rassf8,6.0,145768029.0,rs3089737,6,145406060,146691561,9.108203836808132e-12,4.105784838733171e-07,0.0,cis
Fam154b,7.0,89781470.0,gnf07.077.456,7,90186487,90633688,9.214923336453612e-12,4.147914899914939e-07,405017.0,cis
Lcmt2,2.0,120964276.0,rs13476723,2,117118532,118639998,9.272751195770972e-12,4.167947916020892e-07,2324278.0,trans
Fam154b,7.0,89781470.0,rs13479363,7,88283068,88740054,9.436643253637917e-12,4.235529148241008e-07,1041416.0,cis
Myo7a,7.0,105199570.0,rs4226783,7,100081465,102651418,9.515109701682475e-12,4.260378609325472e-07,2548152.0,trans
Clpb,7.0,108938806.0,rs13459173,7,112784815,114369537,9.519243923623258e-12,4.260378609325472e-07,3846009.0,trans
Scnm1,3.0,94933641.0,UT_3_93.299511,3,90413739,95488017,9.538593377097864e-12,4.2629399140632135e-07,0.0,cis
8430419L09Rik,6.0,135148070.0,rs13479053,6,134201251,134201251,9.564428436194206e-12,4.268388290465159e-07,946819.0,cis
Snap23,2.0,120393407.0,rs3686617,2,122383806,125564678,9.603850669807384e-12,4.2778169826110643e-07,1990399.0,cis
Ercc5,1.0,44204692.0,rs13475840,1,44144844,45504166,9.612904094232498e-12,4.2778169826110643e-07,0.0,cis
Gdf1,8.0,72839673.0,rs13479814,8,70845435,74265398,9.65279723288564e-12,4.289468077589021e-07,0.0,cis
Npl,1.0,155350145.0,rs6267646,1,154395967,154628105,1.0046630047120164e-11,4.45814519913602e-07,722040.0,cis
Ackr1,1.0,175261942.0,NES13029525,1,174201925,174420752,1.0100562486148584e-11,4.475728915616808e-07,841190.0,cis
Dnah7a,1.0,53453853.0,rs6370110,1,45566204,46925671,1.0289598402238221e-11,4.553044833623013e-07,6528182.0,trans
Fcrls,3.0,87054680.0,rs3698196,3,85931836,87487048,1.0345629091284338e-11,4.5662477523095807e-07,0.0,cis
Bai1,15.0,74346626.0,rs6342608,15,77990182,78589640,1.0348628359603782e-11,4.5662477523095807e-07,3643556.0,trans
Gm9936,5.0,115307081.0,rs3657810,5,113832345,114910446,1.0503046684627445e-11,4.627856276366655e-07,396635.0,cis
Sspn,6.0,145882652.0,rs6152631,6,144002632,144814489,1.0642796495361469e-11,4.682171842572776e-07,1068163.0,cis
Cd59a,2.0,103936010.0,rs4229817,13,66981471,67600532,1.0660729146650576e-11,4.682171842572776e-07,,trans
8430419L09Rik,6.0,135148070.0,rs6339546,6,133917751,134051356,1.0671217283577672e-11,4.682171842572776e-07,1096714.0,cis
Pla2g4e,2.0,119992148.0,rs13476716,2,115487885,116411066,1.0723472970547945e-11,4.6937885254790575e-07,3581082.0,trans
Hspa8,9.0,40609356.0,rs6316763,9,41077792,41077792,1.0727700616849644e-11,4.6937885254790575e-07,468436.0,cis
Cyb5r4,4.0,18771349.0,rs3700596,9,86198704,86456295,1.0769503441220537e-11,4.7054977800600777e-07,,trans
Pdxdc1,16.0,13834023.0,rs4165069,16,17663456,17663456,1.1054530852833337e-11,4.823297792307634e-07,3829433.0,trans
Gm609,16.0,45416868.0,rs4180247,16,45072729,45541113,1.1080883203633953e-11,4.828062115085125e-07,0.0,cis
AA388235,17.0,34118437.0,rs13482934,17,27985170,29917068,1.1291365502258674e-11,4.912929037211035e-07,4201369.0,trans
9130213A22Rik,11.0,68934690.0,rs13481068,11,64596125,64596125,1.1353193457856652e-11,4.926804030096958e-07,4338565.0,trans
Ociad1,5.0,73684063.0,rs6163111,5,74219748,76243460,1.135475157433251e-11,4.926804030096958e-07,535685.0,cis
Extl1,4.0,133912288.0,CEL-4_130248229,4,131555157,131555157,1.1388065055699533e-11,4.934414834535967e-07,2357131.0,trans
8430419L09Rik,6.0,135148070.0,D6Mit339,6,136372097,136372097,1.199884875733543e-11,5.191874639993423e-07,1224027.0,cis
Mpg,11.0,32126511.0,rs3023251,11,20853304,27484969,1.2055268866871923e-11,5.204612102490756e-07,4641542.0,trans
Tceanc2,4.0,106806767.0,rs13477919,4,104961980,107061697,1.20615593465941e-11,5.204612102490756e-07,0.0,cis
Gm10590,4.0,42472325.0,rs6232550,4,40972607,40972607,1.2171706987352815e-11,5.244906904832877e-07,1499718.0,cis
Ermard,17.0,15190178.0,CEL-17_20354682,17,21827381,23003494,1.2279544380896566e-11,5.284055452717617e-07,6637203.0,trans
Cst3,2.0,148697458.0,rs13476805,2,139549796,147753900,1.2296339065536553e-11,5.284055452717617e-07,943558.0,cis
Pdxdc1,16.0,13834023.0,rs4161101,16,10701009,10786513,1.2664966331085611e-11,5.434998481346138e-07,3047510.0,trans
Lincenc1,13.0,98264754.0,rs13481944,13,93772828,96283662,1.2702800331863107e-11,5.443766985079736e-07,1981092.0,cis
Cpt1c,7.0,52213854.0,rs3719256,7,51794017,52261292,1.2992260186247978e-11,5.560197883865257e-07,0.0,cis
Kif17,4.0,137818166.0,rs13478001,4,135998441,137764129,1.3032950182570751e-11,5.569991981246609e-07,54037.0,cis
Odc1,12.0,17551778.0,rs6180964,12,16835276,26476092,1.31109736512065e-11,5.595693080615717e-07,0.0,cis
4930505A04Rik,11.0,30326004.0,rs13480951,11,33538734,34315729,1.3317361704686658e-11,5.676034825177872e-07,3212730.0,trans
Gm13304,4.0,42786392.0,D4Mit286,4,43209772,43209772,1.3465197305296174e-11,5.731236080244375e-07,423380.0,cis
Pcdhb3,18.0,37460453.0,rs13483299,18,36279726,37850372,1.3522257631721997e-11,5.741074978318061e-07,0.0,cis
Serpina1b,12.0,104966144.0,gnf12.101.501,12,104522187,105392393,1.3525016102522068e-11,5.741074978318061e-07,0.0,cis
2810002D19Rik,2.0,94246308.0,rs6312617,2,93528208,93528208,1.3572810901203981e-11,5.753556105454834e-07,718100.0,cis
Serpina3n,12.0,105644939.0,rs8273308,12,105632191,105632191,1.3664412924696447e-11,5.784548342343683e-07,12748.0,cis
Katnal2,18.0,77216125.0,rs3705890,18,77108822,77876026,1.395146055132509e-11,5.898082887227561e-07,0.0,cis
Cyb5r4,4.0,18771349.0,D9Mit11,9,86133452,86133452,1.4092044440002767e-11,5.949475931107838e-07,,trans
Pofut1,2.0,153067268.0,rs3675388,2,152495773,153967020,1.4118340742283359e-11,5.952544760448338e-07,0.0,cis
Serpina1e,12.0,105185141.0,rs13481620,12,104269892,104269892,1.44959962208873e-11,6.102103351611009e-07,915249.0,cis
Nkx6-2,7.0,146765198.0,rs3663988,7,146505067,146505067,1.4512077157790239e-11,6.102103351611009e-07,260131.0,cis
Rnf169,7.0,107068767.0,rs4226783,7,100081465,102651418,1.4750888193325392e-11,6.194194158132195e-07,4417349.0,trans
Rsl1,13.0,67274118.0,D13Mit224,13,64187020,64187020,1.4959151076356125e-11,6.2732274851699e-07,3087098.0,trans
Rnf38,4.0,44139082.0,rs13477678,4,45502303,45717875,1.5143273139701207e-11,6.341939136452169e-07,1363221.0,cis
Zfp277,12.0,41041633.0,rs13481399,12,39541327,46008977,1.5194463320460664e-11,6.354870179981339e-07,0.0,cis
Ppp1r12b,1.0,136646075.0,rs8256197,1,130485641,130485675,1.521968599040513e-11,6.35692064925754e-07,6160400.0,trans
Glul,1.0,155747075.0,rs6181202,1,156456243,159872935,1.525778683968287e-11,6.36433740467778e-07,709168.0,cis
Gm9936,5.0,115307081.0,mCV23798232,5,117112003,118108877,1.529904061186436e-11,6.373047806357295e-07,1804922.0,cis
Fam89b,19.0,5728087.0,rs13483502,19,4316396,4316396,1.5335145773106812e-11,6.37959316200238e-07,1411691.0,cis
Bai1,15.0,74346626.0,rs13482637,15,70331556,70822236,1.5492202922950848e-11,6.436371698312467e-07,3524390.0,trans
Gnptab,10.0,87841877.0,rs6397304,10,92435431,93979400,1.5663653602797628e-11,6.498971615888418e-07,4593554.0,trans
Fam89b,19.0,5728087.0,rs13483511,19,6542811,6987338,1.56918503879619e-11,6.502047276319442e-07,814724.0,cis
Gm10560,4.0,155395712.0,rs6316711,4,155235047,155235047,1.5762112909223388e-11,6.522522027901299e-07,160665.0,cis
Copa,1.0,174012934.0,rs13476241,1,174792335,175262195,1.587040546913453e-11,6.558659111427427e-07,779401.0,cis
Gm22289,7.0,67049641.0,CEL-7_43304662,7,62999955,63232349,1.6116171930530993e-11,6.651438839296048e-07,3817292.0,trans
Gm15446,5.0,110369445.0,CEL-5_106241511,5,109222883,110483930,1.654534652104337e-11,6.819570245721486e-07,0.0,cis
AA388235,17.0,34118437.0,rs13482930,17,26950947,27588409,1.6954873692817845e-11,6.979171691188201e-07,6530028.0,trans
Galnt11,5.0,24728711.0,rs6260804,5,24008816,24391317,1.7248682274274893e-11,7.090782781968467e-07,337394.0,cis
Gm25156,7.0,66608653.0,D7Mit199,7,73078958,73078958,1.7539438919451434e-11,7.20084795236626e-07,6470305.0,trans
4930466F19Rik,4.0,42594761.0,rs13477678,4,45502303,45717875,1.7590850481966633e-11,7.212489851336387e-07,2907542.0,trans
Gpr161,1.0,167236353.0,rs4222763,1,165315111,168178248,1.807624578293489e-11,7.39285884090022e-07,0.0,cis
9130213A22Rik,11.0,68934690.0,rs13481087,11,69415411,70265537,1.8078022942712295e-11,7.39285884090022e-07,480721.0,cis
Gm6728,6.0,136434677.0,rs13478413,5,99431953,100477633,1.814660512463511e-11,7.411217094816195e-07,,trans
Tm4sf5,11.0,70318779.0,rs13481087,11,69415411,70265537,1.8267550926672413e-11,7.450885312873043e-07,53242.0,cis
4930452B06Rik,14.0,9263706.0,rs3710916,14,8852064,10238923,1.8327318531124124e-11,7.465529635212754e-07,0.0,cis
1500011B03Rik,5.0,115258208.0,rs3719767,5,115597884,116556465,1.8615956485338584e-11,7.573243680381412e-07,339676.0,cis
Wscd1,11.0,71564205.0,rs3677986,11,67961048,68740438,1.8738650734180797e-11,7.61325729280579e-07,2823767.0,trans
Bex4,1.0,152116052.0,gnfX.116.876,20,133125033,133125033,1.8872420715287325e-11,7.657661190511045e-07,,trans
2810001A02Rik,15.0,86044462.0,rs13482689,15,86437548,86803133,1.91307694838113e-11,7.752433582214365e-07,393086.0,cis
Fmo2,1.0,164805178.0,rs3653666,1,160477203,161687298,1.917501758682668e-11,7.758675698974601e-07,3117880.0,trans
Ntn4,10.0,93103946.0,rs6191721,10,91382291,92120896,1.91960787004064e-11,7.758675698974601e-07,983050.0,cis
Sgcg,14.0,61839896.0,rs13482213,14,61919389,61919389,1.9220575454675254e-11,7.758675698974601e-07,79493.0,cis
Tnnt2,1.0,137732931.0,rs13459051,1,132747530,134993250,1.9398445898669687e-11,7.820384971939354e-07,2739681.0,trans
Dennd1b,1.0,140860363.0,rs6406033,1,138462986,141128164,1.950915025501954e-11,7.854892586858984e-07,0.0,cis
Arl3,19.0,46605599.0,rs3023496,19,48212356,48212356,1.9581588147648654e-11,7.863509394653012e-07,1606757.0,cis
Rsl1,13.0,67274118.0,rs13481845,13,63061924,64072990,1.960595930535759e-11,7.863509394653012e-07,3201128.0,trans
Rsl1,13.0,67274118.0,rs6220659,13,64303979,65397885,1.960595930535759e-11,7.863509394653012e-07,1876233.0,cis
Hpgd,8.0,58773390.0,rs3659789,8,58485097,63851355,1.9746295065988075e-11,7.909654330012087e-07,0.0,cis
H2-Q2,17.0,35479278.0,rs13482947,17,31769796,31769796,1.994719907110463e-11,7.979911679176401e-07,3709482.0,trans
Serpina1e,12.0,105185141.0,gnf12.101.501,12,104522187,105392393,2.0043070685060703e-11,8.008024844095665e-07,0.0,cis
Gm26499,7.0,66632952.0,rs13479306,7,73604599,75261560,2.007214144925251e-11,8.00941066858319e-07,6971647.0,trans
9130213A22Rik,11.0,68934690.0,rs3695202,11,64515287,64515287,2.0199450285984896e-11,8.049943081802098e-07,4419403.0,trans
1700030K09Rik,8.0,74967825.0,rs6293022,8,74935354,74935354,2.028763519472462e-11,8.074800415559593e-07,32471.0,cis
Cuedc1,11.0,87912751.0,rs3659504,11,88522934,89402038,2.0360523630548087e-11,8.093514076774502e-07,610183.0,cis
Cuedc1,11.0,87912751.0,rs13481128,11,83521936,87177234,2.0507739199208685e-11,8.14168853380771e-07,735517.0,cis
BC026585,1.0,159388711.0,rs6267646,1,154395967,154628105,2.0835934856997257e-11,8.261499930536193e-07,4760606.0,trans
Mcmdc2,1.0,9898719.0,rs3677817,1,5176059,5176059,2.1076927892244975e-11,8.346475717970568e-07,4722660.0,trans
Lyplal1,1.0,187911759.0,rs13476289,1,188452709,188708626,2.131494625896702e-11,8.430060167548069e-07,540950.0,cis
C530030P08Rik,11.0,32625889.0,rs3023251,11,20853304,27484969,2.1430178216665247e-11,8.464932842403453e-07,5140920.0,trans
Coq9,8.0,97362317.0,rs13479914,8,93349658,93349658,2.1498985193009732e-11,8.481402796108895e-07,4012659.0,trans
Entpd2,2.0,25251423.0,CEL-2_24053663,2,23949161,26223875,2.2328718485287716e-11,8.793745463464799e-07,0.0,cis
Gm3893,4.0,41960598.0,rs13477678,4,45502303,45717875,2.2346942091360287e-11,8.793745463464799e-07,3541705.0,trans
Mcm6,1.0,130228167.0,gnf01.132.831,1,135115364,135695643,2.2605501699216865e-11,8.876089958078691e-07,4887197.0,trans
Zfp146,7.0,30946286.0,rs4226520,7,30566471,31205553,2.2612943660128605e-11,8.876089958078691e-07,0.0,cis
Asah1,8.0,42426004.0,D8Mit294,8,40490765,40490765,2.2688372508155586e-11,8.894537458775373e-07,1935239.0,cis
Ivd,2.0,118687718.0,rs13476716,2,115487885,116411066,2.2874001465189937e-11,8.956086533680468e-07,2276652.0,trans
Chmp4b,2.0,154482780.0,rs6291774,2,154372104,154520256,2.292607240523708e-11,8.965253796559593e-07,0.0,cis
Dpp7,2.0,25207807.0,rs6193345,2,23199300,23199300,2.3056841766159303e-11,9.005134811825828e-07,2008507.0,trans
Slc35f5,1.0,127457600.0,rs8256197,1,130485641,130485675,2.311781483903853e-11,9.017690559151671e-07,3028041.0,trans
Usmg5,19.0,47157954.0,rs13483647,19,46657000,47045663,2.3149356424920663e-11,9.018748832722461e-07,112291.0,cis
Rnasel,1.0,155600060.0,rs6267646,1,154395967,154628105,2.3419112138646915e-11,9.112494793838164e-07,971955.0,cis
Slc35f5,1.0,127457600.0,gnf01.128.089,1,130357592,130357592,2.3465256333011272e-11,9.119107559300818e-07,2899992.0,trans
Mul1,4.0,137990587.0,rs6386918,4,139323756,140081803,2.3500265107806053e-11,9.121381819414386e-07,1333169.0,cis
Fancc,13.0,63406017.0,D13Mit224,13,64187020,64187020,2.3546245815663456e-11,9.12790380699533e-07,781003.0,cis
Gsr,8.0,34763710.0,CEL-8_26907016,8,29180211,29872349,2.3611199113602346e-11,9.137977409938563e-07,4891361.0,trans
Ang,14.0,51710792.0,rs3670380,14,47679977,49506930,2.3630650986257652e-11,9.137977409938563e-07,2203862.0,trans
Adpgk,9.0,59139379.0,rs4227700,9,58724842,59934577,2.3875171210224253e-11,9.221135239488039e-07,0.0,cis
Snrpe,1.0,135500448.0,rs13476118,1,135891044,138214494,2.4123179881402107e-11,9.305433650752874e-07,390596.0,cis
LOC102637749,17.0,42864122.0,rs13482934,17,27985170,29917068,2.4296351083399044e-11,9.360691686271004e-07,12947054.0,trans
Mrpl55,11.0,59015994.0,rs6313602,11,58819966,59042857,2.45398444186187e-11,9.442873574722148e-07,0.0,cis
Tnnt2,1.0,137732931.0,D1Mit91,1,128355210,128413910,2.4841196534329835e-11,9.547090111486673e-07,9319021.0,trans
Gm4924,10.0,81817000.0,CEL-10_86185623,10,85914426,86348598,2.5158390978397072e-11,9.657132032566369e-07,4097426.0,trans
Rplp0,13.0,67911183.0,rs3657810,5,113832345,114910446,2.567915298104835e-11,9.844948567403843e-07,,trans
Kif1c,11.0,70543641.0,rs13481087,11,69415411,70265537,2.5756652487224195e-11,9.862574066295425e-07,278104.0,cis
Gabrb2,11.0,42233259.0,rs6307831,11,42631877,42695301,2.5847137245041427e-11,9.885122622765151e-07,398618.0,cis
Gm6728,6.0,136434677.0,rs3712722,5,98239478,98975792,2.59891546092345e-11,9.927300467599562e-07,,trans
4930505A04Rik,11.0,30326004.0,rs13480935,11,29456156,29670526,2.6072560515233864e-11,9.947014420687316e-07,655478.0,cis
Sepn1,4.0,134093807.0,CEL-4_130248229,4,131555157,131555157,2.6201978759106813e-11,9.98421326176517e-07,2538650.0,trans
Fam154b,7.0,89781470.0,rs6360431,7,89219703,89219703,2.6315105821882415e-11,1.0015121423681718e-06,561767.0,cis
BC026585,1.0,159388711.0,rs3693161,1,162215219,163901483,2.6433439281481527e-11,1.0047933540948663e-06,2826508.0,trans
4930485B16Rik,10.0,92331442.0,rs6397304,10,92435431,93979400,2.679466808398602e-11,1.0172883845802798e-06,103989.0,cis
Ocel1,8.0,73895252.0,rs6293022,8,74935354,74935354,2.731871232504376e-11,1.0352833581809714e-06,1040102.0,cis
Gm8840,1.0,69177545.0,rs13478586,5,147658808,148539066,2.7367922205959653e-11,1.0352833581809714e-06,,trans
Gm8840,1.0,69177545.0,rs3696754,5,145200213,145200213,2.7367922205959653e-11,1.0352833581809714e-06,,trans
Pde5a,3.0,122432076.0,rs3671119,3,126116579,126116579,2.752749841384211e-11,1.0400622302458498e-06,3684503.0,trans
Pank2,2.0,131087973.0,rs13476784,2,134345046,135758395,2.7761076016285316e-11,1.046088177457218e-06,3257073.0,trans
Otud7a,7.0,70589658.0,rs13479305,7,73316124,73426174,2.778647648786583e-11,1.046088177457218e-06,2726466.0,trans
Adat2,10.0,13273035.0,CEL-10_14286032,10,14292789,18617183,2.7787303326013146e-11,1.046088177457218e-06,1019754.0,cis
Kank4,4.0,98421589.0,rs13477860,4,97010926,101102849,2.8063670589989858e-11,1.0552225500794349e-06,0.0,cis
Adgb,10.0,10155731.0,rs3695003,10,7632997,9133173,2.8325808021745532e-11,1.0625250373374775e-06,1022558.0,cis
Adgb,10.0,10155731.0,rs3721803,10,3342586,4609418,2.8325808021745532e-11,1.0625250373374775e-06,5546313.0,trans
Rnps1,6.0,7932358.0,CEL-17_20354682,17,21827381,23003494,2.8437194800233566e-11,1.0654257607682246e-06,,trans
Gm25156,7.0,66608653.0,rs3693478,7,67179979,70463288,2.8538486997537575e-11,1.0679417942600088e-06,571326.0,cis
Golga7b,19.0,42322064.0,rs6396860,19,41969694,42487227,2.8984695028683637e-11,1.083343527566679e-06,0.0,cis
Fancl,11.0,26287084.0,rs3707185,11,19879676,20329768,2.913945905973216e-11,1.086913541278523e-06,5957316.0,trans
Psmb6,11.0,70338888.0,rs13481070,11,64909099,67090601,2.914969697758023e-11,1.086913541278523e-06,3248287.0,trans
Tldc2,2.0,156888628.0,gnf02.161.674,2,158566515,158683924,2.923122440215101e-11,1.0886559152776366e-06,1677887.0,cis
Chmp4b,2.0,154482780.0,rs3675388,2,152495773,153967020,2.9535179043896935e-11,1.0986681329696882e-06,515760.0,cis
Gadd45gip1,8.0,87356181.0,rs13479879,8,89032866,89627140,2.9599440466904694e-11,1.0997508992172304e-06,1676685.0,cis
Klc1,12.0,112997090.0,rs13481650,12,112426349,113741491,3.00446582631468e-11,1.114968530437206e-06,0.0,cis
AA415398,4.0,119202906.0,rs13477942,4,119150596,120476226,3.0204574045034614e-11,1.119574980847475e-06,0.0,cis
Rnase6,14.0,51748765.0,rs3670380,14,47679977,49506930,3.0511925260120256e-11,1.1296289625871763e-06,2241835.0,trans
Kazn,4.0,141658306.0,rs3718552,4,142466392,142466392,3.076332090635221e-11,1.1362469260296154e-06,808086.0,cis
Kazn,4.0,141658306.0,rs13478024,4,140884373,142095184,3.076332090635221e-11,1.1362469260296154e-06,0.0,cis
Rnf150,8.0,85387255.0,rs3719174,8,83396538,84339460,3.084412948328068e-11,1.137888166963336e-06,1047795.0,cis
Creg1,1.0,167693911.0,UT_1_169.988189,1,168323143,169017891,3.094788014081463e-11,1.140370913931368e-06,629232.0,cis
Capn11,17.0,45767153.0,D17Mit49,17,45448429,45448429,3.1420233899735376e-11,1.1564141678236244e-06,318724.0,cis
Mrpl35,6.0,71762997.0,rs6378343,6,63773077,64613340,3.2246229608376367e-11,1.185420129723864e-06,7149657.0,trans
Tnni1,1.0,137696016.0,gnf01.132.831,1,135115364,135695643,3.2328514150350986e-11,1.1870501452948724e-06,2000373.0,trans
Gsr,8.0,34763710.0,rs13479673,8,30344779,31698372,3.244114888994554e-11,1.1897894421640155e-06,3065338.0,trans
Gm2808,17.0,6106888.0,UT_17_3.221024,17,6039015,7955311,3.2729080414933575e-11,1.1989438609349894e-06,0.0,cis
Gm13375,2.0,20891520.0,rs13476358,2,16227339,18741508,3.3402386724700525e-11,1.2221775471407257e-06,2150012.0,trans
2810001A02Rik,15.0,86044462.0,rs13482686,15,85458426,85601259,3.35804660009511e-11,1.2272579942467176e-06,443203.0,cis
Sh3bp1,15.0,78730216.0,rs3696311,15,70982536,72247766,3.418900520095595e-11,1.2480401533266572e-06,6482450.0,trans
Gm22289,7.0,67049641.0,rs13479306,7,73604599,75261560,3.434669918357362e-11,1.252335334740186e-06,6554958.0,trans
Lincenc1,13.0,98264754.0,rs13481968,13,99628244,100636777,3.4453389162911664e-11,1.254762993513888e-06,1363490.0,cis
2810001A02Rik,15.0,86044462.0,rs13482677,15,82944825,83609704,3.512159197600523e-11,1.277611045314626e-06,2434758.0,trans
Chmp4b,2.0,154482780.0,rs6209325,2,147881059,149804748,3.5615072088453396e-11,1.2940575534361117e-06,4678032.0,trans
Rnf169,7.0,107068767.0,D7Mit323,7,108024450,108024450,3.5826037953817784e-11,1.3002127834628556e-06,955683.0,cis
Mkl2,16.0,13415590.0,rs4161101,16,10701009,10786513,3.58883451272189e-11,1.3009648201897936e-06,2629077.0,trans
Mcm6,1.0,130228167.0,rs13476083,1,123358516,128188953,3.6199568522366926e-11,1.3078631296475884e-06,2039214.0,trans
Mcm6,1.0,130228167.0,rs13476098,1,128464783,128523838,3.6199568522366926e-11,1.3078631296475884e-06,1704329.0,cis
Pgap2,7.0,109371588.0,rs3023151,7,103823533,107944155,3.6245865813023644e-11,1.3078631296475884e-06,1427433.0,cis
Pgap2,7.0,109371588.0,CEL-7_88290939,7,108094541,111033533,3.6245865813023644e-11,1.3078631296475884e-06,0.0,cis
Cpsf4,5.0,145928093.0,mCV25009162,5,145297027,147394031,3.644295158426024e-11,1.3134596471633298e-06,0.0,cis
Rps18,17.0,34088944.0,rs13482947,17,31769796,31769796,3.6675340673244014e-11,1.320314205624208e-06,2319148.0,trans
1810037I17Rik,3.0,122627318.0,rs3671119,3,126116579,126116579,3.707782561308405e-11,1.3332694276548272e-06,3489261.0,trans
Ocel1,8.0,73895252.0,rs13479842,8,78352527,78791132,3.7538225212287765e-11,1.3482750451200577e-06,4457275.0,trans
4833403I15Rik,18.0,47009693.0,rs6355722,18,45300265,46215512,3.819829673386184e-11,1.3704097157612196e-06,794181.0,cis
Odf4,11.0,68735337.0,UT_11_70.128831,11,70371167,72266233,3.830626508136443e-11,1.3727090021690704e-06,1635830.0,cis
Pgap2,7.0,109371588.0,rs4226783,7,100081465,102651418,3.839922264939651e-11,1.3744657296658607e-06,6720170.0,trans
Rsg1,4.0,140770276.0,rs13478023,4,140528838,140755878,3.852720874475741e-11,1.3773588917763118e-06,14398.0,cis
Gm26499,7.0,66632952.0,CEL-7_43304662,7,62999955,63232349,3.856810558314769e-11,1.3773588917763118e-06,3400603.0,trans
Man2b1,8.0,87607168.0,rs13479825,8,85707108,85950408,3.889536382433108e-11,1.386698019206084e-06,1656760.0,cis
Htr5b,1.0,123406335.0,D1Mit91,1,128355210,128413910,3.891826718522732e-11,1.386698019206084e-06,4948875.0,trans
AI413582,17.0,27700714.0,rs13482942,17,30022647,31061912,3.9949168683716727e-11,1.4197811130826413e-06,2321933.0,trans
LOC102642717,11.0,58660660.0,rs6313602,11,58819966,59042857,3.997847953346561e-11,1.4197811130826413e-06,159306.0,cis
Plvap,8.0,74021664.0,rs6293022,8,74935354,74935354,3.9982908880322164e-11,1.4197811130826413e-06,913690.0,cis
Ndufc2,7.0,104548587.0,rs13479416,7,103132457,103132457,4.0102818128094773e-11,1.422424497787926e-06,1416130.0,cis
Adal,2.0,120966172.0,UT_2_119.151187,2,118706767,121192484,4.0304586257396056e-11,1.4268902335633827e-06,0.0,cis
Pde5a,3.0,122432076.0,rs3691246,3,122177061,123077046,4.03595577747111e-11,1.4268902335633827e-06,0.0,cis
Stard4,18.0,33361075.0,rs3666799,18,32047327,34074322,4.0365554273369684e-11,1.4268902335633827e-06,0.0,cis
Ivd,2.0,118687718.0,rs3686617,2,122383806,125564678,4.1176880616171015e-11,1.4539271188857814e-06,3696088.0,trans
Tctex1d2,16.0,32419788.0,rs3676973,16,32425577,32471947,4.148682671042264e-11,1.4632196112772158e-06,5789.0,cis
Lypd1,1.0,127768620.0,rs8256197,1,130485641,130485675,4.2037965080368945e-11,1.4809883258115495e-06,2717021.0,trans
Ccdc42,11.0,68400717.0,rs3677986,11,67961048,68740438,4.262431793330627e-11,1.4999562687786033e-06,0.0,cis
Arid5b,10.0,67558341.0,rs13480630,10,67283840,67283840,4.267413992519487e-11,1.5000221982362168e-06,274501.0,cis
Slc35f5,1.0,127457600.0,gnf01.126.387,1,128625711,129064813,4.292377250104649e-11,1.5054139836505306e-06,1168111.0,cis
Slc35f5,1.0,127457600.0,gnf01.127.292,1,129548234,130226591,4.292377250104649e-11,1.5054139836505306e-06,2090634.0,trans
Nmrk1,19.0,18706506.0,rs13483561,19,21205552,21553228,4.303425999118869e-11,1.5075988456218439e-06,2499046.0,trans
Pgpep1,8.0,73172976.0,rs6293022,8,74935354,74935354,4.384332065945409e-11,1.534224228526971e-06,1762378.0,cis
Tnfrsf8,4.0,144858879.0,rs4224919,4,144563168,147520407,4.4726891424446585e-11,1.5633945572730643e-06,0.0,cis
Commd7,2.0,153442669.0,rs6265656,2,156689630,158441351,4.494670695181709e-11,1.5693246069521936e-06,3246961.0,trans
Hdhd3,4.0,62160046.0,rs6239799,4,56510056,57442782,4.527708582003666e-11,1.5790974755183663e-06,4717264.0,trans
LOC102637749,17.0,42864122.0,CEL-17_20354682,17,21827381,23003494,4.5425244895216986e-11,1.58250050207487e-06,19860628.0,trans
S100a11,3.0,93324417.0,UT_3_93.299511,3,90413739,95488017,4.5910321626245056e-11,1.5976202598779146e-06,0.0,cis
Gsr,8.0,34763710.0,CEL-8_25677705,8,28002388,28727629,4.599743084677524e-11,1.5988730472137062e-06,6036081.0,trans
8430419L09Rik,6.0,135148070.0,rs13479054,6,134399886,134399886,4.617238672761471e-11,1.6031732189972123e-06,748184.0,cis
Slc35f5,1.0,127457600.0,D1Mit218,1,129336687,129336687,4.711647216739598e-11,1.6338951541984038e-06,1879087.0,cis
Fbxo44,4.0,147526910.0,rs3675987,4,147659225,148197078,4.716165307521791e-11,1.6338951541984038e-06,132315.0,cis
Htr5b,1.0,123406335.0,rs13476098,1,128464783,128523838,4.948076038414729e-11,1.7104512530084437e-06,5058448.0,trans
Htr5b,1.0,123406335.0,rs13476083,1,123358516,128188953,4.948076038414729e-11,1.7104512530084437e-06,0.0,cis
Scnm1,3.0,94933641.0,rs13477251,3,88658602,90219227,4.9799145592757035e-11,1.7195571318813558e-06,4714414.0,trans
Dnah7c,1.0,46487608.0,D1Mit375,1,43500860,43515733,4.987662129822116e-11,1.7203335336473325e-06,2971875.0,trans
Zfp185,20.0,70242373.0,rs13483818,20,69187247,70591777,5.0509291491734524e-11,1.7402367824392415e-06,0.0,cis
Rpa3,6.0,8205936.0,rs13478623,6,9485706,11226305,5.059763172775313e-11,1.7413626385721544e-06,1279770.0,cis
Zfp185,20.0,70242373.0,rs3157124,20,68694215,68694215,5.116773558136968e-11,1.7590481248828636e-06,1548158.0,cis
Zfp788,7.0,48888901.0,gnf07.032.889,7,48180543,51065291,5.143285804219986e-11,1.7662216211895174e-06,0.0,cis
Srp9,2.0,87366206.0,rs13476281,1,186146231,186146231,5.2252178992006067e-11,1.7923898806865697e-06,,trans
Cd320,17.0,33980036.0,rs3672987,17,33247165,35667114,5.285726732720122e-11,1.8111601122655642e-06,0.0,cis
Xaf1,11.0,72115165.0,UT_11_70.128831,11,70371167,72266233,5.302540978405689e-11,1.8141949507961576e-06,0.0,cis
Pqlc3,12.0,16995454.0,rs6180964,12,16835276,26476092,5.306181879346694e-11,1.8141949507961576e-06,0.0,cis
Pnpla3,15.0,83998258.0,rs13482687,15,85776069,86099724,5.372498269973008e-11,1.834863351667642e-06,1777811.0,cis
Hspa8,9.0,40609356.0,UT_9_35.918713,9,35020042,37007430,5.3862114717599493e-11,1.8369094645723291e-06,3601926.0,trans
March11,15.0,26317506.0,rs6260449,15,22159044,26360802,5.393041781366243e-11,1.8369094645723291e-06,0.0,cis
Iglon5,7.0,50728277.0,rs6206014,7,47861154,47861154,5.396104448708362e-11,1.8369094645723291e-06,2867123.0,trans
Hfm1,5.0,107330908.0,rs13478442,5,106769482,107112542,5.516304320321099e-11,1.8757860663796088e-06,218366.0,cis
Glul,1.0,155747075.0,rs3693161,1,162215219,163901483,5.535816389887889e-11,1.880377139943612e-06,6468144.0,trans
Fis1,5.0,137437956.0,rs3708411,5,136726448,137393985,5.5910806784137045e-11,1.8970892096876956e-06,43971.0,cis
Arl3,19.0,46605599.0,rs13483649,19,47218629,47938807,5.604276154470818e-11,1.8995063165023636e-06,613030.0,cis
Idua,5.0,109098330.0,rs13459088,5,111078136,111778516,5.6268394117545784e-11,1.9050898592201641e-06,1979806.0,cis
Bex4,1.0,152116052.0,rs13484003,20,130138456,131483757,5.634792371790555e-11,1.905720040643728e-06,,trans
Sssca1,19.0,5729237.0,rs13483511,19,6542811,6987338,5.644806446669099e-11,1.9070451894027282e-06,813574.0,cis
Thoc7,14.0,14781528.0,rs3689508,14,10592844,10651879,5.6906609599556355e-11,1.920462774990898e-06,4129649.0,trans
Mpg,11.0,32126511.0,rs13480935,11,29456156,29670526,5.702356906019001e-11,1.9223361611671992e-06,2455985.0,trans
3632451O06Rik,14.0,50301235.0,rs3666583,14,52760254,54864244,5.743087820161058e-11,1.9339830306561707e-06,2459019.0,trans
Gadd45gip1,8.0,87356181.0,rs13479859,8,84568955,85463661,5.824615207399038e-11,1.959328280436248e-06,1892520.0,cis
Palmd,3.0,116621174.0,mCV25436350,3,112860455,117113353,5.94414293631842e-11,1.994168957460946e-06,0.0,cis
Dnah7b,1.0,46346411.0,rs6370110,1,45566204,46925671,5.94624599114851e-11,1.994168957460946e-06,0.0,cis
Tmem132b,5.0,126229605.0,rs3692387,5,127383580,127383580,5.953175004586063e-11,1.994168957460946e-06,1153975.0,cis
Pla2g4e,2.0,119992148.0,rs13476709,2,114022898,115248630,5.959310768081798e-11,1.994168957460946e-06,4743518.0,trans
Snrnp25,11.0,32105415.0,rs13480935,11,29456156,29670526,5.960060202014741e-11,1.994168957460946e-06,2434889.0,trans
Rasgef1a,6.0,118030382.0,rs6204829,6,115865552,116706746,6.228288071101436e-11,2.0816885739058614e-06,1323636.0,cis
Ogg1,6.0,113276996.0,gnf06.112.868,6,113995964,114760449,6.249233970359496e-11,2.086460224050044e-06,718968.0,cis
LOC102639749,7.0,66641451.0,rs13479276,7,65717523,66413236,6.277832569406176e-11,2.093774017927516e-06,228215.0,cis
Mst1r,9.0,107809220.0,rs3676408,9,107733463,108704749,6.330807639050756e-11,2.107895166539196e-06,0.0,cis
Cyp2r1,7.0,121693678.0,rs3726501,7,118971889,119466660,6.34038625219188e-11,2.107895166539196e-06,2227018.0,trans
Cyp2r1,7.0,121693678.0,rs6280792,7,120195001,120696710,6.34038625219188e-11,2.107895166539196e-06,996968.0,cis
Nxpe4,9.0,47970106.0,rs3710199,9,47423231,47592920,6.387476129441502e-11,2.1212961471056255e-06,377186.0,cis
Gm16503,4.0,146914327.0,rs3675987,4,147659225,148197078,6.436059671049365e-11,2.1351642291394822e-06,744898.0,cis
Gm26337,7.0,66678425.0,CEL-7_43304662,7,62999955,63232349,6.509387551229142e-11,2.157203173564405e-06,3446076.0,trans
Nudt7,8.0,116657515.0,rs13479995,8,116236688,116762716,6.534412056990114e-11,2.1632047341146386e-06,0.0,cis
Zfp185,20.0,70242373.0,rs13483824,20,71121918,76792464,6.57513159586693e-11,2.1743839249593495e-06,879545.0,cis
Ppp1r12b,1.0,136646075.0,rs13476083,1,123358516,128188953,6.788728242848579e-11,2.2402836142486724e-06,8457122.0,trans
Ppp1r12b,1.0,136646075.0,rs13476098,1,128464783,128523838,6.788728242848579e-11,2.2402836142486724e-06,8122237.0,trans
Dnah7b,1.0,46346411.0,rs13459182,1,43799239,43799239,6.937361836036829e-11,2.286920408822135e-06,2547172.0,trans
Alox15,11.0,70157649.0,rs13481087,11,69415411,70265537,6.95591912500555e-11,2.2906241460942462e-06,0.0,cis
Kif17,4.0,137818166.0,rs13478021,4,140166294,140166294,7.007175383543084e-11,2.3050767300612983e-06,2348128.0,trans
A430033K04Rik,5.0,139064104.0,rs13478566,5,142540280,143680350,7.089259240254974e-11,2.3288031888716343e-06,3476176.0,trans
5830403L16Rik,1.0,155696672.0,CEL-1_152888326,1,154761280,155750989,7.094189284195106e-11,2.3288031888716343e-06,0.0,cis
Rcbtb2,14.0,73542352.0,rs3701623,14,73597329,78358585,7.174411785983276e-11,2.350840620349621e-06,54977.0,cis
Rassf8,6.0,145768029.0,rs6152631,6,144002632,144814489,7.176350502853396e-11,2.350840620349621e-06,953540.0,cis
Ndufc2,7.0,104548587.0,rs3023151,7,103823533,107944155,7.246751950335749e-11,2.3689417070521765e-06,0.0,cis
Ndufc2,7.0,104548587.0,CEL-7_88290939,7,108094541,111033533,7.246751950335749e-11,2.3689417070521765e-06,3545954.0,trans
Adgb,10.0,10155731.0,rs6185923,10,5378623,5378623,7.274030839286783e-11,2.3753769872825293e-06,4777108.0,trans
Gm13375,2.0,20891520.0,CEL-2_24053663,2,23949161,26223875,7.324255413157176e-11,2.3892840798848603e-06,3057641.0,trans
Arid5b,10.0,67558341.0,rs3712063,10,67552466,67604188,7.393989286593567e-11,2.4095198017218784e-06,0.0,cis
Rpl3,15.0,79908225.0,rs3696311,15,70982536,72247766,7.41405423652563e-11,2.412365405248786e-06,7660459.0,trans
Dnah7c,1.0,46487608.0,rs6370110,1,45566204,46925671,7.41814380355192e-11,2.412365405248786e-06,0.0,cis
Pnpla3,15.0,83998258.0,CEL-15_83283496,15,82755972,82755972,7.451361773378502e-11,2.4206515522431425e-06,1242286.0,cis
Gm12321,11.0,70870674.0,UT_9_51.41601,9,49215836,49989194,7.480274972548539e-11,2.4275235096873157e-06,,trans
Olfr1507,14.0,53109610.0,rs3666583,14,52760254,54864244,7.5500987964876e-11,2.4470252922221965e-06,0.0,cis
Serpina3h,12.0,105474436.0,gnf12.101.501,12,104522187,105392393,7.568400193613191e-11,2.4470252922221965e-06,82043.0,cis
Ogg1,6.0,113276996.0,rs13478924,6,99053858,99053858,7.571656437505195e-11,2.4470252922221965e-06,14223138.0,trans
Ogg1,6.0,113276996.0,rs6245069,6,98258573,98418438,7.571656437505195e-11,2.4470252922221965e-06,14858558.0,trans
Zfp457,13.0,67393386.0,rs4229817,13,66981471,67600532,7.592835972180864e-11,2.4513377690831874e-06,0.0,cis
Fancl,11.0,26287084.0,rs13480929,11,28095396,28719020,7.623710432734081e-11,2.4587681223539474e-06,1808312.0,cis
Kazn,4.0,141658306.0,D4Mit343,4,142301240,142301240,7.655616670518524e-11,2.466515592985256e-06,642934.0,cis
Cda,4.0,137894443.0,rs6234904,4,138152372,139225623,7.832706651474502e-11,2.5180708015669483e-06,257929.0,cis
Mkl2,16.0,13415590.0,rs4165081,16,19883171,19883171,7.835049271185962e-11,2.5180708015669483e-06,6467581.0,trans
Rnf169,7.0,107068767.0,rs13479441,7,111297536,111297536,7.839781851510535e-11,2.5180708015669483e-06,4228769.0,trans
3110052M02Rik,17.0,21794171.0,rs13482868,17,10586984,11481618,7.858151443902275e-11,2.521382269189797e-06,10312553.0,trans
Tctex1d2,16.0,32419788.0,D16Mit58,16,32312108,32312108,7.912279005296389e-11,2.535025598258469e-06,107680.0,cis
Kcnj10,1.0,174271341.0,rs13476241,1,174792335,175262195,7.92563343184444e-11,2.535025598258469e-06,520994.0,cis
Tada1,1.0,168309431.0,rs4222799,1,169153243,169907834,7.929001629379287e-11,2.535025598258469e-06,843812.0,cis
Scg5,2.0,113616524.0,rs6242654,2,107081147,109233749,7.933085319894496e-11,2.535025598258469e-06,4382775.0,trans
Nlrp1c-ps,11.0,71055932.0,UT_11_70.128831,11,70371167,72266233,8.043848108666289e-11,2.567797084168665e-06,0.0,cis
Entpd3,9.0,120448961.0,rs13480455,9,120927360,121678392,8.183429899054801e-11,2.609692124360915e-06,478399.0,cis
Ankrd45,1.0,163072871.0,rs3693161,1,162215219,163901483,8.200567004752528e-11,2.6124940468712862e-06,0.0,cis
Eno3,11.0,70470706.0,rs13481070,11,64909099,67090601,8.242105452530196e-11,2.6230560133652642e-06,3380105.0,trans
Polr1a,6.0,71859067.0,rs13478800,6,64766249,65067887,8.272215836997154e-11,2.62996321917223e-06,6791180.0,trans
Sssca1,19.0,5729237.0,rs13483502,19,4316396,4316396,8.292084100527386e-11,2.6336034562108357e-06,1412841.0,cis
Hdhd3,4.0,62160046.0,rs6254381,4,63346623,65047572,8.339803862857414e-11,2.6460731001684484e-06,1186577.0,cis
Tm2d3,7.0,72836055.0,D7Mit199,7,73078958,73078958,8.37646271216067e-11,2.6550115988299812e-06,242903.0,cis
Fcho1,8.0,74232535.0,rs13479814,8,70845435,74265398,8.417688297579948e-11,2.6653780153355545e-06,0.0,cis
4932438H23Rik,16.0,91054180.0,rs4216581,16,89533120,90609837,8.576917717440426e-11,2.713050438934492e-06,444343.0,cis
Klhl20,1.0,163018509.0,rs3693161,1,162215219,163901483,9.021588947364575e-11,2.8508262992166156e-06,0.0,cis
H2-Ke6,17.0,34162978.0,rs13482967,17,37015393,39314866,9.059296779549636e-11,2.8587469923097464e-06,2852415.0,trans
BC051628,2.0,180954721.0,rs6305540,2,180825582,181542229,9.064930464465078e-11,2.8587469923097464e-06,0.0,cis
Hfm1,5.0,107330908.0,rs13478434,5,104572764,106233590,9.126639776691179e-11,2.8753093514545475e-06,1097318.0,cis
Ezh2,6.0,47480273.0,rs6290329,6,48500579,48680756,9.149318121635443e-11,2.8783877186823443e-06,1020306.0,cis
Gm8840,1.0,69177545.0,mCV25009162,5,145297027,147394031,9.154812584308732e-11,2.8783877186823443e-06,,trans
Tmem159,7.0,127245940.0,rs6366212,7,126261041,126312422,9.889457136894953e-11,3.1062473090928716e-06,933518.0,cis
Gm25934,7.0,66606779.0,CEL-7_43304662,7,62999955,63232349,1.0050759440003528e-10,3.153745442888712e-06,3374430.0,trans
Kifap3,1.0,165709724.0,rs4222763,1,165315111,168178248,1.0133287979530872e-10,3.1764553835961007e-06,0.0,cis
Rasal1,5.0,121098831.0,rs13478499,5,123738719,124845980,1.0280900523044461e-10,3.2195011499934634e-06,2639888.0,trans
Gm22748,12.0,17552955.0,rs3657682,12,15739388,16592330,1.0349819273100388e-10,3.237842222313591e-06,960625.0,cis
Dtd1,2.0,144425716.0,rs6209325,2,147881059,149804748,1.0376412996791266e-10,3.2429188961699883e-06,3455343.0,trans
9030025P20Rik,17.0,15178579.0,gnf17.005.541,17,8688392,9032964,1.0434814356613857e-10,3.2573699055955916e-06,6145615.0,trans
9030025P20Rik,17.0,15178579.0,CEL-17_20354682,17,21827381,23003494,1.044347657368992e-10,3.2573699055955916e-06,6648802.0,trans
Cd59a,2.0,103936010.0,D13Mit224,13,64187020,64187020,1.0480886843257019e-10,3.2657823319247746e-06,,trans
Zfp30,7.0,30569609.0,rs4226520,7,30566471,31205553,1.0610771960881756e-10,3.3029639613903988e-06,0.0,cis
Commd7,2.0,153442669.0,rs6209325,2,147881059,149804748,1.0628832318530281e-10,3.305297009733479e-06,3637921.0,trans
Lrrc61,6.0,48504951.0,rs6290329,6,48500579,48680756,1.0649295838776204e-10,3.3083720048449192e-06,0.0,cis
Ica1,6.0,8580527.0,rs13478632,6,11712185,12417050,1.0811213389509794e-10,3.355342232075797e-06,3131658.0,trans
Ppp1r12b,1.0,136646075.0,gnf01.127.292,1,129548234,130226591,1.0857279901423269e-10,3.3629667710000103e-06,6419484.0,trans
Ppp1r12b,1.0,136646075.0,gnf01.126.387,1,128625711,129064813,1.0857279901423269e-10,3.3629667710000103e-06,7581262.0,trans
Dgkh,14.0,78969871.0,rs13482263,14,78783158,78783158,1.09744773713151e-10,3.395905587637791e-06,186713.0,cis
Slc35f5,1.0,127457600.0,rs6302966,1,122017245,122817184,1.1085629113620775e-10,3.4269103866546594e-06,4640416.0,trans
Clpb,7.0,108938806.0,rs13479441,7,111297536,111297536,1.1203142968063572e-10,3.459818755750023e-06,2358730.0,trans
Tmem18,12.0,31269336.0,rs3707174,12,30398066,31568401,1.1280370176255791e-10,3.480232933836433e-06,0.0,cis
2810001A02Rik,15.0,86044462.0,rs13482693,15,87908143,88048035,1.1552354565414605e-10,3.5606344003225664e-06,1863681.0,cis
Pofut1,2.0,153067268.0,rs6209325,2,147881059,149804748,1.1582160317686002e-10,3.5663074424986565e-06,3262520.0,trans
BC051142,17.0,34535765.0,rs13482947,17,31769796,31769796,1.2096081359462839e-10,3.720888551319351e-06,2765969.0,trans
Rps18,17.0,34088944.0,rs13482934,17,27985170,29917068,1.2362931652884602e-10,3.7992389245942823e-06,4171876.0,trans
Sybu,15.0,44503402.0,rs4230714,15,44206758,44717039,1.2661624108267313e-10,3.887211295758033e-06,0.0,cis
Mfap3,11.0,57332167.0,rs13481045,11,58057820,58381052,1.267768464931974e-10,3.888326173949143e-06,725653.0,cis
Med8,4.0,118081942.0,rs13477942,4,119150596,120476226,1.2754733583629064e-10,3.9081260739274875e-06,1068654.0,cis
Eqtn,4.0,94573984.0,rs13477836,4,89978373,91021366,1.3081565932680216e-10,4.004347459784743e-06,3552618.0,trans
Psmb6,11.0,70338888.0,rs3695202,11,64515287,64515287,1.317710084277652e-10,4.029648376461969e-06,5823601.0,trans
Ttll3,6.0,113339254.0,rs13478980,6,113408783,113408783,1.3292986858375214e-10,4.0611173081523995e-06,69529.0,cis
Jmjd7,2.0,119853242.0,UT_2_119.151187,2,118706767,121192484,1.3323284440353332e-10,4.06640237368876e-06,0.0,cis
2310040G07Rik,5.0,77357393.0,rs13478357,5,82835236,84702390,1.3420213279328337e-10,4.091993855363729e-06,5477843.0,trans
B4galt3,1.0,173200485.0,NES13029525,1,174201925,174420752,1.347075043155609e-10,4.101023077227572e-06,1001440.0,cis
Tmem260,14.0,49066131.0,rs6278789,14,50409368,52650880,1.347604374251957e-10,4.101023077227572e-06,1343237.0,cis
Dthd1,5.0,63209761.0,rs3657916,5,63556502,63605205,1.370580425395822e-10,4.1659584942832936e-06,346741.0,cis
Srd5a1,13.0,69712327.0,rs3670719,13,69230931,70148388,1.3716055938262567e-10,4.1659584942832936e-06,0.0,cis
Sult2b1,7.0,52985353.0,rs13479226,7,52843651,53422379,1.3801807034192652e-10,4.187937595934107e-06,0.0,cis
Alad,4.0,62170202.0,rs13477725,4,57626582,58332266,1.4018541824273435e-10,4.243089267234444e-06,3837936.0,trans
Adat2,10.0,13273035.0,rs3695003,10,7632997,9133173,1.4024254734571145e-10,4.243089267234444e-06,4139862.0,trans
Adat2,10.0,13273035.0,rs3721803,10,3342586,4609418,1.4024254734571145e-10,4.243089267234444e-06,8663617.0,trans
Gm25934,7.0,66606779.0,rs13479306,7,73604599,75261560,1.4143529320703707e-10,4.275041757210082e-06,6997820.0,trans
Nfu1,6.0,86959883.0,CEL-6_86603542,6,86222500,86953033,1.4221657460929343e-10,4.294507588841282e-06,6850.0,cis
Cenpb,2.0,131003025.0,rs4223510,2,131679415,131819271,1.436321652781723e-10,4.3330716158553e-06,676390.0,cis
Mmd2,5.0,143038319.0,rs13478566,5,142540280,143680350,1.4384919552329602e-10,4.3354381982791786e-06,0.0,cis
H2-Q2,17.0,35479278.0,rs13482934,17,27985170,29917068,1.450495066326044e-10,4.367406581108471e-06,5562210.0,trans
Glul,1.0,155747075.0,rs3653666,1,160477203,161687298,1.4566389685138202e-10,4.381688509267202e-06,4730128.0,trans
Cenpb,2.0,131003025.0,rs8264884,2,130881868,131487026,1.4668404795303787e-10,4.408136891094181e-06,0.0,cis
Armcx1,20.0,131252509.0,rs13484013,20,132120932,132263712,1.4686652707798672e-10,4.409385018203437e-06,868423.0,cis
Klhdc9,1.0,173288580.0,NES13029525,1,174201925,174420752,1.471687956070013e-10,4.414223750272316e-06,913345.0,cis
Ocel1,8.0,73895252.0,rs3722665,8,75068927,77417178,1.479869214433156e-10,4.4345111665048584e-06,1173675.0,cis
Arhgap4,20.0,71139695.0,rs13483824,20,71121918,76792464,1.498511603349198e-10,4.4860771225559864e-06,0.0,cis
Zfp185,20.0,70242373.0,CEL-X_71438949,20,77128597,81087944,1.5026795694670076e-10,4.494253993734806e-06,6886224.0,trans
Pip5k1b,19.0,24369284.0,rs6259521,19,24021292,24783738,1.5269426956296594e-10,4.557420262850179e-06,0.0,cis
Psmb6,11.0,70338888.0,rs13481068,11,64596125,64596125,1.5278030575627188e-10,4.557420262850179e-06,5742763.0,trans
Fpr2,17.0,18024788.0,rs13482868,17,10586984,11481618,1.5281699354776033e-10,4.557420262850179e-06,6543170.0,trans
Myo7a,7.0,105199570.0,rs13479451,7,114512549,114512549,1.5337451229274897e-10,4.569690759803737e-06,9312979.0,trans
Arid5b,10.0,67558341.0,rs13480629,10,67079061,67079061,1.5434612722432705e-10,4.594263885830351e-06,479280.0,cis
Tmem203,2.0,25110974.0,rs13476364,2,19000350,22676436,1.5500481234143265e-10,4.605176880273637e-06,2434538.0,trans
Ociad1,5.0,73684063.0,CEL-5_67747877,5,69527299,71133299,1.5500716419251334e-10,4.605176880273637e-06,2550764.0,trans
Sgcg,14.0,61839896.0,rs13482214,14,62215307,65159865,1.558252672995286e-10,4.625089971689515e-06,375411.0,cis
Ccdc85a,11.0,28285692.0,rs13480929,11,28095396,28719020,1.5669227411280049e-10,4.646415460843089e-06,0.0,cis
Chrna3,9.0,54854240.0,rs4227700,9,58724842,59934577,1.581822305350537e-10,4.6831410444895125e-06,3870602.0,trans
Cpt1c,7.0,52213854.0,rs13479226,7,52843651,53422379,1.5823017534322175e-10,4.6831410444895125e-06,629797.0,cis
Hspa12b,2.0,130953148.0,rs6411422,2,128199226,129125488,1.6343229235803215e-10,4.8325362495407615e-06,1827660.0,cis
Dtd1,2.0,144425716.0,rs6291774,2,154372104,154520256,1.6418163866142734e-10,4.850109477091097e-06,9946388.0,trans
Neo1,9.0,58722486.0,rs6206488,9,54760050,57112387,1.6765671861045978e-10,4.948094808696868e-06,1610099.0,cis
Ocel1,8.0,73895252.0,rs13479813,8,70431892,70720690,1.6830706515805593e-10,4.962606944891253e-06,3174562.0,trans
Cyb5r3,15.0,82983925.0,CEL-15_83283496,15,82755972,82755972,1.697117858129737e-10,4.999313855099074e-06,227953.0,cis
Cd320,17.0,33980036.0,rs13482967,17,37015393,39314866,1.6992435581072448e-10,5.000866757952091e-06,3035357.0,trans
Vamp5,6.0,72318088.0,mhcCD8b4,6,71278246,75834707,1.7096326193015244e-10,5.026712923433212e-06,0.0,cis
Clpb,7.0,108938806.0,D7Mit323,7,108024450,108024450,1.7225326763520658e-10,5.059886524272408e-06,914356.0,cis
3632451O06Rik,14.0,50301235.0,mCV23384307,14,49708958,49708958,1.7326059863470357e-10,5.084702192941467e-06,592277.0,cis
Lincenc1,13.0,98264754.0,rs6328703,13,91841957,93493822,1.749832873830805e-10,5.118277356851396e-06,4770932.0,trans
Lypd1,1.0,127768620.0,rs13476083,1,123358516,128188953,1.751515912804203e-10,5.118277356851396e-06,0.0,cis
Lypd1,1.0,127768620.0,rs13476098,1,128464783,128523838,1.751515912804203e-10,5.118277356851396e-06,696163.0,cis
Gm25156,7.0,66608653.0,rs6345670,7,70840460,72948115,1.75222701347129e-10,5.118277356851396e-06,4231807.0,trans
Gm25156,7.0,66608653.0,rs4226649,7,73194873,73194873,1.75222701347129e-10,5.118277356851396e-06,6586220.0,trans
Ankrd13d,19.0,4270180.0,rs13483502,19,4316396,4316396,1.7627867292344375e-10,5.144319134846986e-06,46216.0,cis
Lsm12,11.0,102023815.0,rs13481194,11,101460336,103038835,1.789217398663547e-10,5.2165852193654e-06,0.0,cis
Zfp874a,13.0,67527195.0,rs4229817,13,66981471,67600532,1.8004842409259135e-10,5.242141322618919e-06,0.0,cis
Smarcal1,1.0,72629845.0,rs13475921,1,73464731,76386670,1.8013341119033445e-10,5.242141322618919e-06,834886.0,cis
Paqr8,1.0,20880689.0,rs6253968,1,21628545,21932522,1.8085562787055142e-10,5.258267455075477e-06,747856.0,cis
Cyb5r4,4.0,18771349.0,rs3674339,9,85386930,85749877,1.8148148750706142e-10,5.271564719887962e-06,,trans
Ifih1,2.0,62435358.0,rs6318340,2,62000422,62483390,1.8422020231861259e-10,5.3461533241788335e-06,0.0,cis
Man2b1,8.0,87607168.0,rs3698182,8,86111850,88831890,1.8548171271178284e-10,5.377774265648007e-06,0.0,cis
Mis12,11.0,70833113.0,UT_11_70.128831,11,70371167,72266233,1.8601552690018262e-10,5.38825768542551e-06,0.0,cis
Sepn1,4.0,134093807.0,rs13478001,4,135998441,137764129,1.8628241280590503e-10,5.390996828132213e-06,1904634.0,cis
Sfr1,19.0,47785109.0,rs13483649,19,47218629,47938807,1.8680754152658594e-10,5.400997440725025e-06,0.0,cis
Tldc2,2.0,156888628.0,CEL-2_135876979,2,135953692,136253017,1.8697326516861668e-10,5.400997440725025e-06,20635611.0,trans
Gng2,14.0,20691781.0,rs3710916,14,8852064,10238923,1.876795129599905e-10,5.416397155625405e-06,10452858.0,trans
Ift27,15.0,77989890.0,rs6342608,15,77990182,78589640,1.8823982369070312e-10,5.427560648268982e-06,292.0,cis
Mxra7,11.0,116664718.0,gnf11.125.992,11,117108177,117108177,1.9152546840568218e-10,5.517211384691444e-06,443459.0,cis
Mr1,1.0,156975008.0,rs6181202,1,156456243,159872935,1.9309466647501203e-10,5.557297542188532e-06,0.0,cis
Pold3,7.0,107230621.0,rs3699086,7,103251219,103381987,1.9455241820628967e-10,5.594105515236033e-06,3848634.0,trans
Fis1,5.0,137437956.0,rs8265855,5,138337848,139187687,1.9509529370083763e-10,5.6045639508911985e-06,899892.0,cis
Odc1,12.0,17551778.0,rs3657682,12,15739388,16592330,1.9867145913741349e-10,5.7007795983911475e-06,959448.0,cis
Rnf38,4.0,44139082.0,rs6232550,4,40972607,40972607,1.9880902047787368e-10,5.7007795983911475e-06,3166475.0,trans
Cst3,2.0,148697458.0,rs6291774,2,154372104,154520256,2.0333186113432624e-10,5.825131224351533e-06,5674646.0,trans
H2-Q2,17.0,35479278.0,rs13482930,17,26950947,27588409,2.0366330539722465e-10,5.829288393923902e-06,7890869.0,trans
Idua,5.0,109098330.0,rs13478446,5,107623394,108406052,2.0432710723239657e-10,5.842942067372237e-06,692278.0,cis
Dennd1b,1.0,140860363.0,rs13476138,1,141417668,141417668,2.0638338385232306e-10,5.896353674951353e-06,557305.0,cis
Cyp2r1,7.0,121693678.0,mCV24779699,7,122555415,123277780,2.08071918627132e-10,5.939171052590743e-06,861737.0,cis
Unc13a,8.0,74150642.0,rs13479813,8,70431892,70720690,2.0947969376398513e-10,5.973903715385983e-06,3429952.0,trans
Galnt11,5.0,24728711.0,CEL-5_24068097,5,25161103,25303743,2.1116190284266654e-10,6.0163922422381706e-06,432392.0,cis
Adgb,10.0,10155731.0,rs4228121,10,13407602,14123191,2.1224255995329957e-10,6.041679716775961e-06,3251871.0,trans
Kcnj10,1.0,174271341.0,rs8242766,1,172981863,174164127,2.132290093904658e-10,6.064241943914331e-06,107214.0,cis
Tspyl3,2.0,153048109.0,rs13476805,2,139549796,147753900,2.1430758890469218e-10,6.0893809895036145e-06,5294209.0,trans
Galnt11,5.0,24728711.0,rs13478144,5,23827219,23827219,2.176580339318925e-10,6.178969097817501e-06,901492.0,cis
Rfk,19.0,17468573.0,rs13483561,19,21205552,21553228,2.1903829123355923e-10,6.212514939902143e-06,3736979.0,trans
AI413582,17.0,27700714.0,CEL-17_29648158,17,31179361,31326531,2.1958510312500373e-10,6.22238266945413e-06,3478647.0,trans
Zfp458,13.0,67355854.0,D13Mit224,13,64187020,64187020,2.2026396592596816e-10,6.235971078887258e-06,3168834.0,trans
Nit1,1.0,173268754.0,NES13029525,1,174201925,174420752,2.210152481773788e-10,6.251583355047499e-06,933171.0,cis
Mcm6,1.0,130228167.0,D1Mit91,1,128355210,128413910,2.2155280771296798e-10,6.2611275771649915e-06,1814257.0,cis
Tldc2,2.0,156888628.0,rs6291774,2,154372104,154520256,2.2245784675102492e-10,6.2810302444223955e-06,2368372.0,trans
Gm4876,6.0,17026262.0,rs13478641,6,16011004,16655472,2.227021087861819e-10,6.2822570023119195e-06,370790.0,cis
Idua,5.0,109098330.0,rs6331425,5,112371951,113588568,2.2312236054726532e-10,6.288441613503814e-06,3273621.0,trans
Ogg1,6.0,113276996.0,rs13478975,6,112093706,112800819,2.2381687495943914e-10,6.30233790441705e-06,476177.0,cis
Rsg1,4.0,140770276.0,rs3718552,4,142466392,142466392,2.2683034946873344e-10,6.375715262332374e-06,1696116.0,cis
Rsg1,4.0,140770276.0,rs13478024,4,140884373,142095184,2.2683034946873344e-10,6.375715262332374e-06,114097.0,cis
Coq9,8.0,97362317.0,rs4227313,8,93635988,98167503,2.2762759764012524e-10,6.384980686965455e-06,0.0,cis
Snrnp25,11.0,32105415.0,rs13480932,11,28975003,29445002,2.2777227877281116e-10,6.384980686965455e-06,2660413.0,trans
Snrnp25,11.0,32105415.0,rs13480937,11,30059387,33390350,2.2777227877281116e-10,6.384980686965455e-06,0.0,cis
AA388235,17.0,34118437.0,rs13482947,17,31769796,31769796,2.334351864998609e-10,6.537866707681493e-06,2348641.0,trans
Cntnap2,6.0,45010087.0,rs13478728,6,44145774,45043868,2.337728591904822e-10,6.541467692725016e-06,0.0,cis
Zfp738,13.0,67770426.0,rs13481861,13,68711508,69092648,2.350644449280428e-10,6.571730927697371e-06,941082.0,cis
Rnasel,1.0,155600060.0,rs6209248,1,160302634,160302634,2.3677537055134414e-10,6.6136531999958e-06,4702574.0,trans
Pnpla3,15.0,83998258.0,rs13482689,15,86437548,86803133,2.372203398040866e-10,6.6201712957775884e-06,2439290.0,trans
Tm2d3,7.0,72836055.0,rs4226649,7,73194873,73194873,2.3925698992472475e-10,6.665117256123442e-06,358818.0,cis
Tm2d3,7.0,72836055.0,rs6345670,7,70840460,72948115,2.3925698992472475e-10,6.665117256123442e-06,0.0,cis
Klhl20,1.0,163018509.0,rs13476208,1,163955813,164935095,2.4059822431421173e-10,6.694961217081542e-06,937304.0,cis
Tm2d3,7.0,72836055.0,rs3693478,7,67179979,70463288,2.4075630656011484e-10,6.694961217081542e-06,2372767.0,trans
Gm4876,6.0,17026262.0,mCV23259040,6,16932016,17467666,2.422024621275585e-10,6.729194464042449e-06,0.0,cis
Eno3,11.0,70470706.0,rs13481068,11,64596125,64596125,2.424512019046539e-10,6.73012826365615e-06,5874581.0,trans
Xaf1,11.0,72115165.0,rs13481087,11,69415411,70265537,2.444751968321138e-10,6.780295481874914e-06,1849628.0,cis
Hspa12b,2.0,130953148.0,rs4223510,2,131679415,131819271,2.476058945536127e-10,6.861040031077386e-06,726267.0,cis
Ackr1,1.0,175261942.0,rs3682996,1,175676881,177366983,2.483977284122474e-10,6.876890231809075e-06,414939.0,cis
Clpb,7.0,108938806.0,rs13479451,7,114512549,114512549,2.511736258646899e-10,6.947592630891024e-06,5573743.0,trans
Klc1,12.0,112997090.0,D12Mit280,12,112417841,112417841,2.522787642076846e-10,6.9712116142341515e-06,579249.0,cis
Pih1d1,7.0,52409724.0,rs13479226,7,52843651,53422379,2.524731858189728e-10,6.9712116142341515e-06,433927.0,cis
Ttll3,6.0,113339254.0,rs6204829,6,115865552,116706746,2.5475238923306525e-10,7.027941325729382e-06,2526298.0,trans
Cst3,2.0,148697458.0,rs3675388,2,152495773,153967020,2.555375731267742e-10,7.0433913589659635e-06,3798315.0,trans
Plekhh2,17.0,84911235.0,rs6336971,17,87157410,87477783,2.5766531144727686e-10,7.095786492888148e-06,2246175.0,trans
Serpina3h,12.0,105474436.0,rs13481620,12,104269892,104269892,2.58728205897112e-10,7.118790760582871e-06,1204544.0,cis
Adat2,10.0,13273035.0,rs6185923,10,5378623,5378623,2.5932517708430105e-10,7.1289461940803336e-06,7894412.0,trans
Fancc,13.0,63406017.0,rs6220659,13,64303979,65397885,2.603959313223647e-10,7.145823064650613e-06,897962.0,cis
Fancc,13.0,63406017.0,rs13481845,13,63061924,64072990,2.603959313223647e-10,7.145823064650613e-06,0.0,cis
Nkx6-2,7.0,146765198.0,rs6392543,7,145329119,146124556,2.613756471027102e-10,7.166422232463586e-06,640642.0,cis
Hjurp,1.0,90155662.0,rs6376963,1,5008090,5008090,2.6234460801128664e-10,7.186690704796025e-06,85147572.0,trans
Coa3,11.0,101139282.0,rs13481194,11,101460336,103038835,2.6305238510835705e-10,7.199775079737146e-06,321054.0,cis
Naaa,5.0,92687119.0,rs13478370,5,85890223,90247207,2.659752076730323e-10,7.273409643096762e-06,2439912.0,trans
Ttll3,6.0,113339254.0,rs13478975,6,112093706,112800819,2.662369006148991e-10,7.274207376186839e-06,538435.0,cis
Gpnmb,6.0,48986624.0,rs6155681,6,49605503,50470104,2.6758931346749913e-10,7.29940909507922e-06,618879.0,cis
Dtd1,2.0,144425716.0,rs6265656,2,156689630,158441351,2.676259404571859e-10,7.29940909507922e-06,12263914.0,trans
Zfp458,13.0,67355854.0,rs4229817,13,66981471,67600532,2.6937825706220246e-10,7.34080294889701e-06,0.0,cis
Ccdc85a,11.0,28285692.0,rs13480937,11,30059387,33390350,2.7028809285652114e-10,7.348093925222035e-06,1773695.0,cis
Ccdc85a,11.0,28285692.0,rs13480932,11,28975003,29445002,2.7028809285652114e-10,7.348093925222035e-06,689311.0,cis
2810001A02Rik,15.0,86044462.0,rs6405854,15,87307012,87307012,2.703504562015592e-10,7.348093925222035e-06,1262550.0,cis
Gm13304,4.0,42786392.0,rs13477674,4,43562053,44330250,2.7139616723328047e-10,7.363720884605064e-06,775661.0,cis
Gm13304,4.0,42786392.0,rs13477670,4,42803507,43197670,2.7139616723328047e-10,7.363720884605064e-06,17115.0,cis
Gzmk,13.0,113961816.0,rs3724755,13,116238014,116341977,2.733580950787205e-10,7.410526187967995e-06,2276198.0,trans
Sec24d,3.0,122970414.0,rs3671119,3,126116579,126116579,2.741940137390806e-10,7.4267516352710215e-06,3146165.0,trans
Srd5a1,13.0,69712327.0,rs13481870,13,71140974,71140974,2.7644574383788355e-10,7.481264158069693e-06,1428647.0,cis
Srd5a1,13.0,69712327.0,rs6280864,13,70216413,70216413,2.8217539104214783e-10,7.629721619213951e-06,504086.0,cis
2310040G07Rik,5.0,77357393.0,rs6163111,5,74219748,76243460,2.847756090872045e-10,7.693379321556239e-06,1113933.0,cis
Usp53,3.0,122636519.0,rs3670168,3,127995452,128958446,2.850478169794066e-10,7.694088885749212e-06,5358933.0,trans
Sgcg,14.0,61839896.0,rs13482205,14,59823960,59956945,2.8553198543634304e-10,7.700513592122316e-06,1882951.0,cis
Mr1,1.0,156975008.0,rs6209248,1,160302634,160302634,2.890844768408094e-10,7.78960557396539e-06,3327626.0,trans
Nubp2,17.0,25019562.0,CEL-17_21879142,17,23322637,26350810,2.9235924100822996e-10,7.871067077647635e-06,0.0,cis
Otud7a,7.0,70589658.0,CEL-7_43304662,7,62999955,63232349,2.939207178425899e-10,7.899961184165726e-06,7357309.0,trans
Got1l1,8.0,28307931.0,rs13459102,8,26133139,27552604,2.939375174927471e-10,7.899961184165726e-06,755327.0,cis
Dpp7,2.0,25207807.0,rs13476364,2,19000350,22676436,2.9451958918938923e-10,7.908810623263482e-06,2531371.0,trans
Fcrls,3.0,87054680.0,rs13477251,3,88658602,90219227,2.9578152678298647e-10,7.935885840333774e-06,1603922.0,cis
Gsr,8.0,34763710.0,rs13459102,8,26133139,27552604,2.966541983425883e-10,7.952479509033982e-06,7211106.0,trans
Appbp2,11.0,85004808.0,rs13481128,11,83521936,87177234,2.970943504656531e-10,7.957460039646929e-06,0.0,cis
LOC102640399,7.0,66948590.0,CEL-7_43304662,7,62999955,63232349,2.9739077888579346e-10,7.958585805508119e-06,3716241.0,trans
Wscd1,11.0,71564205.0,rs13481087,11,69415411,70265537,2.9947295307557773e-10,7.99649756316862e-06,1298668.0,cis
Il17d,14.0,58143744.0,CEL-14_49073718,14,57704960,59236690,2.998672129284535e-10,7.99649756316862e-06,0.0,cis
Pign,1.0,107417716.0,rs13476012,1,101801486,105621440,2.999384129666941e-10,7.99649756316862e-06,1796276.0,cis
Pign,1.0,107417716.0,rs13476033,1,107790532,108029792,2.999384129666941e-10,7.99649756316862e-06,372816.0,cis
Eapp,12.0,55774448.0,rs3705833,12,59053627,59702512,3.0008548571882165e-10,7.99649756316862e-06,3279179.0,trans
Iffo2,4.0,139087604.0,rs6234904,4,138152372,139225623,3.009067890747639e-10,8.011559005214647e-06,0.0,cis
Abca3,17.0,24488991.0,rs13482934,17,27985170,29917068,3.0344012582287113e-10,8.072138481707899e-06,3496179.0,trans
Ddx59,1.0,138311848.0,rs6202860,1,147391348,148385403,3.100743174956883e-10,8.241613604038844e-06,9079500.0,trans
LOC102639120,7.0,50253762.0,rs4229817,13,66981471,67600532,3.11027034293393e-10,8.25991854675559e-06,,trans
Kank4,4.0,98421589.0,CEL-4_95227224,4,96563640,96653621,3.1159201862008216e-10,8.267904193166672e-06,1767968.0,cis
Fmn2,1.0,176431675.0,rs13476241,1,174792335,175262195,3.137057256203595e-10,8.31693589048365e-06,1169480.0,cis
9130213A22Rik,11.0,68934690.0,rs3677986,11,67961048,68740438,3.163986787089699e-10,8.381228466613578e-06,194252.0,cis
Pgpep1,8.0,73172976.0,rs13479813,8,70431892,70720690,3.182290363491566e-10,8.422581904976892e-06,2452286.0,trans
4930452B06Rik,14.0,9263706.0,gnf14.013.298,14,20733677,23539821,3.228229116846416e-10,8.536945747249589e-06,11469971.0,trans
Npl,1.0,155350145.0,rs6209248,1,160302634,160302634,3.2335949121817385e-10,8.542954721346067e-06,4952489.0,trans
Zfp277,12.0,41041633.0,gnf12.035.312,12,37595107,39358621,3.235962939319003e-10,8.542954721346067e-06,1683012.0,cis
Hspb6,7.0,31338040.0,CEL-7_20141278,7,31950331,35185656,3.2434130398844803e-10,8.555403266167447e-06,612291.0,cis
Plscr4,9.0,92352216.0,rs3693091,9,90299276,94380583,3.2472407183695274e-10,8.558283741073744e-06,0.0,cis
Mfap3,11.0,57332167.0,rs6313602,11,58819966,59042857,3.309961827273741e-10,8.716245628171361e-06,1487799.0,cis
Dnah8,17.0,30761299.0,rs6242153,17,32068298,32078991,3.3234203313718236e-10,8.74432586408506e-06,1306999.0,cis
Wsb2,5.0,117807314.0,mCV23798232,5,117112003,118108877,3.3400796747852495e-10,8.780773629382084e-06,0.0,cis
Ppil4,10.0,7512719.0,rs3721803,10,3342586,4609418,3.3751554142360924e-10,8.858097083566357e-06,2903301.0,trans
Ppil4,10.0,7512719.0,rs3695003,10,7632997,9133173,3.3751554142360924e-10,8.858097083566357e-06,120278.0,cis
Plvap,8.0,74021664.0,rs3722665,8,75068927,77417178,3.382157283472778e-10,8.863563220939103e-06,1047263.0,cis
Tmod1,4.0,46073838.0,rs3694836,4,45985764,46553371,3.3829046555555154e-10,8.863563220939103e-06,0.0,cis
Copa,1.0,174012934.0,NES13029525,1,174201925,174420752,3.4113318189545526e-10,8.930565819701914e-06,188991.0,cis
Plekhh2,17.0,84911235.0,rs6263123,17,83797599,83867301,3.4211353589285126e-10,8.94874213553061e-06,1043934.0,cis
Abhd14a,9.0,106342385.0,rs3657415,9,105983686,106321565,3.4253944381019747e-10,8.952397424371456e-06,20820.0,cis
Mtus1,8.0,42076266.0,D8Mit294,8,40490765,40490765,3.428310538902012e-10,8.952539616134837e-06,1585501.0,cis
Rbm46,3.0,82641155.0,CEL-3_75140206,3,74542042,75418536,3.4338255930282285e-10,8.957372643463268e-06,7222619.0,trans
Nhp2,11.0,51433275.0,rs13481023,11,51824799,52067554,3.4358877915458636e-10,8.957372643463268e-06,391524.0,cis
Fah,7.0,91733669.0,rs13479374,7,91031062,91596873,3.4519028409126843e-10,8.99163091279293e-06,136796.0,cis
Tm4sf5,11.0,70318779.0,UT_11_70.128831,11,70371167,72266233,3.45771070201087e-10,8.999266277570744e-06,52388.0,cis
Amdhd2,17.0,24292800.0,CEL-17_21879142,17,23322637,26350810,3.4953414815353653e-10,9.089644529847093e-06,0.0,cis
1700030K09Rik,8.0,74967825.0,rs3722665,8,75068927,77417178,3.518992773154426e-10,9.143549151912844e-06,101102.0,cis
Apoa2,1.0,173155220.0,rs13476241,1,174792335,175262195,3.560939840583316e-10,9.244863549878931e-06,1637115.0,cis
Cbx7,15.0,79746237.0,rs3696311,15,70982536,72247766,3.5944370353194804e-10,9.324090676371331e-06,7498471.0,trans
Dap3,3.0,88724725.0,UT_3_90.000791,3,87719794,88310086,3.623427551343104e-10,9.39150573271624e-06,414639.0,cis
Il17d,14.0,58143744.0,rs3692863,14,59434131,59729143,3.627495263594831e-10,9.39426562012275e-06,1290387.0,cis
Abcb8,5.0,23899514.0,rs6260804,5,24008816,24391317,3.6949731138028137e-10,9.561100815630311e-06,109302.0,cis
Rnps1,6.0,7932358.0,rs13482934,17,27985170,29917068,3.7080107885645455e-10,9.586907444458637e-06,,trans
Cyb5d2,11.0,72590751.0,UT_11_70.128831,11,70371167,72266233,3.722714989561038e-10,9.616976629093066e-06,324518.0,cis
Scg5,2.0,113616524.0,rs13476723,2,117118532,118639998,3.7276382297974297e-10,9.62174965778394e-06,3502008.0,trans
Pfdn2,1.0,173275830.0,rs8242766,1,172981863,174164127,3.736337569371883e-10,9.636253618446676e-06,0.0,cis
Cyb5r3,15.0,82983925.0,rs3710055,15,87788314,87788314,3.742190917919145e-10,9.643399737805993e-06,4804389.0,trans
Ttll3,6.0,113339254.0,gnf06.112.868,6,113995964,114760449,3.7721993473773824e-10,9.712729045639836e-06,656710.0,cis
Xrcc3,12.0,113041403.0,rs13481636,12,108786162,110330976,3.7997587665346936e-10,9.77564375338607e-06,2710427.0,trans
Myo7a,7.0,105199570.0,rs3658777,7,96762673,96762673,3.8235739621532523e-10,9.828830214988053e-06,8436897.0,trans
Mrpl55,11.0,59015994.0,rs6371333,11,57945936,57945936,3.8315772750008474e-10,9.84131689028581e-06,1070058.0,cis
Dnah8,17.0,30761299.0,rs13482930,17,26950947,27588409,3.891728064427202e-10,9.987612779904146e-06,3172890.0,trans
Dnah7a,1.0,53453853.0,rs13459182,1,43799239,43799239,3.9159763412186747e-10,1.0041605245376779e-05,9654614.0,trans
Cetn4,1.0,21262484.0,rs3151902,3,36502923,36502923,3.930065653801239e-10,1.0069480319126784e-05,,trans
Hspb6,7.0,31338040.0,rs4226520,7,30566471,31205553,3.938381860472615e-10,1.008253022001562e-05,132487.0,cis
Ntn4,10.0,93103946.0,rs6221944,10,89118121,90880555,4.0034893561063717e-10,1.0240829532047596e-05,2223391.0,trans
Ctse,1.0,133534891.0,gnf01.128.089,1,130357592,130357592,4.0309644354304974e-10,1.030268601489965e-05,3177299.0,trans
Stx6,1.0,157005872.0,rs6181202,1,156456243,159872935,4.1882558813222276e-10,1.0695966502126948e-05,0.0,cis
Tspyl3,2.0,153048109.0,rs3675388,2,152495773,153967020,4.218446312986529e-10,1.0764279649592248e-05,0.0,cis
Abca3,17.0,24488991.0,rs13482864,17,9565936,10166446,4.2420331144717146e-10,1.0815644587339558e-05,14322545.0,trans
Serhl,15.0,82930643.0,rs13482677,15,82944825,83609704,4.2619104753353046e-10,1.0857475843507454e-05,14182.0,cis
Kank4,4.0,98421589.0,rs13477881,4,103313312,104187378,4.2857848440372753e-10,1.0909413361022372e-05,4891723.0,trans
BC026585,1.0,159388711.0,rs13476208,1,163955813,164935095,4.316970570091463e-10,1.0979862267917687e-05,4567102.0,trans
Miip,4.0,147234900.0,rs3675987,4,147659225,148197078,4.3424938148229303e-10,1.1035806357240945e-05,424325.0,cis
Paqr8,1.0,20880689.0,rs3670611,1,20623898,20623898,4.3730039719431783e-10,1.110432284224457e-05,256791.0,cis
Asah1,8.0,42426004.0,rs3654540,8,37656756,40414117,4.3961531916680983e-10,1.114501285828133e-05,2011887.0,trans
Asah1,8.0,42426004.0,rs4227117,8,40709630,42338973,4.3961531916680983e-10,1.114501285828133e-05,87031.0,cis
1700030K09Rik,8.0,74967825.0,rs13479814,8,70845435,74265398,4.403550916782986e-10,1.1154544879075634e-05,702427.0,cis
Gm10560,4.0,155395712.0,rs3720634,4,155281703,155384694,4.4070442392705483e-10,1.1154544879075634e-05,11018.0,cis
Pank2,2.0,131087973.0,rs3708635,2,125704535,127840968,4.417346338729213e-10,1.11715817347402e-05,3247005.0,trans
Alad,4.0,62170202.0,rs6254381,4,63346623,65047572,4.46382389844487e-10,1.1275817059972536e-05,1176421.0,cis
Zfp949,9.0,88461997.0,rs3693091,9,90299276,94380583,4.465770615893472e-10,1.1275817059972536e-05,1837279.0,cis
Josd2,7.0,51723426.0,rs3719256,7,51794017,52261292,4.48764894357812e-10,1.1321920643770108e-05,70591.0,cis
Mtus1,8.0,42076266.0,rs4227117,8,40709630,42338973,4.5169100825292757e-10,1.137427310213721e-05,0.0,cis
Mtus1,8.0,42076266.0,rs3654540,8,37656756,40414117,4.5169100825292757e-10,1.137427310213721e-05,1662149.0,cis
Scnm1,3.0,94933641.0,rs3698196,3,85931836,87487048,4.5227346789374445e-10,1.137427310213721e-05,7446593.0,trans
Mst1r,9.0,107809220.0,rs3685576,9,108961892,109158530,4.5229430167244636e-10,1.137427310213721e-05,1152672.0,cis
Usp53,3.0,122636519.0,rs3691246,3,122177061,123077046,4.5292158020406714e-10,1.1380899236543555e-05,0.0,cis
Rarres1,3.0,67282894.0,rs3674810,3,67946724,69548776,4.54200266635503e-10,1.1403870011747465e-05,663830.0,cis
Gm13304,4.0,42786392.0,rs3694836,4,45985764,46553371,4.5736663829461726e-10,1.1474161147773992e-05,3199372.0,trans
Mfap3,11.0,57332167.0,rs6371333,11,57945936,57945936,4.598994600878837e-10,1.152845822497157e-05,613769.0,cis
Rnase6,14.0,51748765.0,rs3707560,14,55368949,56009748,4.624105933286365e-10,1.1576121034379358e-05,3620184.0,trans
Kif17,4.0,137818166.0,rs13478023,4,140528838,140755878,4.6254091599833977e-10,1.1576121034379358e-05,2710672.0,trans
Got1l1,8.0,28307931.0,CEL-8_25677705,8,28002388,28727629,4.645489089056578e-10,1.161708188285724e-05,0.0,cis
Lrrc2,9.0,110854049.0,CEL-9_110802813,9,110701162,111095499,4.654494688407504e-10,1.1630305586173804e-05,0.0,cis
Gm25089,7.0,66858017.0,D7Mit199,7,73078958,73078958,4.67329820152771e-10,1.1659658013760746e-05,6220941.0,trans
Nudt7,8.0,116657515.0,rs13479987,8,113843239,115453102,4.673695707152449e-10,1.1659658013760746e-05,1204413.0,cis
Xrcc2,5.0,25195630.0,CEL-5_24068097,5,25161103,25303743,4.700622515784851e-10,1.1717489323701116e-05,0.0,cis
Sgcg,14.0,61839896.0,rs13482207,14,60386942,61810350,4.714661773997458e-10,1.1743128647466407e-05,29546.0,cis
Mrpl20,4.0,155177727.0,rs6316711,4,155235047,155235047,4.724525172357385e-10,1.1758334353236783e-05,57320.0,cis
Nop10,2.0,112102126.0,rs6208879,2,109622852,111930241,4.779009740449803e-10,1.1884480171278195e-05,171885.0,cis
1810037I17Rik,3.0,122627318.0,rs6259281,3,120606858,121998618,4.796081517116629e-10,1.1917461064434187e-05,628700.0,cis
Jmjd7,2.0,119853242.0,rs13476723,2,117118532,118639998,4.822008851803063e-10,1.197142828417002e-05,1213244.0,cis
Galnt10,11.0,57458944.0,rs13481045,11,58057820,58381052,4.82545354470403e-10,1.197142828417002e-05,598876.0,cis
Myo7a,7.0,105199570.0,rs3662937,7,111381490,112061872,4.829952486540705e-10,1.1973094751723754e-05,6181920.0,trans
3110052M02Rik,17.0,21794171.0,CEL-17_20354682,17,21827381,23003494,4.858504437597131e-10,1.2034337000553664e-05,33210.0,cis
Gabrb2,11.0,42233259.0,rs6267501,11,36616453,38777269,4.907259140328966e-10,1.214548423101043e-05,3455990.0,trans
Fgf1,18.0,38998834.0,rs13483310,18,38814808,39822463,5.019560731479963e-10,1.240903407043357e-05,0.0,cis
Ppp1r12b,1.0,136646075.0,rs13476163,1,148717645,153539523,5.021676906231662e-10,1.240903407043357e-05,12071570.0,trans
Gm6195,1.0,9792275.0,rs13478632,6,11712185,12417050,5.050876223781408e-10,1.2471337342153421e-05,,trans
Gm4425,12.0,22470042.0,rs6180964,12,16835276,26476092,5.08138467258028e-10,1.253677222718426e-05,0.0,cis
Spsb3,17.0,25023656.0,CEL-17_21879142,17,23322637,26350810,5.125238154486248e-10,1.263500285152899e-05,0.0,cis
Exosc9,3.0,36451549.0,rs3151902,3,36502923,36502923,5.137807395391368e-10,1.2656015976107382e-05,51374.0,cis
Nop10,2.0,112102126.0,rs3681694,2,112125008,113257559,5.150700861680075e-10,1.2677794074668695e-05,22882.0,cis
Unc45a,7.0,87470178.0,rs13479363,7,88283068,88740054,5.175123982810061e-10,1.2727894397321789e-05,812890.0,cis
1700001O22Rik,2.0,30651083.0,rs13476419,2,33305486,34748651,5.186780826068621e-10,1.2746542808691968e-05,2654403.0,trans
Tldc2,2.0,156888628.0,rs3675388,2,152495773,153967020,5.20210725670483e-10,1.275815429397688e-05,2921608.0,trans
Ttll3,6.0,113339254.0,rs6245069,6,98258573,98418438,5.203740232038561e-10,1.275815429397688e-05,14920816.0,trans
Ttll3,6.0,113339254.0,rs13478924,6,99053858,99053858,5.203740232038561e-10,1.275815429397688e-05,14285396.0,trans
Nhp2,11.0,51433275.0,rs3023260,11,57088038,57644775,5.213057709775844e-10,1.2770989600100404e-05,5654763.0,trans
Bex4,1.0,152116052.0,rs13484018,20,133329157,134541557,5.282012162919488e-10,1.2929789630464223e-05,,trans
Cd59a,2.0,103936010.0,rs13481845,13,63061924,64072990,5.299074850084486e-10,1.2951289169334855e-05,,trans
Cd59a,2.0,103936010.0,rs6220659,13,64303979,65397885,5.299074850084486e-10,1.2951289169334855e-05,,trans
Fcrls,3.0,87054680.0,UT_3_93.299511,3,90413739,95488017,5.348423653404489e-10,1.3061696455940212e-05,3359059.0,trans
Rasal1,5.0,121098831.0,rs13478487,5,119758227,120698230,5.385203338069991e-10,1.3141259668294476e-05,400601.0,cis
Gm24044,9.0,120037898.0,rs13480454,9,120606956,120753781,5.405376348194059e-10,1.318020594888659e-05,569058.0,cis
1700012P22Rik,4.0,144008094.0,rs3675987,4,147659225,148197078,5.423835056551779e-10,1.3214914751213275e-05,3651131.0,trans
Bai1,15.0,74346626.0,rs3667755,15,78741347,81745213,5.45693164013186e-10,1.3285206260602377e-05,4394721.0,trans
Gm10654,8.0,73455693.0,rs6293022,8,74935354,74935354,5.478235994089075e-10,1.3326701931410448e-05,1479661.0,cis
Dthd1,5.0,63209761.0,rs13478273,5,59037550,60389645,5.489911997561839e-10,1.3344728785367246e-05,2820116.0,trans
Ocel1,8.0,73895252.0,rs6394046,8,64982540,69577204,5.550021734840834e-10,1.3480367643925502e-05,4318048.0,trans
Gdf1,8.0,72839673.0,rs6293022,8,74935354,74935354,5.604052113144177e-10,1.3601041434755597e-05,2095681.0,trans
Pnpla3,15.0,83998258.0,rs3710055,15,87788314,87788314,5.633195022900019e-10,1.3661173040571725e-05,3790056.0,trans
Cox18,5.0,90643753.0,rs4225368,5,90925271,91904488,5.650936606342674e-10,1.3693583325786841e-05,281518.0,cis
Ang,14.0,51710792.0,rs4230383,14,54987778,55236881,5.673942323030031e-10,1.3738689832431764e-05,3276986.0,trans
Ttll3,6.0,113339254.0,UT_6_102.533298,6,100818194,101442250,5.722208662068593e-10,1.3844844470669167e-05,11897004.0,trans
Ntn4,10.0,93103946.0,rs13480720,10,96758375,97112187,5.741120618814115e-10,1.3879867197104269e-05,3654429.0,trans
Cyb5r3,15.0,82983925.0,D15Mit189,15,82471605,82471605,5.78552510975713e-10,1.3976419588246881e-05,512320.0,cis
Dennd1b,1.0,140860363.0,rs6202860,1,147391348,148385403,5.798542983185746e-10,1.3997059060104948e-05,6530985.0,trans
Eqtn,4.0,94573984.0,rs3022987,4,88238304,89126034,5.848633916735132e-10,1.410708808699322e-05,5447950.0,trans
Tnnt2,1.0,137732931.0,rs13476083,1,123358516,128188953,5.863456446145001e-10,1.4121065525804215e-05,9543978.0,trans
Tnnt2,1.0,137732931.0,rs13476098,1,128464783,128523838,5.863456446145001e-10,1.4121065525804215e-05,9209093.0,trans
6330403K07Rik,11.0,70845443.0,rs3715924,11,67192419,67351936,5.88877759774341e-10,1.416024513847612e-05,3493507.0,trans
6330403K07Rik,11.0,70845443.0,UT_11_68.607315,11,68849650,69141399,5.88877759774341e-10,1.416024513847612e-05,1704044.0,cis
Ezh2,6.0,47480273.0,rs13478727,6,43776811,43906026,5.912364943239351e-10,1.4206044305152628e-05,3574247.0,trans
Dnah7c,1.0,46487608.0,rs13475840,1,44144844,45504166,5.933603793927809e-10,1.4246134615119885e-05,983442.0,cis
S100a10,3.0,93359039.0,UT_3_93.299511,3,90413739,95488017,5.945057553148199e-10,1.4262688187525744e-05,0.0,cis
Reep5,18.0,34504528.0,rs13483299,18,36279726,37850372,5.993214919318808e-10,1.4367203925199684e-05,1775198.0,cis
Trim3,7.0,112758984.0,rs13459173,7,112784815,114369537,6.006215121314138e-10,1.438734380865904e-05,25831.0,cis
Zfp457,13.0,67393386.0,D13Mit224,13,64187020,64187020,6.023956693191242e-10,1.4418801705570216e-05,3206366.0,trans
Gm24272,16.0,73974686.0,rs8265855,5,138337848,139187687,6.030138731617361e-10,1.4422564026475473e-05,,trans
Rnase6,14.0,51748765.0,rs6175724,14,46697706,47011325,6.036734849284218e-10,1.4427310215035184e-05,4737440.0,trans
Gm3579,8.0,93410675.0,CEL-4_130248229,4,131555157,131555157,6.045089951197686e-10,1.443624977919131e-05,,trans
Tssc1,12.0,29436731.0,rs6238712,12,28507708,29676794,6.073395935233936e-10,1.4492783967511173e-05,0.0,cis
Uba2,7.0,34925707.0,rs8251849,7,31505578,31794283,6.091087758205481e-10,1.4523922989156794e-05,3131424.0,trans
Tnni1,1.0,137696016.0,rs13459051,1,132747530,134993250,6.131457005890537e-10,1.4609046688446446e-05,2702766.0,trans
Fgf7,2.0,125860520.0,rs3708635,2,125704535,127840968,6.170451929138451e-10,1.4690768796952513e-05,0.0,cis
Mcmdc2,1.0,9898719.0,rs6376963,1,5008090,5008090,6.176723551219009e-10,1.4694517392062269e-05,4890629.0,trans
Gabbr1,17.0,37182911.0,rs6242153,17,32068298,32078991,6.211589923430637e-10,1.4766235934478765e-05,5103920.0,trans
Cyp2r1,7.0,121693678.0,rs13479470,7,121842519,121842519,6.253530705093842e-10,1.4854650132161594e-05,148841.0,cis
2810002D19Rik,2.0,94246308.0,rs4223268,2,93260018,93260018,6.276894531020865e-10,1.4898835906343335e-05,986290.0,cis
Zfp408,2.0,91483845.0,rs3722345,2,80455844,82834232,6.384439744742069e-10,1.5142616122724727e-05,8649613.0,trans
Alad,4.0,62170202.0,rs13477715,4,55060597,56036004,6.414373886667987e-10,1.5202088464524251e-05,6134198.0,trans
Chia1,3.0,105916300.0,rs13477308,3,104918494,106767998,6.446208754203878e-10,1.526377066601281e-05,0.0,cis
Nhp2,11.0,51433275.0,rs6199956,11,50558769,51384701,6.452409696084374e-10,1.526377066601281e-05,48574.0,cis
Ocel1,8.0,73895252.0,rs4227253,8,77650955,77650955,6.455037366693218e-10,1.526377066601281e-05,3755703.0,trans
Abca3,17.0,24488991.0,rs13482873,17,11606730,21646617,6.463728880245674e-10,1.52727788233485e-05,2842374.0,trans
Gm5148,3.0,37613112.0,rs6274061,3,38788807,38788982,6.472879446322289e-10,1.5282857234052908e-05,1175695.0,cis
Spint1,2.0,119063141.0,rs3686617,2,122383806,125564678,6.483992281267371e-10,1.528899148908328e-05,3320665.0,trans
Larp1,11.0,57873979.0,rs3023260,11,57088038,57644775,6.485251845625566e-10,1.528899148908328e-05,229204.0,cis
Mtus1,8.0,42076266.0,rs13479702,8,37203160,37571455,6.569055672209325e-10,1.5474897577255832e-05,4504811.0,trans
Pofut1,2.0,153067268.0,rs6265656,2,156689630,158441351,6.600803036267506e-10,1.5537985389280085e-05,3622362.0,trans
Unc13a,8.0,74150642.0,rs13479814,8,70845435,74265398,6.667950283937603e-10,1.5684245369053913e-05,0.0,cis
Chpt1,10.0,87936058.0,CEL-10_86185623,10,85914426,86348598,6.748831736897444e-10,1.5856023777972692e-05,1587460.0,cis
Mul1,4.0,137990587.0,rs13478001,4,135998441,137764129,6.754717470728874e-10,1.5856023777972692e-05,226458.0,cis
D17H6S56E-5,17.0,35133669.0,rs13480279,9,74382953,74382953,6.756184828534518e-10,1.5856023777972692e-05,,trans
Rgl2,17.0,34066839.0,rs3672987,17,33247165,35667114,6.76148136900088e-10,1.5856558783805585e-05,0.0,cis
Gaa,11.0,119129340.0,CEL-11_120628029,11,120818214,120818214,6.79778914369554e-10,1.5929763915331226e-05,1688874.0,cis
Gm15446,5.0,110369445.0,rs13459088,5,111078136,111778516,6.866553971630003e-10,1.6078861550146388e-05,708691.0,cis
Snrpe,1.0,135500448.0,rs13476098,1,128464783,128523838,6.883225212761035e-10,1.609380674023737e-05,6976610.0,trans
Snrpe,1.0,135500448.0,rs13476083,1,123358516,128188953,6.883225212761035e-10,1.609380674023737e-05,7311495.0,trans
March11,15.0,26317506.0,rs13482490,15,26705625,26705625,6.898689185696145e-10,1.6117917089247257e-05,388119.0,cis
Gm10654,8.0,73455693.0,rs13479846,8,79783027,79924634,6.922080545172022e-10,1.616049896946766e-05,6327334.0,trans
Sfi1,11.0,3031884.0,rs3675987,4,147659225,148197078,6.93816096522147e-10,1.6185961729410355e-05,,trans
Rps15a,7.0,125247888.0,rs6241342,7,126326146,126553480,6.976823937341405e-10,1.626402988000668e-05,1078258.0,cis
Cep112,11.0,108295448.0,rs13481215,11,106994496,107272827,7.023080822879328e-10,1.6357735899197234e-05,1022621.0,cis
Acaa1a,9.0,119250412.0,rs13480455,9,120927360,121678392,7.027478814128161e-10,1.6357735899197234e-05,1676948.0,cis
Mrpl55,11.0,59015994.0,rs13481045,11,58057820,58381052,7.044076025861036e-10,1.638417832122928e-05,634942.0,cis
S100a11,3.0,93324417.0,rs13477251,3,88658602,90219227,7.053143713542317e-10,1.6393081157434523e-05,3105190.0,trans
Rgsl1,1.0,155626517.0,CEL-1_152888326,1,154761280,155750989,7.07580893458163e-10,1.643355101682722e-05,0.0,cis
Scpep1,11.0,88785334.0,rs3659504,11,88522934,89402038,7.101586389873077e-10,1.6481183627133773e-05,0.0,cis
Lypd1,1.0,127768620.0,rs13459051,1,132747530,134993250,7.146300017901769e-10,1.657265963601481e-05,4978910.0,trans
Thoc7,14.0,14781528.0,gnf14.013.298,14,20733677,23539821,7.170671868991758e-10,1.6616861377810678e-05,5952149.0,trans
Gm10479,12.0,20421799.0,rs3657682,12,15739388,16592330,7.291832237178473e-10,1.6885123251826366e-05,3829469.0,trans
Plscr4,9.0,92352216.0,rs3669564,9,87780386,88102529,7.302701474099433e-10,1.6897784677514386e-05,4249687.0,trans
Rwdd3,3.0,120858783.0,rs6259281,3,120606858,121998618,7.315428556080756e-10,1.6907612187625875e-05,0.0,cis
Fv1,4.0,147243088.0,rs3675987,4,147659225,148197078,7.317757716519608e-10,1.6907612187625875e-05,416137.0,cis
A430033K04Rik,5.0,139064104.0,rs13478563,5,141863413,142082180,7.334068109854167e-10,1.6932791447661314e-05,2799309.0,trans
Fgf2,3.0,37247772.0,rs3151902,3,36502923,36502923,7.357187600299498e-10,1.6973642722595802e-05,744849.0,cis
Copa,1.0,174012934.0,rs8242766,1,172981863,174164127,7.374971126223856e-10,1.7002132347933598e-05,0.0,cis
Gm25089,7.0,66858017.0,rs3693478,7,67179979,70463288,7.448545778413942e-10,1.7159105210972577e-05,321962.0,cis
Nfu1,6.0,86959883.0,gnf06.086.089,6,87099761,87384144,7.490836981509241e-10,1.7236286751530556e-05,139878.0,cis
Ivd,2.0,118687718.0,rs13476709,2,114022898,115248630,7.4930685059348e-10,1.7236286751530556e-05,3439088.0,trans
Dhdds,4.0,133524972.0,D4Mit339,4,133923341,133923341,7.555741078023936e-10,1.736768195804485e-05,398369.0,cis
Kif1c,11.0,70543641.0,rs3677986,11,67961048,68740438,7.599013395514093e-10,1.7454323393530036e-05,1803203.0,cis
Fpr2,17.0,18024788.0,rs13482864,17,9565936,10166446,7.63706717721294e-10,1.7528859932283183e-05,7858342.0,trans
5830417I10Rik,3.0,88615559.0,UT_3_90.000791,3,87719794,88310086,7.764565751272994e-10,1.7808433440824698e-05,305473.0,cis
Nudt19,7.0,36332204.0,rs13479194,7,37555006,37568559,7.807145389712853e-10,1.7892974029338082e-05,1222802.0,cis
Tnnt2,1.0,137732931.0,rs13476138,1,141417668,141417668,7.862799557496974e-10,1.8005007951122418e-05,3684737.0,trans
Haus7,20.0,70682652.0,rs3157124,20,68694215,68694215,7.867539214455939e-10,1.8005007951122418e-05,1988437.0,cis
Glul,1.0,155747075.0,rs13476163,1,148717645,153539523,7.876828468095716e-10,1.80130894831883e-05,2207552.0,trans
Uba2,7.0,34925707.0,rs4226520,7,30566471,31205553,7.932879264697171e-10,1.812801751857067e-05,3720154.0,trans
Snap23,2.0,120393407.0,rs13476723,2,117118532,118639998,7.954210704679623e-10,1.8163495881670784e-05,1753409.0,cis
Zfp9,6.0,118411992.0,rs13478993,6,117050639,119361486,8.005139903979701e-10,1.8266459882752482e-05,0.0,cis
Dnah7a,1.0,53453853.0,rs13475840,1,44144844,45504166,8.012844337793367e-10,1.8270713619122975e-05,7949687.0,trans
3110052M02Rik,17.0,21794171.0,rs13482864,17,9565936,10166446,8.058356799694863e-10,1.8361107414862845e-05,11627725.0,trans
LOC102642717,11.0,58660660.0,rs13481045,11,58057820,58381052,8.13279185969672e-10,1.8517222317844085e-05,279608.0,cis
Uba5,9.0,103949479.0,rs13480387,9,103827403,105541853,8.14491196141334e-10,1.8531330943040376e-05,0.0,cis
Zfp185,20.0,70242373.0,gnfX.076.619,20,89920839,90523799,8.22308183788704e-10,1.8695586517312697e-05,19678466.0,trans
Serpina1e,12.0,105185141.0,rs8273308,12,105632191,105632191,8.253893987808029e-10,1.8752011560908483e-05,447050.0,cis
Zfp185,20.0,70242373.0,rs13483868,20,81842526,87440159,8.396605665558395e-10,1.9062394621566725e-05,11600153.0,trans
Npl,1.0,155350145.0,rs13476187,1,156052564,156052564,8.44003872872267e-10,1.914461150167973e-05,702419.0,cis
Prss41,17.0,23973752.0,rs13482873,17,11606730,21646617,8.445059782969897e-10,1.914461150167973e-05,2327135.0,trans
Gm7276,18.0,77423008.0,rs3705890,18,77108822,77876026,8.463614900843653e-10,1.91727818887964e-05,0.0,cis
Rsg1,4.0,140770276.0,D4Mit343,4,142301240,142301240,8.50936696491847e-10,1.9262476668696803e-05,1530964.0,cis
Coq9,8.0,97362317.0,gnf08.091.954,8,93172237,93194487,8.519083777569703e-10,1.92705284725484e-05,4167830.0,trans
Gnptab,10.0,87841877.0,rs13480679,10,84376304,85585850,8.621210718633242e-10,1.948745322958204e-05,2256027.0,trans
Ccnb1ip1,14.0,51409488.0,rs6278789,14,50409368,52650880,8.895278220342658e-10,2.0085765627373364e-05,0.0,cis
Gm9936,5.0,115307081.0,rs6331425,5,112371951,113588568,8.898743838805084e-10,2.0085765627373364e-05,1718513.0,cis
Ctse,1.0,133534891.0,gnf01.126.387,1,128625711,129064813,8.921764754360517e-10,2.0108710300907286e-05,4470078.0,trans
Ctse,1.0,133534891.0,gnf01.127.292,1,129548234,130226591,8.921764754360517e-10,2.0108710300907286e-05,3308300.0,trans
Pcdhb8,18.0,37514925.0,rs13483299,18,36279726,37850372,9.027017504160246e-10,2.0331290917419317e-05,0.0,cis
Fcrls,3.0,87054680.0,UT_3_90.000791,3,87719794,88310086,9.048225027935055e-10,2.036439481958788e-05,665114.0,cis
Dennd1b,1.0,140860363.0,rs13476118,1,135891044,138214494,9.103430402108611e-10,2.0466240185607694e-05,2645869.0,trans
Tnnt2,1.0,137732931.0,rs6202860,1,147391348,148385403,9.106560685394053e-10,2.0466240185607694e-05,9658417.0,trans
Dap3,3.0,88724725.0,rs13477251,3,88658602,90219227,9.170893512918167e-10,2.0596026885802836e-05,0.0,cis
Tctex1d2,16.0,32419788.0,rs4169271,16,31615882,32194865,9.188648617608509e-10,2.062109799362274e-05,224923.0,cis
Snrpe,1.0,135500448.0,rs6406033,1,138462986,141128164,9.207813537085476e-10,2.064929478520464e-05,2962538.0,trans
Dhdds,4.0,133524972.0,CEL-4_130248229,4,131555157,131555157,9.253414556490823e-10,2.073669388555362e-05,1969815.0,cis
Plvap,8.0,74021664.0,rs13479813,8,70431892,70720690,9.27754818886719e-10,2.0775894367053534e-05,3300974.0,trans
Pold3,7.0,107230621.0,CEL-7_88290939,7,108094541,111033533,9.297008402406096e-10,2.0789709687152168e-05,863920.0,cis
Pold3,7.0,107230621.0,rs3023151,7,103823533,107944155,9.297008402406096e-10,2.0789709687152168e-05,0.0,cis
Glul,1.0,155747075.0,rs13476208,1,163955813,164935095,9.32168158047251e-10,2.0829993954346763e-05,8208738.0,trans
Noxo1,17.0,24833219.0,CEL-17_21879142,17,23322637,26350810,9.33298850386321e-10,2.08403741379249e-05,0.0,cis
Hjurp,1.0,90155662.0,rs3677817,1,5176059,5176059,9.482419000724809e-10,2.115894666262118e-05,84979603.0,trans
4930505A04Rik,11.0,30326004.0,rs13480929,11,28095396,28719020,9.55986289148924e-10,2.1316549568855478e-05,1606984.0,cis
Serpina1b,12.0,104966144.0,rs8273308,12,105632191,105632191,9.57540998414619e-10,2.1336009003766998e-05,666047.0,cis
Lrrc61,6.0,48504951.0,rs3669453,6,48929304,49078509,9.630471520383197e-10,2.1443424487214084e-05,424353.0,cis
Mr1,1.0,156975008.0,rs13476187,1,156052564,156052564,9.6475953041594e-10,2.146627420232622e-05,922444.0,cis
Sft2d2,1.0,167104628.0,rs4222763,1,165315111,168178248,9.7710910532451e-10,2.1725604973696386e-05,0.0,cis
Serhl,15.0,82930643.0,rs13482681,15,83867917,84968203,9.787535936021272e-10,2.1746713384172053e-05,937274.0,cis
H2-Ea-ps,17.0,34478897.0,rs13482934,17,27985170,29917068,9.909755809599621e-10,2.2002644187103038e-05,4561829.0,trans
Lcmt2,2.0,120964276.0,rs3686617,2,122383806,125564678,9.936664863342941e-10,2.2046743310028673e-05,1419530.0,cis
Serpina3h,12.0,105474436.0,rs8273308,12,105632191,105632191,9.969165884706512e-10,2.2103178179928363e-05,157755.0,cis
Rps18,17.0,34088944.0,rs13482930,17,26950947,27588409,1.0033163911373182e-09,2.2227757942117874e-05,6500535.0,trans
4930474N05Rik,14.0,36908103.0,UT_17_3.221024,17,6039015,7955311,1.003956520592399e-09,2.2227757942117874e-05,,trans
Pnpla3,15.0,83998258.0,rs13482686,15,85458426,85601259,1.0108475392622503e-09,2.2364498527062972e-05,1460168.0,cis
Npl,1.0,155350145.0,rs3653666,1,160477203,161687298,1.0119964316246134e-09,2.237152611250623e-05,5127058.0,trans
Slitrk6,14.0,111147807.0,rs4139535,14,109988359,111167695,1.0125953968776552e-09,2.237152611250623e-05,0.0,cis
Fgf2,3.0,37247772.0,rs6274061,3,38788807,38788982,1.0181706077356876e-09,2.2478825778582362e-05,1541035.0,cis
Fgf2,3.0,37247772.0,rs13477062,3,36739264,36836603,1.0236160945367047e-09,2.2583112121175327e-05,411169.0,cis
Pgap2,7.0,109371588.0,rs3658777,7,96762673,96762673,1.0374644506318535e-09,2.28725057060829e-05,12608915.0,trans
Olfr1507,14.0,53109610.0,rs4230383,14,54987778,55236881,1.0409177809537392e-09,2.293247869124979e-05,1878168.0,cis
Nudc,8.0,30396900.0,D4Mit339,4,133923341,133923341,1.0504366813391e-09,2.3125903912103973e-05,,trans
Exosc9,3.0,36451549.0,rs13477062,3,36739264,36836603,1.055901187401578e-09,2.3229860279975797e-05,287715.0,cis
Leprotl1,8.0,35198626.0,mCV24506226,8,31744603,33820606,1.0644295954244745e-09,2.340102911245302e-05,1378020.0,cis
Serpina1e,12.0,105185141.0,rs3663596,12,106091063,106091063,1.070090427191628e-09,2.3498570385543052e-05,905922.0,cis
Man2b1,8.0,87607168.0,rs13479879,8,89032866,89627140,1.070368672881981e-09,2.3498570385543052e-05,1425698.0,cis
Ddx59,1.0,138311848.0,rs13476148,1,144862429,144862429,1.0718406771894157e-09,2.3514385027955704e-05,6550581.0,trans
Ugdh,5.0,65804458.0,rs6265085,5,65141992,66605987,1.0740824043354623e-09,2.3547052098823546e-05,0.0,cis
Eqtn,4.0,94573984.0,CEL-4_86326428,4,87697882,88039471,1.078935586105275e-09,2.363688410837142e-05,6534513.0,trans
Gm8840,1.0,69177545.0,rs6284348,5,144381934,144381934,1.0828815311672473e-09,2.3706728924833172e-05,,trans
Apoa2,1.0,173155220.0,rs13476267,1,182213911,184421782,1.0838417377548825e-09,2.3711157189261313e-05,9058691.0,trans
Pgap2,7.0,109371588.0,CEL-7_79063914,7,98979741,99797453,1.0878484675069067e-09,2.376557367214775e-05,9574135.0,trans
Pgap2,7.0,109371588.0,rs13479395,7,97208893,98602160,1.0878484675069067e-09,2.376557367214775e-05,10769428.0,trans
Wscd1,11.0,71564205.0,UT_11_68.607315,11,68849650,69141399,1.0916726808296487e-09,2.3815856599733645e-05,2422806.0,trans
Wscd1,11.0,71564205.0,rs3715924,11,67192419,67351936,1.0916726808296487e-09,2.3815856599733645e-05,4212269.0,trans
Cetn4,1.0,21262484.0,rs13477062,3,36739264,36836603,1.0937768922321334e-09,2.384513352636035e-05,,trans
Commd7,2.0,153442669.0,rs13476805,2,139549796,147753900,1.1135687796987456e-09,2.4236531897082897e-05,5688769.0,trans
Htr5b,1.0,123406335.0,rs6302966,1,122017245,122817184,1.1139069625318638e-09,2.4236531897082897e-05,589151.0,cis
Nudt7,8.0,116657515.0,gnf08.109.993,8,111292516,111611179,1.1140545205695326e-09,2.4236531897082897e-05,5046336.0,trans
Hdhd3,4.0,62160046.0,rs13477725,4,57626582,58332266,1.1153983338986678e-09,2.4248903951361557e-05,3827780.0,trans
Xrcc3,12.0,113041403.0,UT_12_105.036685,12,110698473,110748175,1.1190129277713598e-09,2.4310591602079096e-05,2293228.0,trans
Ogg1,6.0,113276996.0,gnf06.096.938,6,98028111,98028111,1.128964840547631e-09,2.4509776546894345e-05,15248885.0,trans
Scpep1,11.0,88785334.0,rs3720112,11,87668082,88249193,1.1385912016613696e-09,2.470162241884158e-05,536141.0,cis
Coq2,5.0,101083740.0,rs13478428,5,103062844,103441851,1.1484042745141733e-09,2.4897250277545412e-05,1979104.0,cis
Arl3,19.0,46605599.0,CEL-19_48014568,19,48744594,48972883,1.1566642015517537e-09,2.504719381249179e-05,2138995.0,trans
Pnpla3,15.0,83998258.0,rs6405854,15,87307012,87307012,1.1569218079736436e-09,2.504719381249179e-05,3308754.0,trans
Pla2g4e,2.0,119992148.0,rs3708635,2,125704535,127840968,1.1619444031932708e-09,2.5127222695457776e-05,5712387.0,trans
Vars2,17.0,35792579.0,rs6242153,17,32068298,32078991,1.1622247084129527e-09,2.5127222695457776e-05,3713588.0,trans
Ociad1,5.0,73684063.0,gnf05.061.650,5,67739262,67964306,1.1692417888429264e-09,2.524831542103212e-05,5719757.0,trans
Fancl,11.0,26287084.0,D11Mit79,11,19645820,19740965,1.16943981750556e-09,2.524831542103212e-05,6546119.0,trans
Paqr8,1.0,20880689.0,mCV23695025,1,22158485,22852172,1.1721670509529679e-09,2.5289743408066888e-05,1277796.0,cis
Nmnat2,1.0,154802231.0,rs6267646,1,154395967,154628105,1.1798297666221849e-09,2.5428664583819737e-05,174126.0,cis
Pttg1,11.0,43233764.0,rs13481014,11,47930884,47930884,1.1802316418952412e-09,2.5428664583819737e-05,4697120.0,trans
Ncstn,1.0,173996152.0,rs13476241,1,174792335,175262195,1.182800327942861e-09,2.5445587448175348e-05,796183.0,cis
Slc22a6,19.0,8692529.0,rs4232041,19,8782190,8814792,1.1834056008961615e-09,2.5445587448175348e-05,89661.0,cis
Rps19-ps3,4.0,147195886.0,rs3675987,4,147659225,148197078,1.1834572080956259e-09,2.5445587448175348e-05,463339.0,cis
Ttc12,9.0,49245066.0,gnf09.044.659,9,50175753,50652205,1.1851939738085472e-09,2.5465427744196008e-05,930687.0,cis
Cep63,9.0,102488299.0,rs3688878,9,101340011,101943135,1.194265581736193e-09,2.5642731225292948e-05,545164.0,cis
Gm10654,8.0,73455693.0,rs3717251,8,64089398,64687181,1.1964332851530855e-09,2.5660565965278368e-05,8768512.0,trans
Dgkh,14.0,78969871.0,rs3701623,14,73597329,78358585,1.1981039847254376e-09,2.5660565965278368e-05,611286.0,cis
Ncstn,1.0,173996152.0,rs8242766,1,172981863,174164127,1.198212191789845e-09,2.5660565965278368e-05,0.0,cis
Cyb5r3,15.0,82983925.0,rs6405854,15,87307012,87307012,1.1983771816238761e-09,2.5660565965278368e-05,4323087.0,trans
Lyplal1,1.0,187911759.0,rs13476286,1,187711002,187762137,1.1995010707766842e-09,2.5667063389348183e-05,149622.0,cis
4930466F19Rik,4.0,42594761.0,rs6232550,4,40972607,40972607,1.2243275214552543e-09,2.6180395420555135e-05,1622154.0,cis
Tnnt2,1.0,137732931.0,rs8256197,1,130485641,130485675,1.2325927236821326e-09,2.6339130783427e-05,7247256.0,trans
Ttll3,6.0,113339254.0,rs13478971,6,111249787,112015841,1.2420721025623227e-09,2.6519816889023342e-05,1323413.0,cis
Tceanc2,4.0,106806767.0,rs3664637,4,108237103,110787831,1.2427437154167405e-09,2.6519816889023342e-05,1430336.0,cis
Clpb,7.0,108938806.0,rs3662937,7,111381490,112061872,1.2503623364487822e-09,2.6664207805133728e-05,2442684.0,trans
Ccnb1ip1,14.0,51409488.0,mCV23384307,14,49708958,49708958,1.2720389076548807e-09,2.7107986172251387e-05,1700530.0,cis
Acp1,12.0,31578191.0,rs6238712,12,28507708,29676794,1.285932976863932e-09,2.7385423009617554e-05,1901397.0,cis
Pold3,7.0,107230621.0,rs13479416,7,103132457,103132457,1.2938452244327044e-09,2.7535179263968063e-05,4098164.0,trans
Gm9903,5.0,33972574.0,D5Mit388,5,33660748,36814249,1.2949267091098974e-09,2.7539460730402887e-05,0.0,cis
Ddx59,1.0,138311848.0,rs6406033,1,138462986,141128164,1.2990301045904171e-09,2.7607960290347432e-05,151138.0,cis
Scnm1,3.0,94933641.0,UT_3_90.000791,3,87719794,88310086,1.3020758412830367e-09,2.7653903947173944e-05,6623555.0,trans
Zfand1,2.0,134588560.0,rs13476970,3,10018673,10018673,1.3065551966915487e-09,2.773021226244061e-05,,trans
Efnb3,11.0,69367607.0,rs13481087,11,69415411,70265537,1.3243576520811606e-09,2.8084692612253277e-05,47804.0,cis
Tnfrsf8,4.0,144858879.0,rs6316136,4,142959727,144118897,1.3250525937625152e-09,2.8084692612253277e-05,739982.0,cis
Prss41,17.0,23973752.0,rs13482864,17,9565936,10166446,1.3366156366442741e-09,2.8310592458428408e-05,13807306.0,trans
Sult2b1,7.0,52985353.0,rs3719256,7,51794017,52261292,1.3414430636220618e-09,2.8393617394271657e-05,724061.0,cis
Cox18,5.0,90643753.0,rs13478392,5,92179790,93586010,1.3454774791694527e-09,2.844940468684895e-05,1536037.0,cis
Myo7a,7.0,105199570.0,rs13479395,7,97208893,98602160,1.3468068785355735e-09,2.844940468684895e-05,6597410.0,trans
Myo7a,7.0,105199570.0,CEL-7_79063914,7,98979741,99797453,1.3468068785355735e-09,2.844940468684895e-05,5402117.0,trans
Abcb8,5.0,23899514.0,rs3706626,5,24621790,24621790,1.3575692325712572e-09,2.865739427796485e-05,722276.0,cis
Nhp2,11.0,51433275.0,D11Mit349,11,55602850,55602850,1.364805399123488e-09,2.8790718062864168e-05,4169575.0,trans
Nxpe4,9.0,47970106.0,rs3673816,9,47039895,47223570,1.3690763550885133e-09,2.886135287742681e-05,746536.0,cis
Tspyl3,2.0,153048109.0,rs6291774,2,154372104,154520256,1.3707208777580264e-09,2.887656228480975e-05,1323995.0,cis
Ppp1r12b,1.0,136646075.0,gnf01.128.089,1,130357592,130357592,1.3745059560451523e-09,2.8936815313721754e-05,6288483.0,trans
Scn9a,2.0,66320634.0,gnf02.064.546,2,65704272,66339178,1.3780446518069768e-09,2.8991803817877234e-05,0.0,cis
Tmem144,3.0,79617057.0,rs3699123,3,82199891,84792918,1.3896959324506846e-09,2.9217279218279643e-05,2582834.0,trans
Ppp1r3e,14.0,55495156.0,rs4230383,14,54987778,55236881,1.3997724732528252e-09,2.9409366314825487e-05,258275.0,cis
Tescl,7.0,25118101.0,rs3672220,7,19794683,25138165,1.4149269576515134e-09,2.970781210054362e-05,0.0,cis
Sssca1,19.0,5729237.0,rs13483499,19,3413095,3717263,1.4171124027310474e-09,2.9733742182567816e-05,2011974.0,trans
Entpd2,2.0,25251423.0,rs6193345,2,23199300,23199300,1.425754921171276e-09,2.9895028511158557e-05,2052123.0,trans
Gm25089,7.0,66858017.0,gnf07.050.858,7,63779524,65367119,1.4297997884117533e-09,2.9959760449741164e-05,1490898.0,cis
Vamp5,6.0,72318088.0,rs13478800,6,64766249,65067887,1.4387178387451596e-09,3.0109090279680188e-05,7250201.0,trans
Sybu,15.0,44503402.0,rs13482547,15,45108963,50907093,1.4388512907864244e-09,3.0109090279680188e-05,605561.0,cis
Pnpla3,15.0,83998258.0,D15Mit189,15,82471605,82471605,1.4412662164953717e-09,3.013946431489784e-05,1526653.0,cis
Pyroxd2,19.0,42801409.0,CEL-19_44215541,19,44953380,46310146,1.4462544712092778e-09,3.0223574752850184e-05,2151971.0,trans
Xaf1,11.0,72115165.0,rs3677986,11,67961048,68740438,1.4512236001311395e-09,3.0307173473156327e-05,3374727.0,trans
Otud7a,7.0,70589658.0,gnf07.050.858,7,63779524,65367119,1.4595367331761298e-09,3.0460449832803046e-05,5222539.0,trans
Usmg5,19.0,47157954.0,CEL-19_44215541,19,44953380,46310146,1.489698694094635e-09,3.106920164813099e-05,847808.0,cis
Mis12,11.0,70833113.0,rs3677986,11,67961048,68740438,1.490915560472528e-09,3.107386474079837e-05,2092675.0,trans
Fam20b,1.0,158608702.0,rs6209248,1,160302634,160302634,1.4976127235699948e-09,3.119266666734288e-05,1693932.0,cis
Cd59b,2.0,103910023.0,rs13476676,2,103939709,106028947,1.5306882339133493e-09,3.186036002754756e-05,29686.0,cis
Chmp4b,2.0,154482780.0,rs13476805,2,139549796,147753900,1.5443604702175678e-09,3.212356648328991e-05,6728880.0,trans
Zkscan16,4.0,58958999.0,rs13477735,4,61518987,61518987,1.5454849679756313e-09,3.212559656508849e-05,2559988.0,trans
Tnnt2,1.0,137732931.0,rs13476148,1,144862429,144862429,1.5476124822194377e-09,3.2148459551080395e-05,7129498.0,trans
LOC102640399,7.0,66948590.0,rs13479306,7,73604599,75261560,1.555684845052227e-09,3.2284784050301095e-05,6656009.0,trans
Cox5b,13.0,21592793.0,rs4222295,1,39053052,39053131,1.5562390602498813e-09,3.2284784050301095e-05,,trans
Ctse,1.0,133534891.0,rs8256197,1,130485641,130485675,1.5615241384722791e-09,3.237295757327843e-05,3049216.0,trans
Unc13a,8.0,74150642.0,rs6293022,8,74935354,74935354,1.5690383909981033e-09,3.2507198145530236e-05,784712.0,cis
Psmd6,14.0,14944698.0,gnf14.013.298,14,20733677,23539821,1.5726313942349172e-09,3.2560074704360875e-05,5788979.0,trans
Ndufc2,7.0,104548587.0,D7Mit323,7,108024450,108024450,1.5779248560804396e-09,3.2648064670743285e-05,3475863.0,trans
Pot1b,17.0,55791323.0,rs3714819,17,55490262,55828739,1.5884135653144113e-09,3.2843359579854625e-05,0.0,cis
Cntnap3,13.0,64839855.0,rs6220659,13,64303979,65397885,1.5945920118115647e-09,3.292758405857791e-05,0.0,cis
Cntnap3,13.0,64839855.0,rs13481845,13,63061924,64072990,1.5945920118115647e-09,3.292758405857791e-05,766865.0,cis
Lrrc51,7.0,109061507.0,rs13459173,7,112784815,114369537,1.6088437399954337e-09,3.3199961457011335e-05,3723308.0,trans
Klf9,19.0,23215716.0,rs4232105,19,23240261,23889912,1.6360568912320587e-09,3.3739274254397306e-05,24545.0,cis
Ttll3,6.0,113339254.0,rs13478923,6,98959904,98959904,1.640624259287642e-09,3.381117575511892e-05,14379350.0,trans
Eno4,19.0,59017916.0,rs3711945,19,58785854,59396319,1.659504363838832e-09,3.4177755665263174e-05,0.0,cis
Pih1d1,7.0,52409724.0,gnf07.032.889,7,48180543,51065291,1.6754679139604388e-09,3.4483825849909476e-05,1344433.0,cis
Odf4,11.0,68735337.0,UT_11_68.607315,11,68849650,69141399,1.7009973753351358e-09,3.495472890556765e-05,114313.0,cis
Odf4,11.0,68735337.0,rs3715924,11,67192419,67351936,1.7009973753351358e-09,3.495472890556765e-05,1383401.0,cis
Cpt1c,7.0,52213854.0,gnf07.032.889,7,48180543,51065291,1.7016997137512051e-09,3.495472890556765e-05,1148563.0,cis
Gm12282,11.0,62563572.0,mCV23798232,5,117112003,118108877,1.706460379881554e-09,3.502951773057219e-05,,trans
Mfap3,11.0,57332167.0,rs3023260,11,57088038,57644775,1.7226314596922524e-09,3.533828316462923e-05,0.0,cis
Gm13033,4.0,132440462.0,rs13478001,4,135998441,137764129,1.7292232402941207e-09,3.545026172583901e-05,3557979.0,trans
Copb1,7.0,121359073.0,rs3657482,7,121209198,121509575,1.7509117304746118e-09,3.587138383635059e-05,0.0,cis
Tmem144,3.0,79617057.0,rs6243021,3,84948288,85493836,1.7539558045234993e-09,3.591023172164932e-05,5331231.0,trans
Tmem144,3.0,79617057.0,CEL-3_75140206,3,74542042,75418536,1.756485154010131e-09,3.5938497289973855e-05,4198521.0,trans
Serpina1e,12.0,105185141.0,rs3724260,12,105957285,105957285,1.7804319629191041e-09,3.639001210750917e-05,772144.0,cis
G730007D18Rik,12.0,20900799.0,rs4229294,12,26992470,26992470,1.780879255087291e-09,3.639001210750917e-05,6091671.0,trans
Snrnp25,11.0,32105415.0,rs13480929,11,28095396,28719020,1.7823005318303979e-09,3.639528186919493e-05,3386395.0,trans
Lypd1,1.0,127768620.0,D1Mit91,1,128355210,128413910,1.7835186239914671e-09,3.63963983527761e-05,586590.0,cis
Dnah8,17.0,30761299.0,CEL-17_21879142,17,23322637,26350810,1.7960236902253414e-09,3.6627697354693177e-05,4410489.0,trans
Larp1,11.0,57873979.0,rs13481041,11,56515096,56515096,1.7994891800001487e-09,3.6650587424236284e-05,1358883.0,cis
Larp1,11.0,57873979.0,rs4228731,11,55208056,55208056,1.7994891800001487e-09,3.6650587424236284e-05,2665923.0,trans
Adal,2.0,120966172.0,rs13476740,2,121412769,122144319,1.8030248811858429e-09,3.669276538726495e-05,446597.0,cis
Olfr1191-ps1,2.0,88482905.0,rs13476709,2,114022898,115248630,1.8040591881333414e-09,3.669276538726495e-05,25539993.0,trans
Ulk4,9.0,120869386.0,rs13480459,9,122175148,122561240,1.8050787270610954e-09,3.669276538726495e-05,1305762.0,cis
Ankfy1,11.0,72503504.0,rs6217738,11,72486318,72978471,1.8094625600459665e-09,3.6757993482958295e-05,0.0,cis
Slc35a5,16.0,45139686.0,rs4179504,16,44259587,44662109,1.8202440167424333e-09,3.6953015931859215e-05,477577.0,cis
Rplp0,13.0,67911183.0,rs6331425,5,112371951,113588568,1.8257584164121507e-09,3.704092755118345e-05,,trans
Btbd9,17.0,30357025.0,rs13482947,17,31769796,31769796,1.8298920743412108e-09,3.710073093242117e-05,1412771.0,cis
Fbxo44,4.0,147526910.0,rs4224919,4,144563168,147520407,1.8399682777286332e-09,3.727092645513872e-05,6503.0,cis
Iffo2,4.0,139087604.0,rs6386918,4,139323756,140081803,1.8406692463369134e-09,3.727092645513872e-05,236152.0,cis
Gm13033,4.0,132440462.0,D4Mit339,4,133923341,133923341,1.8472531636491123e-09,3.73800471832111e-05,1482879.0,cis
Tmod1,4.0,46073838.0,rs13477678,4,45502303,45717875,1.8499282244879362e-09,3.7409980395332206e-05,355963.0,cis
Iglon5,7.0,50728277.0,gnf07.032.889,7,48180543,51065291,1.855481311445773e-09,3.7498037919515434e-05,0.0,cis
Nudt7,8.0,116657515.0,rs3662808,8,111936222,112837236,1.8679372420136535e-09,3.772539354697758e-05,3820279.0,trans
Nhp2,11.0,51433275.0,rs4228731,11,55208056,55208056,1.8784261801306338e-09,3.788831142927855e-05,3774781.0,trans
Nhp2,11.0,51433275.0,rs13481041,11,56515096,56515096,1.8784261801306338e-09,3.788831142927855e-05,5081821.0,trans
Snrpe,1.0,135500448.0,D1Mit91,1,128355210,128413910,1.8853415178657923e-09,3.8003293022308805e-05,7086538.0,trans
Commd7,2.0,153442669.0,gnf02.161.674,2,158566515,158683924,1.908078908667627e-09,3.8432534206098344e-05,5123846.0,trans
Lrrc61,6.0,48504951.0,CEL-6_51258475,6,51257406,51257406,1.910095152898369e-09,3.8432534206098344e-05,2752455.0,trans
Tspyl3,2.0,153048109.0,rs6209325,2,147881059,149804748,1.9115604426576307e-09,3.8432534206098344e-05,3243361.0,trans
Fut10,8.0,32297804.0,rs3697344,8,34630321,35274784,1.912778665486399e-09,3.8432534206098344e-05,2332517.0,trans
Fut10,8.0,32297804.0,rs6182243,8,35372423,36878789,1.912778665486399e-09,3.8432534206098344e-05,3074619.0,trans
Ankrd13d,19.0,4270180.0,rs13483499,19,3413095,3717263,1.9272964442157417e-09,3.8684757206067166e-05,552917.0,cis
Dtd1,2.0,144425716.0,rs3675388,2,152495773,153967020,1.927804878060169e-09,3.8684757206067166e-05,8070057.0,trans
Ttc12,9.0,49245066.0,gnf09.042.496,9,48017410,49071871,1.931003072049133e-09,3.872409546931179e-05,173195.0,cis
Noxo1,17.0,24833219.0,rs13482934,17,27985170,29917068,1.934675733043565e-09,3.8772892138128516e-05,3151951.0,trans
Kif17,4.0,137818166.0,CEL-4_130248229,4,131555157,131555157,1.9398248659125664e-09,3.88511973989453e-05,6263009.0,trans
A430033K04Rik,5.0,139064104.0,rs13478539,5,133538654,133538654,1.9429463910206355e-09,3.8888819112107194e-05,5525450.0,trans
Cep63,9.0,102488299.0,rs3707740,9,102625958,102625958,1.9616980110978945e-09,3.923903504942138e-05,137659.0,cis
Dap3,3.0,88724725.0,rs3698196,3,85931836,87487048,1.967886577352877e-09,3.933767042088815e-05,1237677.0,cis
Ercc5,1.0,44204692.0,rs13459182,1,43799239,43799239,1.973400916668078e-09,3.9422710762124086e-05,405453.0,cis
Abcb8,5.0,23899514.0,rs13478144,5,23827219,23827219,1.9786885934502783e-09,3.950311740725833e-05,72295.0,cis
Gnptab,10.0,87841877.0,rs13480720,10,96758375,97112187,1.9873450395372255e-09,3.965063369563417e-05,8916498.0,trans
Zfp781,10.0,81364656.0,gnf10.081.801,10,82278517,84148125,2.015419390581633e-09,4.01851325202344e-05,913861.0,cis
Ddx59,1.0,138311848.0,rs13476118,1,135891044,138214494,2.0374362427855164e-09,4.059824786074475e-05,97354.0,cis
Dhdds,4.0,133524972.0,rs3663950,4,135285446,135525152,2.0694233389821055e-09,4.1161004153857164e-05,1760474.0,cis
Dhdds,4.0,133524972.0,rs3664871,4,132410010,133808951,2.0694233389821055e-09,4.1161004153857164e-05,0.0,cis
Pdxdc1,16.0,13834023.0,rs4165279,16,21323714,21339076,2.0696255060492275e-09,4.1161004153857164e-05,7489691.0,trans
Gm22289,7.0,67049641.0,rs13479238,7,56717300,62761533,2.1005726923546446e-09,4.174994455779324e-05,4288108.0,trans
Gm3579,8.0,93410675.0,rs13478001,4,135998441,137764129,2.1260016150195183e-09,4.2224650628650146e-05,,trans
Aox3,1.0,58169980.0,rs3686293,1,58173264,58643671,2.128235417871663e-09,4.2224650628650146e-05,3284.0,cis
D17H6S56E-5,17.0,35133669.0,rs6167970,9,73368886,73954058,2.1285058218294804e-09,4.2224650628650146e-05,,trans
Sgcg,14.0,61839896.0,rs3692863,14,59434131,59729143,2.1304020705007445e-09,4.223548566035521e-05,2110753.0,trans
Tnni1,1.0,137696016.0,rs6202860,1,147391348,148385403,2.1561624574807788e-09,4.268786702543251e-05,9695332.0,trans
Snrpe,1.0,135500448.0,rs8256197,1,130485641,130485675,2.1570477709226504e-09,4.268786702543251e-05,5014773.0,trans
Acot11,4.0,106417185.0,rs13477919,4,104961980,107061697,2.1573142350963424e-09,4.268786702543251e-05,0.0,cis
Gm25156,7.0,66608653.0,CEL-7_43304662,7,62999955,63232349,2.1676559559151763e-09,4.2865391047423735e-05,3376304.0,trans
Spock1,13.0,57522556.0,rs13481823,13,57139115,58288368,2.176384024574924e-09,4.3010800971868004e-05,0.0,cis
Gm24306,7.0,66604906.0,rs13479276,7,65717523,66413236,2.1872947493102402e-09,4.319913481880052e-05,191670.0,cis
H2-Ea-ps,17.0,34478897.0,rs13482930,17,26950947,27588409,2.189230785577948e-09,4.321009249251524e-05,6890488.0,trans
Rgsl1,1.0,155626517.0,rs6267646,1,154395967,154628105,2.222905214865366e-09,4.384708007281715e-05,998412.0,cis
Fam20b,1.0,158608702.0,CEL-1_152888326,1,154761280,155750989,2.2274690161513546e-09,4.39094159828946e-05,2857713.0,trans
Dthd1,5.0,63209761.0,rs13478294,5,63821509,65070490,2.2395444692461268e-09,4.411026586480523e-05,611748.0,cis
Atf7ip,6.0,136556350.0,rs13479065,6,136698275,137509362,2.240477860797658e-09,4.411026586480523e-05,141925.0,cis
AA388235,17.0,34118437.0,CEL-17_21879142,17,23322637,26350810,2.251787334090026e-09,4.4305043108106755e-05,7767627.0,trans
Tnnt2,1.0,137732931.0,D1Mit218,1,129336687,129336687,2.2580099505524732e-09,4.439955195571421e-05,8396244.0,trans
Ppil4,10.0,7512719.0,rs6185923,10,5378623,5378623,2.2628169155926193e-09,4.446612341518695e-05,2134096.0,trans
Gm24871,1.0,173433179.0,rs8242766,1,172981863,174164127,2.269730481059422e-09,4.457398165540809e-05,0.0,cis
Cda,4.0,137894443.0,rs6386918,4,139323756,140081803,2.2796670647364097e-09,4.4725882999978436e-05,1429313.0,cis
Kpna2,11.0,106849943.0,CEL-11_106337425,11,106527614,106839739,2.2803247183873086e-09,4.4725882999978436e-05,10204.0,cis
Dapp1,3.0,137594569.0,UT_3_142.481798,3,138220054,138220054,2.281954951928823e-09,4.472981433964229e-05,625485.0,cis
Tnni1,1.0,137696016.0,rs13476163,1,148717645,153539523,2.289363948273613e-09,4.484694243489877e-05,11021629.0,trans
Idua,5.0,109098330.0,rs3677428,5,107349228,107412225,2.298847001674899e-09,4.500452775178949e-05,1686105.0,cis
Kazn,4.0,141658306.0,rs13478023,4,140528838,140755878,2.306729597863512e-09,4.513060340783215e-05,902428.0,cis
Zfp458,13.0,67355854.0,rs6220659,13,64303979,65397885,2.314842746574987e-09,4.52327588798365e-05,1957969.0,cis
Zfp458,13.0,67355854.0,rs13481845,13,63061924,64072990,2.314842746574987e-09,4.52327588798365e-05,3282864.0,trans
Serpina1b,12.0,104966144.0,rs3663596,12,106091063,106091063,2.318532568596417e-09,4.5276578981565834e-05,1124919.0,cis
Glo1,2.0,35195929.0,rs13482930,17,26950947,27588409,2.326200745071696e-09,4.539798572305503e-05,,trans
Zfp408,2.0,91483845.0,rs13476609,2,83092617,91849773,2.3344039954363045e-09,4.5523779997514715e-05,0.0,cis
Slc35f5,1.0,127457600.0,mCV24201027,1,117626780,121957699,2.336890751308489e-09,4.5523779997514715e-05,5499901.0,trans
Trim12a,7.0,111392519.0,rs13479441,7,111297536,111297536,2.33701199250278e-09,4.5523779997514715e-05,94983.0,cis
Gprc5b,7.0,126115561.0,rs6366212,7,126261041,126312422,2.341018879045146e-09,4.557345507088785e-05,145480.0,cis
March11,15.0,26317506.0,rs3680788,15,19035011,22085378,2.3499697380676374e-09,4.571925459223627e-05,4232128.0,trans
Fan1,7.0,71491644.0,rs13479306,7,73604599,75261560,2.35967105864497e-09,4.584254184561994e-05,2112955.0,trans
Hspa8,9.0,40609356.0,D9Mit227,9,41298949,41563128,2.3600101404400694e-09,4.584254184561994e-05,689593.0,cis
Mis12,11.0,70833113.0,rs6217738,11,72486318,72978471,2.360702797627063e-09,4.584254184561994e-05,1653205.0,cis
Gzmk,13.0,113961816.0,rs3681990,13,110471636,110632824,2.364559481036639e-09,4.58695930714161e-05,3328992.0,trans
Stard4,18.0,33361075.0,gnf18.027.000,18,29688176,31285350,2.3650282838797184e-09,4.58695930714161e-05,2075725.0,trans
H2-Ea-ps,17.0,34478897.0,CEL-17_21879142,17,23322637,26350810,2.3952104618141746e-09,4.642619223486734e-05,8128087.0,trans
Fut10,8.0,32297804.0,D8Mit189,8,35339349,35339349,2.4037207810512785e-09,4.656229813347624e-05,3041545.0,trans
Otud7a,7.0,70589658.0,rs13479306,7,73604599,75261560,2.4108132815688667e-09,4.66707881175813e-05,3014941.0,trans
Slc35f5,1.0,127457600.0,rs13476045,1,110960852,117320811,2.4137950895575253e-09,4.6678461392570725e-05,10136789.0,trans
Gm16503,4.0,146914327.0,rs4224919,4,144563168,147520407,2.414193820491743e-09,4.6678461392570725e-05,0.0,cis
Haus7,20.0,70682652.0,rs13483818,20,69187247,70591777,2.4424800199236245e-09,4.719620586619616e-05,90875.0,cis
Gm25089,7.0,66858017.0,rs6345670,7,70840460,72948115,2.4531316024440514e-09,4.734354219303728e-05,3982443.0,trans
Gm25089,7.0,66858017.0,rs4226649,7,73194873,73194873,2.4531316024440514e-09,4.734354219303728e-05,6336856.0,trans
Gm13375,2.0,20891520.0,mCV23574676,2,26733408,26733408,2.4560039474229058e-09,4.736975367901342e-05,5841888.0,trans
Stard4,18.0,33361075.0,rs13483269,18,28455186,28455186,2.472983972927819e-09,4.7667864674267804e-05,4905889.0,trans
1110032A03Rik,9.0,50570933.0,UT_9_51.41601,9,49215836,49989194,2.496654252621526e-09,4.809448675191345e-05,581739.0,cis
Ttll3,6.0,113339254.0,rs13478947,6,104791603,104791603,2.5015325401990787e-09,4.815880557420605e-05,8547651.0,trans
Wscd1,11.0,71564205.0,rs6217738,11,72486318,72978471,2.5077795291049273e-09,4.824937893381112e-05,922113.0,cis
Fcho1,8.0,74232535.0,rs6293022,8,74935354,74935354,2.542821632595781e-09,4.889351501162969e-05,702819.0,cis
Dnajc2,5.0,21261115.0,rs6256752,5,20753293,22574279,2.5557119281980087e-09,4.911118521160639e-05,0.0,cis
Stx6,1.0,157005872.0,rs13476187,1,156052564,156052564,2.557794969373357e-09,4.9121040810586064e-05,953308.0,cis
S100a11,3.0,93324417.0,rs3698196,3,85931836,87487048,2.564376381786924e-09,4.921722005468448e-05,5837369.0,trans
Ivd,2.0,118687718.0,rs13476784,2,134345046,135758395,2.5796223815178964e-09,4.9479475932578434e-05,15657328.0,trans
9130213A22Rik,11.0,68934690.0,UT_11_70.128831,11,70371167,72266233,2.593844609049024e-09,4.97036548340569e-05,1436477.0,cis
Pgpep1,8.0,73172976.0,rs13479846,8,79783027,79924634,2.59448756545157e-09,4.97036548340569e-05,6610051.0,trans
Phgdh,3.0,98117093.0,rs3159432,3,100191842,100523616,2.596776345708832e-09,4.9717056701877e-05,2074749.0,trans
Dennd1b,1.0,140860363.0,rs13476148,1,144862429,144862429,2.609135204420389e-09,4.99231227861204e-05,4002066.0,trans
Zkscan16,4.0,58958999.0,UT_4_58.126445,4,58386897,59713470,2.631993563179128e-09,5.0302205899834204e-05,0.0,cis
Mcm6,1.0,130228167.0,rs13476118,1,135891044,138214494,2.6321630858754203e-09,5.0302205899834204e-05,5662877.0,trans
Pcdhb3,18.0,37460453.0,rs13483308,18,38428527,38428527,2.652900559894568e-09,5.0667559920126636e-05,968074.0,cis
Lyplal1,1.0,187911759.0,rs3666905,1,189866757,190268438,2.6578010413242063e-09,5.07301830601796e-05,1954998.0,cis
Dnah7b,1.0,46346411.0,D1Mit375,1,43500860,43515733,2.682558324851366e-09,5.117151099532505e-05,2830678.0,trans
Nhp2,11.0,51433275.0,rs6371333,11,57945936,57945936,2.709067604299881e-09,5.164570112737798e-05,6512661.0,trans
5830417I10Rik,3.0,88615559.0,rs13477251,3,88658602,90219227,2.7113295440544866e-09,5.1657343591571004e-05,43043.0,cis
Rcbtb2,14.0,73542352.0,rs13482235,14,68529236,69379833,2.71863967176056e-09,5.176509345634952e-05,4162519.0,trans
Lcmt2,2.0,120964276.0,rs3708635,2,125704535,127840968,2.728010945820814e-09,5.1911934256424486e-05,4740259.0,trans
8430419L09Rik,6.0,135148070.0,rs3704289,6,131940471,133804968,2.7499063298519413e-09,5.229677575609684e-05,1343102.0,cis
Rnase6,14.0,51748765.0,D14Mit63,14,56051955,56051955,2.7857691899100217e-09,5.294661693956735e-05,4303190.0,trans
Mfsd4,1.0,133919383.0,rs13459051,1,132747530,134993250,2.806959855305768e-09,5.3294372092109025e-05,0.0,cis
Trim30d,7.0,111620222.0,rs3662937,7,111381490,112061872,2.8074733430514606e-09,5.3294372092109025e-05,0.0,cis
Cpt1c,7.0,52213854.0,rs8260975,7,53682778,53682778,2.811808537271842e-09,5.3344298134144945e-05,1468924.0,cis
Chpt1,10.0,87936058.0,rs6221944,10,89118121,90880555,2.857215721992831e-09,5.417288974469511e-05,1182063.0,cis
Lrrc61,6.0,48504951.0,rs3698072,6,49388482,49388482,2.874482445722964e-09,5.446725684929722e-05,883531.0,cis
Man2b1,8.0,87607168.0,rs13479859,8,84568955,85463661,2.894155668762594e-09,5.4806839632402996e-05,2143507.0,trans
Pank2,2.0,131087973.0,CEL-2_135876979,2,135953692,136253017,2.9237496363789586e-09,5.53337677658576e-05,4865719.0,trans
Dcaf6,1.0,167259821.0,rs4222763,1,165315111,168178248,2.9647112783694675e-09,5.607506892940098e-05,0.0,cis
Gm13033,4.0,132440462.0,rs3663950,4,135285446,135525152,2.9709201849230257e-09,5.6099610011004755e-05,2844984.0,trans
Gm13033,4.0,132440462.0,rs3664871,4,132410010,133808951,2.9709201849230257e-09,5.6099610011004755e-05,0.0,cis
Ivd,2.0,118687718.0,rs3708635,2,125704535,127840968,2.9731502765313507e-09,5.6099610011004755e-05,7016817.0,trans
H2-Ea-ps,17.0,34478897.0,rs13482947,17,31769796,31769796,2.973181710519345e-09,5.6099610011004755e-05,2709101.0,trans
Oraov1,7.0,152101020.0,rs3686436,7,151633507,152367605,2.988990716718335e-09,5.634742747371458e-05,0.0,cis
Sh3bp1,15.0,78730216.0,rs13482637,15,70331556,70822236,2.9902719558257405e-09,5.634742747371458e-05,7907980.0,trans
Fpr2,17.0,18024788.0,CEL-17_20354682,17,21827381,23003494,2.9931651953120408e-09,5.634742747371458e-05,3802593.0,trans
Unc45a,7.0,87470178.0,rs3718695,7,89127386,89127386,2.9936173630224093e-09,5.634742747371458e-05,1657208.0,cis
Ttll3,6.0,113339254.0,rs6334121,6,110884644,110884644,2.99532138166487e-09,5.634742747371458e-05,2454610.0,trans
Ogg1,6.0,113276996.0,rs13478971,6,111249787,112015841,3.004198022472468e-09,5.648045019719815e-05,1261155.0,cis
8430419L09Rik,6.0,135148070.0,rs6198929,6,139112058,139834734,3.014171179466123e-09,5.663391581398946e-05,3963988.0,trans
Fmn2,1.0,176431675.0,rs13476267,1,182213911,184421782,3.022095587828147e-09,5.674872592197647e-05,5782236.0,trans
Zfp760,17.0,21844702.0,rs13482873,17,11606730,21646617,3.0384277192503097e-09,5.7021183285363986e-05,198085.0,cis
Lonrf1,8.0,37280497.0,D8Mit294,8,40490765,40490765,3.048409472664231e-09,5.716454548358937e-05,3210268.0,trans
Mcmdc2,1.0,9898719.0,rs3655978,1,13373071,14464945,3.0497214590501067e-09,5.716454548358937e-05,3474352.0,trans
Odf4,11.0,68735337.0,rs6217738,11,72486318,72978471,3.0737317741158056e-09,5.758009952880268e-05,3750981.0,trans
Far2,6.0,147995938.0,rs3695746,6,147673993,148546939,3.102704213153483e-09,5.8088055851997225e-05,0.0,cis
Gm24495,7.0,66762568.0,rs13479276,7,65717523,66413236,3.1203823557722175e-09,5.838329056263989e-05,349332.0,cis
Xaf1,11.0,72115165.0,rs6217738,11,72486318,72978471,3.1222062872333244e-09,5.838329056263989e-05,371153.0,cis
Eno3,11.0,70470706.0,rs3695202,11,64515287,64515287,3.1250641869597566e-09,5.8401823045281734e-05,5955419.0,trans
Trim12a,7.0,111392519.0,rs3699086,7,103251219,103381987,3.1276481873018515e-09,5.8415217769174766e-05,8010532.0,trans
Unc45a,7.0,87470178.0,rs6360431,7,89219703,89219703,3.1354044614771214e-09,5.852514164764648e-05,1749525.0,cis
Wsb2,5.0,117807314.0,rs3719767,5,115597884,116556465,3.1516134664142845e-09,5.879261816191052e-05,1250849.0,cis
Rnf169,7.0,107068767.0,rs13479451,7,114512549,114512549,3.1678326544435504e-09,5.905996572223727e-05,7443782.0,trans
Nsun7,5.0,66651364.0,rs6265085,5,65141992,66605987,3.174051223797775e-09,5.914065782706723e-05,45377.0,cis
Armcx1,20.0,131252509.0,rs13484018,20,133329157,134541557,3.178959892505033e-09,5.919686161266816e-05,2076648.0,trans
Lypd1,1.0,127768620.0,gnf01.128.089,1,130357592,130357592,3.1851672621282334e-09,5.9277167844208044e-05,2588972.0,trans
Dnah7b,1.0,46346411.0,rs13475840,1,44144844,45504166,3.1933949257768055e-09,5.939495466954112e-05,842245.0,cis
Ocel1,8.0,73895252.0,rs3717251,8,64089398,64687181,3.2002862805609462e-09,5.9487761862292066e-05,9208071.0,trans
Cpt1c,7.0,52213854.0,rs6206014,7,47861154,47861154,3.2023329542976853e-09,5.9490458105442206e-05,4352700.0,trans
Fan1,7.0,71491644.0,gnf07.050.858,7,63779524,65367119,3.2167450128740378e-09,5.9722729348974473e-05,6124525.0,trans
Psmd6,14.0,14944698.0,rs3710916,14,8852064,10238923,3.261465448022372e-09,6.051710267102165e-05,4705775.0,trans
Myo7a,7.0,105199570.0,rs3724540,7,114542346,114746367,3.26815559550629e-09,6.0596291640960866e-05,9342776.0,trans
Ogg1,6.0,113276996.0,UT_6_102.533298,6,100818194,101442250,3.2696071438439244e-09,6.0596291640960866e-05,11834746.0,trans
Gpr161,1.0,167236353.0,UT_1_169.988189,1,168323143,169017891,3.279589011043614e-09,6.07453010554073e-05,1086790.0,cis
Slc35a5,16.0,45139686.0,rs4180247,16,45072729,45541113,3.2918888987474984e-09,6.093704363035863e-05,0.0,cis
Dbndd2,2.0,164311640.0,rs8275857,2,164199696,164559756,3.3035713730385133e-09,6.111713707771733e-05,0.0,cis
Entpd2,2.0,25251423.0,rs13476364,2,19000350,22676436,3.3087219325085326e-09,6.117624653534624e-05,2574987.0,trans
Cyp2r1,7.0,121693678.0,rs3674465,7,119879435,120077980,3.3138842201351484e-09,6.123550288327355e-05,1615698.0,cis
Pfdn6,17.0,34075864.0,rs13482930,17,26950947,27588409,3.3160848103126384e-09,6.123999394670711e-05,6487455.0,trans
H2-Ea-ps,17.0,34478897.0,rs6242153,17,32068298,32078991,3.3465030035701005e-09,6.176139866914318e-05,2399906.0,trans
Ccdc42,11.0,68400717.0,UT_11_70.128831,11,70371167,72266233,3.348266785660232e-09,6.176139866914318e-05,1970450.0,cis
Gm10654,8.0,73455693.0,rs3722665,8,75068927,77417178,3.374798525731065e-09,6.22141145077801e-05,1613234.0,cis
Mia2,12.0,60196787.0,gnf12.057.133,12,60071017,60243672,3.390510828745764e-09,6.246695920493558e-05,0.0,cis
Gm12321,11.0,70870674.0,gnf09.044.659,9,50175753,50652205,3.394929543099323e-09,6.251155502829794e-05,,trans
4833403I15Rik,18.0,47009693.0,rs13483328,18,43314323,45157191,3.419783195732888e-09,6.293214988549098e-05,1852502.0,cis
Alox15,11.0,70157649.0,UT_11_70.128831,11,70371167,72266233,3.432564842314824e-09,6.313022717516738e-05,213518.0,cis
Glra4,20.0,133292213.0,rs13484013,20,132120932,132263712,3.449405091646818e-09,6.340267189172342e-05,1028501.0,cis
Cyb5d2,11.0,72590751.0,rs13481087,11,69415411,70265537,3.4641479859088485e-09,6.361288110058656e-05,2325214.0,trans
Zfp457,13.0,67393386.0,rs13481845,13,63061924,64072990,3.466941656987082e-09,6.361288110058656e-05,3320396.0,trans
Zfp457,13.0,67393386.0,rs6220659,13,64303979,65397885,3.466941656987082e-09,6.361288110058656e-05,1995501.0,cis
5830417I10Rik,3.0,88615559.0,rs3699123,3,82199891,84792918,3.4824941367284484e-09,6.386078943033005e-05,3822641.0,trans
4930578G10Rik,4.0,42749077.0,rs6232550,4,40972607,40972607,3.4929455295881333e-09,6.40149201072815e-05,1776470.0,cis
1700001O22Rik,2.0,30651083.0,rs13476427,2,34869157,34869157,3.5030914066292494e-09,6.416327441873194e-05,4218074.0,trans
Sfr1,19.0,47785109.0,rs3660360,19,48448365,48448365,3.5071788132246194e-09,6.419203600401643e-05,663256.0,cis
Rab5a,17.0,53618559.0,rs6272475,17,53622040,53622040,3.508765508363851e-09,6.419203600401643e-05,3481.0,cis
Larp1,11.0,57873979.0,rs6371333,11,57945936,57945936,3.5144452269470067e-09,6.425836712115172e-05,71957.0,cis
B2m,2.0,121973423.0,rs13476740,2,121412769,122144319,3.5354206754991497e-09,6.460412560845004e-05,0.0,cis
Pcdhb3,18.0,37460453.0,rs8255038,18,34420259,36214168,3.5689188557343094e-09,6.517817959898395e-05,1246285.0,cis
LOC102632102,12.0,18192957.0,rs6180964,12,16835276,26476092,3.587582472181842e-09,6.548080226868755e-05,0.0,cis
Rpl3,15.0,79908225.0,D15Mit105,15,72331040,73220024,3.595016546175225e-09,6.557822915528097e-05,6688201.0,trans
Stx6,1.0,157005872.0,rs6209248,1,160302634,160302634,3.6140284108229636e-09,6.588661483070657e-05,3296762.0,trans
Dpp7,2.0,25207807.0,rs13476408,2,30296487,30541429,3.6545881080260898e-09,6.658724664096747e-05,5088680.0,trans
Extl1,4.0,133912288.0,rs6234904,4,138152372,139225623,3.659311782721119e-09,6.663450415540715e-05,4240084.0,trans
Reep5,18.0,34504528.0,rs8255038,18,34420259,36214168,3.6864457059140503e-09,6.708955034340757e-05,0.0,cis
Gm10478,12.0,20902100.0,rs6180964,12,16835276,26476092,3.704324456647137e-09,6.737573063992677e-05,0.0,cis
Catsperg1,7.0,30482238.0,rs13479163,7,27852866,27852866,3.7094664463596796e-09,6.743005168121601e-05,2629372.0,trans
Manba,3.0,135148575.0,rs13477425,3,134595339,136479848,3.7179962646049034e-09,6.754585724142158e-05,0.0,cis
Gng2,14.0,20691781.0,gnf14.013.298,14,20733677,23539821,3.7205007655115704e-09,6.755212831764317e-05,41896.0,cis
Sgcg,14.0,61839896.0,rs13482225,14,65324729,68427157,3.740273728523806e-09,6.787174905784818e-05,3484833.0,trans
Nmnat2,1.0,154802231.0,rs6209248,1,160302634,160302634,3.749332952547344e-09,6.799669829380111e-05,5500403.0,trans
Ythdc2,18.0,44988341.0,rs13483328,18,43314323,45157191,3.751631500772505e-09,6.799896433674165e-05,0.0,cis
Got1l1,8.0,28307931.0,CEL-8_26907016,8,29180211,29872349,3.7778104405383954e-09,6.843381331851964e-05,872280.0,cis
6330403K07Rik,11.0,70845443.0,rs13481070,11,64909099,67090601,3.8023777898461905e-09,6.883898245771213e-05,3754842.0,trans
Chmp3,6.0,71493848.0,rs13478800,6,64766249,65067887,3.828665341493785e-09,6.927480778594405e-05,6425961.0,trans
Amdhd2,17.0,24292800.0,rs13482930,17,26950947,27588409,3.848785110863379e-09,6.959859563720523e-05,2658147.0,trans
Fgl1,8.0,42276788.0,rs3654540,8,37656756,40414117,3.858077253575341e-09,6.968606597713894e-05,1862671.0,cis
Fgl1,8.0,42276788.0,rs4227117,8,40709630,42338973,3.858077253575341e-09,6.968606597713894e-05,0.0,cis
Psmd6,14.0,14944698.0,rs13482054,14,11312993,19569109,3.87358092034968e-09,6.992572631098773e-05,0.0,cis
4933409K07Rik,4.0,42600737.0,rs6232550,4,40972607,40972607,3.902991826760833e-09,7.040276561165809e-05,1628130.0,cis
P4ha3,7.0,107434030.0,CEL-7_88290939,7,108094541,111033533,3.906758131663611e-09,7.040276561165809e-05,660511.0,cis
P4ha3,7.0,107434030.0,rs3023151,7,103823533,107944155,3.906758131663611e-09,7.040276561165809e-05,0.0,cis
Sfr1,19.0,47785109.0,rs13483653,19,48078038,48078038,3.9130487725067844e-09,7.045964791149279e-05,292929.0,cis
Plvap,8.0,74021664.0,UT_6_76.003706,8,77908172,78222251,3.914419128209134e-09,7.045964791149279e-05,3886508.0,trans
Arhgef15,11.0,68756656.0,UT_11_70.128831,11,70371167,72266233,3.923751424545185e-09,7.058701555953831e-05,1614511.0,cis
Gm26467,7.0,66837433.0,rs13479276,7,65717523,66413236,3.93354396100124e-09,7.072251162010632e-05,424197.0,cis
Gadd45gip1,8.0,87356181.0,rs3719174,8,83396538,84339460,3.958977518278967e-09,7.112536525634644e-05,3016721.0,trans
Nsun7,5.0,66651364.0,CEL-5_67747877,5,69527299,71133299,3.960497509706881e-09,7.112536525634644e-05,2875935.0,trans
Sult2b1,7.0,52985353.0,rs8260975,7,53682778,53682778,3.96425281829393e-09,7.115196071321684e-05,697425.0,cis
Nudt19,7.0,36332204.0,rs6239372,7,35483870,35699898,3.972959600036972e-09,7.126734569019395e-05,632306.0,cis
Naaa,5.0,92687119.0,rs3712722,5,98239478,98975792,3.983309693800119e-09,7.140584337142112e-05,5552359.0,trans
Pla2g4e,2.0,119992148.0,CEL-2_113459249,2,113408432,113667509,3.985245467498075e-09,7.140584337142112e-05,6324639.0,trans
Gm4924,10.0,81817000.0,CEL-10_87391383,10,87106144,88138481,3.999206537955347e-09,7.15931741262548e-05,5289144.0,trans
Noxo1,17.0,24833219.0,rs13482930,17,26950947,27588409,4.001897704108568e-09,7.15931741262548e-05,2117728.0,trans
Rplp0,13.0,67911183.0,rs13459088,5,111078136,111778516,4.002566085819578e-09,7.15931741262548e-05,,trans
Gm24272,16.0,73974686.0,rs3708411,5,136726448,137393985,4.014264007241871e-09,7.176138277639945e-05,,trans
Gzmk,13.0,113961816.0,rs6316705,13,116719470,117040319,4.038417052944415e-09,7.215192738520703e-05,2757654.0,trans
Josd2,7.0,51723426.0,rs13479226,7,52843651,53422379,4.071702097328661e-09,7.270508887621366e-05,1120225.0,cis
Sh3bp1,15.0,78730216.0,D15Mit105,15,72331040,73220024,4.07797848556288e-09,7.277562266363918e-05,5510192.0,trans
Fcho1,8.0,74232535.0,rs13479846,8,79783027,79924634,4.090751347822957e-09,7.296194603184457e-05,5550492.0,trans
Rab5a,17.0,53618559.0,rs13483023,17,51338301,51559029,4.112451775280124e-09,7.326299760489667e-05,2059530.0,trans
Rab5a,17.0,53618559.0,rs3700227,17,52750886,53184293,4.112451775280124e-09,7.326299760489667e-05,434266.0,cis
Fam154b,7.0,89781470.0,rs13479339,7,81491657,87777473,4.11498198137327e-09,7.326299760489667e-05,2003997.0,trans
Rsl1,13.0,67274118.0,rs13481861,13,68711508,69092648,4.11699783939099e-09,7.326299760489667e-05,1437390.0,cis
Kif17,4.0,137818166.0,D4Mit339,4,133923341,133923341,4.125259397866465e-09,7.336828013916247e-05,3894825.0,trans
Clpb,7.0,108938806.0,rs4226783,7,100081465,102651418,4.133114459620838e-09,7.346621754434286e-05,6287388.0,trans
Fam78b,1.0,168931606.0,UT_1_169.988189,1,168323143,169017891,4.180075205572326e-09,7.425875355740154e-05,0.0,cis
Comt,16.0,18407622.0,rs4164131,16,14378705,15051845,4.185312670387567e-09,7.43095993784265e-05,3355777.0,trans
Fcho1,8.0,74232535.0,rs3722665,8,75068927,77417178,4.190226362619084e-09,7.435464224537044e-05,836392.0,cis
Cntnap3,13.0,64839855.0,D13Mit224,13,64187020,64187020,4.195533431569687e-09,7.440661046925394e-05,652835.0,cis
Cd320,17.0,33980036.0,rs6242153,17,32068298,32078991,4.214285603011494e-09,7.467210827336065e-05,1901045.0,cis
Aldh7a1,18.0,56685390.0,rs13483378,18,57453544,58224568,4.215956618156419e-09,7.467210827336065e-05,768154.0,cis
2610005L07Rik,18.0,4198214.0,rs3699118,8,18512782,22905816,4.217664662653554e-09,7.467210827336065e-05,,trans
Ush1c,7.0,53450720.0,rs13479226,7,52843651,53422379,4.248804488676588e-09,7.518087956378103e-05,28341.0,cis
Gfer,17.0,24830135.0,CEL-17_21879142,17,23322637,26350810,4.263520420658119e-09,7.539862575568566e-05,0.0,cis
Entpd2,2.0,25251423.0,mCV23574676,2,26733408,26733408,4.2701851610396706e-09,7.547382429744772e-05,1481985.0,cis
Plvap,8.0,74021664.0,rs6394046,8,64982540,69577204,4.295964401872491e-09,7.588658834700253e-05,4444460.0,trans
Pde5a,3.0,122432076.0,rs6259281,3,120606858,121998618,4.3151216363401734e-09,7.618197729506842e-05,433458.0,cis
Ercc5,1.0,44204692.0,D1Mit375,1,43500860,43515733,4.331754564721899e-09,7.64324924215848e-05,688959.0,cis
Nup210,6.0,90963062.0,rs3661039,6,90308024,91386029,4.346143139191065e-09,7.664314649889384e-05,0.0,cis
Nptx2,5.0,145306771.0,mCV25009162,5,145297027,147394031,4.372900614252942e-09,7.707156279984072e-05,0.0,cis
Pgap2,7.0,109371588.0,D7Mit323,7,108024450,108024450,4.388502600701441e-09,7.730299393663486e-05,1347138.0,cis
Camk2n1,4.0,138011101.0,rs6234904,4,138152372,139225623,4.3985895639509015e-09,7.743707273706244e-05,141271.0,cis
Pttg1,11.0,43233764.0,rs6267501,11,36616453,38777269,4.403632805515652e-09,7.748225604885305e-05,4456495.0,trans
Cox5b,13.0,21592793.0,rs13475810,1,36052584,37614783,4.436402727481137e-09,7.79856201532006e-05,,trans
1700001O22Rik,2.0,30651083.0,rs13476464,2,43538350,44257293,4.437226689690236e-09,7.79856201532006e-05,12887267.0,trans
Rarres1,3.0,67282894.0,rs13477144,3,61072170,65195291,4.442387776274596e-09,7.803248935587432e-05,2087603.0,trans
Dbndd2,2.0,164311640.0,rs13476889,2,164133261,164183539,4.456062590110872e-09,7.822876938715357e-05,128101.0,cis
Rnasel,1.0,155600060.0,rs13476187,1,156052564,156052564,4.45936776494378e-09,7.824288630926438e-05,452504.0,cis
Hdhd3,4.0,62160046.0,rs13477715,4,55060597,56036004,4.4920983310901505e-09,7.877298813136071e-05,6124042.0,trans
Zfp760,17.0,21844702.0,CEL-17_20354682,17,21827381,23003494,4.536139955611569e-09,7.945906623885049e-05,0.0,cis
2810001A02Rik,15.0,86044462.0,rs13482695,15,88301261,88301261,4.536302379257049e-09,7.945906623885049e-05,2256799.0,trans
Lrrc61,6.0,48504951.0,rs13478739,6,46977242,48355274,4.5613679747975506e-09,7.985341105008024e-05,149677.0,cis
Frrs1,3.0,116569105.0,rs3698700,3,112036749,112489448,4.624694115378874e-09,8.09167468911868e-05,4079657.0,trans
Pofut1,2.0,153067268.0,gnf02.161.674,2,158566515,158683924,4.632469915490103e-09,8.100749129670683e-05,5499247.0,trans
Ttll3,6.0,113339254.0,rs13478951,6,105762437,110706035,4.64548273865489e-09,8.118966239569024e-05,2633219.0,trans
Nop10,2.0,112102126.0,CEL-2_113459249,2,113408432,113667509,4.744839669555207e-09,8.287983388329978e-05,1306306.0,cis
Zfp760,17.0,21844702.0,rs13482868,17,10586984,11481618,4.750106012285375e-09,8.292552175960504e-05,10363084.0,trans
Tssc1,12.0,29436731.0,rs13481357,12,27578331,28255508,4.771755402117666e-09,8.32570080873383e-05,1181223.0,cis
Rpl3,15.0,79908225.0,rs13482637,15,70331556,70822236,4.831344456310853e-09,8.424972252679695e-05,9085989.0,trans
Lcorl,5.0,46090530.0,rs13478231,5,47188740,47789890,4.834567055500867e-09,8.425895161803548e-05,1098210.0,cis
Fgf7,2.0,125860520.0,rs8264884,2,130881868,131487026,4.84100764117848e-09,8.432422368205961e-05,5021348.0,trans
Klhl20,1.0,163018509.0,rs3653666,1,160477203,161687298,4.883325459251641e-09,8.501401129671646e-05,1331211.0,cis
2310040G07Rik,5.0,77357393.0,rs3678577,5,85065018,85502589,4.91002607786418e-09,8.543130238103592e-05,7707625.0,trans
Serpina3n,12.0,105644939.0,gnf12.101.501,12,104522187,105392393,4.943189835030839e-09,8.596052150407848e-05,252546.0,cis
Mut,17.0,41071656.0,rs13482981,17,40708059,43226181,4.960104580607131e-09,8.62067443691801e-05,0.0,cis
Gm23254,7.0,66854274.0,rs13479276,7,65717523,66413236,4.9799976238675925e-09,8.650442795389476e-05,441038.0,cis
Senp3,11.0,69486612.0,rs13481087,11,69415411,70265537,4.983211783875461e-09,8.651222345976802e-05,0.0,cis
Fbxw10,11.0,62660571.0,rs3024185,11,62910462,63033373,4.988443806529473e-09,8.655502246915315e-05,249891.0,cis
Pde5a,3.0,122432076.0,rs3670168,3,127995452,128958446,5.0024967966880105e-09,8.675074273971195e-05,5563376.0,trans
Tm4sf5,11.0,70318779.0,rs3715924,11,67192419,67351936,5.020887877741842e-09,8.697324879740763e-05,2966843.0,trans
Tm4sf5,11.0,70318779.0,UT_11_68.607315,11,68849650,69141399,5.020887877741842e-09,8.697324879740763e-05,1177380.0,cis
S1pr1,3.0,115413353.0,mCV25436350,3,112860455,117113353,5.027726661210997e-09,8.70435152987002e-05,0.0,cis
Zfp760,17.0,21844702.0,rs13482864,17,9565936,10166446,5.0726893516355275e-09,8.777336671475443e-05,11678256.0,trans
Gdf1,8.0,72839673.0,rs13479813,8,70431892,70720690,5.084651250986347e-09,8.79317101325674e-05,2118983.0,trans
Asah1,8.0,42426004.0,rs13479702,8,37203160,37571455,5.098503862590258e-09,8.809486678679763e-05,4854549.0,trans
Gm7222,20.0,131362718.0,CEL-17_21879142,17,23322637,26350810,5.099717720364256e-09,8.809486678679763e-05,,trans
Gm25156,7.0,66608653.0,rs13479305,7,73316124,73426174,5.1144468113782354e-09,8.828910287859813e-05,6707471.0,trans
4930452B06Rik,14.0,9263706.0,rs3689508,14,10592844,10651879,5.11660619342199e-09,8.828910287859813e-05,1329138.0,cis
Nhp2,11.0,51433275.0,rs3668680,11,55886003,56329568,5.125132898478259e-09,8.838748255353208e-05,4452728.0,trans
Tsc2,17.0,24732882.0,CEL-17_21879142,17,23322637,26350810,5.134203678875334e-09,8.849513171531967e-05,0.0,cis
Rps15a,7.0,125247888.0,gnf07.114.758,7,124952038,125798534,5.150417993297567e-09,8.872572324975153e-05,0.0,cis
Lonrf1,8.0,37280497.0,rs13479735,8,46649263,46649263,5.163822624142285e-09,8.890768547578863e-05,9368766.0,trans
Mroh7,4.0,106353243.0,rs3659850,4,110966848,114284494,5.168306245615904e-09,8.893593527499188e-05,4613605.0,trans
Nlrp1c-ps,11.0,71055932.0,rs13481087,11,69415411,70265537,5.1817030143633934e-09,8.911744665183236e-05,790395.0,cis
Gm26337,7.0,66678425.0,rs13479238,7,56717300,62761533,5.185939313602337e-09,8.914129892304613e-05,3916892.0,trans
Rbp1,9.0,98323380.0,rs3725272,9,95050078,95050078,5.205795555308322e-09,8.943346931293854e-05,3273302.0,trans
5830417I10Rik,3.0,88615559.0,rs13477204,3,75866499,81433732,5.2096786888596e-09,8.945105803924447e-05,7181827.0,trans
Timm22,11.0,76220681.0,gnf11.079.978,11,75282894,76408655,5.288897937841196e-09,9.076145166030122e-05,0.0,cis
Mkl2,16.0,13415590.0,rs4165279,16,21323714,21339076,5.310806012435453e-09,9.105750762194968e-05,7908124.0,trans
BC051628,2.0,180954721.0,rs13476942,2,180422342,180422342,5.31197120123331e-09,9.105750762194968e-05,532379.0,cis
Cuedc1,11.0,87912751.0,rs13481150,11,89612737,89761882,5.333986238358033e-09,9.138481426295711e-05,1699986.0,cis
Pip5k1b,19.0,24369284.0,rs3670355,19,25045357,25045357,5.3460248997817435e-09,9.149377608133593e-05,676073.0,cis
Fgf7,2.0,125860520.0,rs6411422,2,128199226,129125488,5.34619539546394e-09,9.149377608133593e-05,2338706.0,trans
Kpna2,11.0,106849943.0,rs3686516,11,105905728,105905728,5.355084438816449e-09,9.159579437824929e-05,944215.0,cis
Cdk5rap1,2.0,154161116.0,rs6291774,2,154372104,154520256,5.434812570709403e-09,9.290870298549246e-05,210988.0,cis
Ccdc85a,11.0,28285692.0,rs13480951,11,33538734,34315729,5.46715061186046e-09,9.341048128365415e-05,5253042.0,trans
Gm20472,12.0,18779275.0,rs4229294,12,26992470,26992470,5.510161326440139e-09,9.407392875110684e-05,8213195.0,trans
Pfdn6,17.0,34075864.0,rs6242153,17,32068298,32078991,5.512979386251515e-09,9.407392875110684e-05,1996873.0,cis
Ncstn,1.0,173996152.0,NES13029525,1,174201925,174420752,5.518587969166093e-09,9.407392875110684e-05,205773.0,cis
Mcm6,1.0,130228167.0,rs6302966,1,122017245,122817184,5.52087635819341e-09,9.407392875110684e-05,7410983.0,trans
Dnah7a,1.0,53453853.0,rs13475876,1,55184323,57882215,5.521665325848013e-09,9.407392875110684e-05,1730470.0,cis
Crnde,8.0,94849937.0,rs3675233,8,92275914,93011882,5.524023558710508e-09,9.407392875110684e-05,1838055.0,cis
Ivd,2.0,118687718.0,CEL-2_113459249,2,113408432,113667509,5.564522254386442e-09,9.461569808163373e-05,5020209.0,trans
Nudc,8.0,30396900.0,rs3664871,4,132410010,133808951,5.564909489974733e-09,9.461569808163373e-05,,trans
Nudc,8.0,30396900.0,rs3663950,4,135285446,135525152,5.564909489974733e-09,9.461569808163373e-05,,trans
Tspyl3,2.0,153048109.0,rs6265656,2,156689630,158441351,5.600812454665409e-09,9.517440221028005e-05,3641521.0,trans
Hhipl1,12.0,109544480.0,UT_12_105.036685,12,110698473,110748175,5.618199139540781e-09,9.541802406001857e-05,1153993.0,cis
Ppil4,10.0,7512719.0,rs3664101,10,9329071,12004986,5.632163537188538e-09,9.560328984098151e-05,1816352.0,cis
Kmt2d,15.0,98662104.0,rs13482731,15,97591074,97961248,5.682993994991094e-09,9.641379910901582e-05,700856.0,cis
Hebp2,10.0,18259929.0,CEL-10_14286032,10,14292789,18617183,5.692519743131774e-09,9.652306205964368e-05,0.0,cis
Ttc12,9.0,49245066.0,UT_9_51.41601,9,49215836,49989194,5.7042221781548985e-09,9.66690948080271e-05,0.0,cis
Fgl1,8.0,42276788.0,D8Mit294,8,40490765,40490765,5.7559694923447575e-09,9.74932400504115e-05,1786023.0,cis
Xaf1,11.0,72115165.0,rs3715924,11,67192419,67351936,5.785076956424325e-09,9.788026696501816e-05,4763229.0,trans
Xaf1,11.0,72115165.0,UT_11_68.607315,11,68849650,69141399,5.785076956424325e-09,9.788026696501816e-05,2973766.0,trans
Josd2,7.0,51723426.0,rs8260975,7,53682778,53682778,5.792507391494604e-09,9.795300956262551e-05,1959352.0,cis
Ociad2,5.0,73713438.0,rs6163111,5,74219748,76243460,5.805325922069187e-09,9.811673862290917e-05,506310.0,cis
Rnf150,8.0,85387255.0,rs13479825,8,85707108,85950408,5.828712825839319e-09,9.844080457897174e-05,319853.0,cis
Tbc1d23,16.0,57168975.0,rs4189478,16,57552272,59838934,5.830880487128411e-09,9.844080457897174e-05,383297.0,cis
Arl3,19.0,46605599.0,rs6396860,19,41969694,42487227,5.833940139629433e-09,9.844080457897174e-05,4118372.0,trans
Ephb2,4.0,136209523.0,rs13478001,4,135998441,137764129,5.844919617310575e-09,9.85729025198094e-05,0.0,cis
Sepn1,4.0,134093807.0,rs6234904,4,138152372,139225623,5.873662798996389e-09,9.900427650446755e-05,4058565.0,trans
Cdh7,1.0,111878904.0,rs13476045,1,110960852,117320811,5.889977969416803e-09,9.918584048896717e-05,0.0,cis
C530030P08Rik,11.0,32625889.0,gnf11.035.919,11,34953683,35696875,5.890775497149601e-09,9.918584048896717e-05,2327794.0,trans
8430419L09Rik,6.0,135148070.0,rs3662241,6,129560177,131577239,5.909996453428145e-09,9.945594454485366e-05,3570831.0,trans
Smg9,7.0,25184647.0,rs3672220,7,19794683,25138165,5.9233551566215066e-09,9.9627158706497e-05,46482.0,cis
Entpd3,9.0,120448961.0,rs13459114,9,121825028,121825028,5.952561234702816e-09,0.0001000645886535517,1376067.0,cis
Pqlc3,12.0,16995454.0,rs3657682,12,15739388,16592330,5.965267847414052e-09,0.00010022433605844372,403124.0,cis
Usp53,3.0,122636519.0,rs3671119,3,126116579,126116579,5.992835421768945e-09,0.00010063346162375152,3480060.0,trans
Tm2d3,7.0,72836055.0,rs13479305,7,73316124,73426174,5.998259815881875e-09,0.00010067051287553654,480069.0,cis
Prmt3,7.0,57033716.0,rs13479238,7,56717300,62761533,6.04148708783561e-09,0.00010134164073150417,0.0,cis
LOC102639173,7.0,108985265.0,rs3658777,7,96762673,96762673,6.06004538272827e-09,0.00010159846651412583,12222592.0,trans
6330403K07Rik,11.0,70845443.0,rs13481068,11,64596125,64596125,6.068180899429817e-09,0.00010168036978793988,6249318.0,trans
Nfu1,6.0,86959883.0,rs13478871,6,85767550,86058923,6.086704111721127e-09,0.00010193587892394482,900960.0,cis
Gpnmb,6.0,48986624.0,rs3698072,6,49388482,49388482,6.08994622079423e-09,0.00010193587892394482,401858.0,cis
Tnni1,1.0,137696016.0,rs13476138,1,141417668,141417668,6.120905987550286e-09,0.00010239930720652332,3721652.0,trans
Jmjd7,2.0,119853242.0,rs13476740,2,121412769,122144319,6.167621259831937e-09,0.00010312567995893119,1559527.0,cis
Ildr2,1.0,168184552.0,rs3693161,1,162215219,163901483,6.172837821284475e-09,0.00010314108986267662,4283069.0,trans
Cyb5r4,4.0,18771349.0,rs3669564,9,87780386,88102529,6.175136723453013e-09,0.00010314108986267662,,trans
Trim30d,7.0,111620222.0,rs13479451,7,114512549,114512549,6.18712513868367e-09,0.0001032861832691229,2892327.0,trans
Pofut1,2.0,153067268.0,rs13476805,2,139549796,147753900,6.221537604385908e-09,0.0001038052632567139,5313368.0,trans
Serpina1b,12.0,104966144.0,rs3724260,12,105957285,105957285,6.26441525165257e-09,0.00010444451913807005,991141.0,cis
LOC102639173,7.0,108985265.0,rs4226783,7,100081465,102651418,6.266528390290613e-09,0.00010444451913807005,6333847.0,trans
G730007D18Rik,12.0,20900799.0,rs13481357,12,27578331,28255508,6.272255457712176e-09,0.00010448430684921125,6677532.0,trans
Fam132a,4.0,155336427.0,rs6316711,4,155235047,155235047,6.314272434413036e-09,0.00010512825401527908,101380.0,cis
Myo7a,7.0,105199570.0,rs3686975,7,117123258,117123258,6.31879094387698e-09,0.0001051475247620377,11923688.0,trans
P4ha3,7.0,107434030.0,rs3699086,7,103251219,103381987,6.331632020845242e-09,0.00010530519266092265,4052043.0,trans
Senp3,11.0,69486612.0,UT_11_70.128831,11,70371167,72266233,6.352739942335338e-09,0.00010560011082999792,884555.0,cis
Mcm6,1.0,130228167.0,rs13476045,1,110960852,117320811,6.481565324281885e-09,0.00010765095157796776,12907356.0,trans
Gm10476,12.0,18911782.0,rs4229294,12,26992470,26992470,6.482997524453559e-09,0.00010765095157796776,8080688.0,trans
Mtrr,13.0,68699657.0,D13Mit224,13,64187020,64187020,6.4996631458620385e-09,0.00010787043015366191,4512637.0,trans
1110032A03Rik,9.0,50570933.0,gnf09.044.659,9,50175753,50652205,6.508848204032994e-09,0.00010796559205831684,0.0,cis
Sfrp1,8.0,24521990.0,gnf08.020.641,8,23259030,24259338,6.512843575126734e-09,0.0001079746147297664,262652.0,cis
Lincenc1,13.0,98264754.0,rs6322774,13,90560308,91275495,6.5209679882818185e-09,0.0001080520458209406,6989259.0,trans
Arid5b,10.0,67558341.0,rs13480625,10,64173095,64173095,6.5835026406590645e-09,0.00010903049203361548,3385246.0,trans
Glra4,20.0,133292213.0,rs13484018,20,133329157,134541557,6.5887007906994244e-09,0.0001090588458288239,36944.0,cis
Ndufc2,7.0,104548587.0,rs3658777,7,96762673,96762673,6.633859371627971e-09,0.00010974826109970416,7785914.0,trans
Gprc5b,7.0,126115561.0,rs13479483,7,125869548,125869548,6.684183526081307e-09,0.00011052235988497348,246013.0,cis
Btbd9,17.0,30357025.0,rs6242153,17,32068298,32078991,6.705704112055884e-09,0.00011081962805279737,1711273.0,cis
Ucp3,7.0,107621500.0,rs3699086,7,103251219,103381987,6.720123890033079e-09,0.00011099929509054582,4239513.0,trans
Asah1,8.0,42426004.0,rs13479734,8,45708317,45708317,6.787431147562363e-09,0.00011205187770035554,3282313.0,trans
Arhgef2,3.0,88425060.0,UT_3_90.000791,3,87719794,88310086,6.86448626857097e-09,0.00011323200048864918,114974.0,cis
Lypd1,1.0,127768620.0,rs6302966,1,122017245,122817184,6.866154874179877e-09,0.00011323200048864918,4951436.0,trans
Xrcc2,5.0,25195630.0,rs3706626,5,24621790,24621790,6.892484555820224e-09,0.00011360632449871942,573840.0,cis
Fam45a,19.0,60887514.0,rs6193060,19,61297371,61297371,6.923893213072291e-09,0.00011406392510628823,409857.0,cis
Nudc,8.0,30396900.0,CEL-4_130248229,4,131555157,131555157,6.931343770301526e-09,0.00011412656702732966,,trans
Got1l1,8.0,28307931.0,gnf08.023.320,8,25963094,25963094,6.9411018303008824e-09,0.00011422711675424355,2344837.0,trans
Fcrls,3.0,87054680.0,rs6243021,3,84948288,85493836,6.945283919676921e-09,0.00011423584733240436,1560844.0,cis
Odf4,11.0,68735337.0,rs13481087,11,69415411,70265537,6.951931948721014e-09,0.00011428510713224269,680074.0,cis
Rsph3b,17.0,7109065.0,UT_17_3.221024,17,6039015,7955311,6.966001978597114e-09,0.00011445626383115712,0.0,cis
Gm14414,10.0,56074254.0,gnf04.110.583,4,114507956,118116038,6.97712014290457e-09,0.00011457876509089404,,trans
Fam221a,6.0,49317822.0,rs3698072,6,49388482,49388482,7.0000713155908675e-09,0.00011489535836318216,70660.0,cis
P4ha3,7.0,107434030.0,D7Mit323,7,108024450,108024450,7.04665870065175e-09,0.00011559936808468254,590420.0,cis
B2m,2.0,121973423.0,rs3686617,2,122383806,125564678,7.0681851530105175e-09,0.00011589173451954826,410383.0,cis
Lcorl,5.0,46090530.0,rs13478235,5,48067857,50689926,7.089040044592278e-09,0.00011617278934042267,1977327.0,cis
Csrp1,1.0,137616638.0,rs13476118,1,135891044,138214494,7.224903521746096e-09,0.00011833728487951145,0.0,cis
Bloc1s6,2.0,122564241.0,rs3686617,2,122383806,125564678,7.343550897152471e-09,0.00012021767873880647,0.0,cis
Ccnb1ip1,14.0,51409488.0,rs3670380,14,47679977,49506930,7.354801885448604e-09,0.0001203388914776469,1902558.0,cis
Gmip,8.0,72332586.0,rs13479814,8,70845435,74265398,7.3693381887821305e-09,0.00012051370354804853,0.0,cis
H2-Q2,17.0,35479278.0,CEL-17_21879142,17,23322637,26350810,7.381477320257293e-09,0.0001206491515333782,9128468.0,trans
Cuedc1,11.0,87912751.0,rs13481123,11,82070986,82421437,7.386764375794972e-09,0.00012067252037782308,5491314.0,trans
Ctse,1.0,133534891.0,rs13459051,1,132747530,134993250,7.399205348802868e-09,0.00012081267249237732,0.0,cis
Nudcd1,15.0,44206775.0,rs4230714,15,44206758,44717039,7.414255043148595e-09,0.00012099525082190539,0.0,cis
Adpgk,9.0,59139379.0,rs3708863,9,57418928,58508897,7.4300544681264846e-09,0.00012118986744701485,630482.0,cis
Parvg,15.0,84155150.0,rs13482681,15,83867917,84968203,7.46348096412373e-09,0.00012167164241884895,0.0,cis
Pcdhb8,18.0,37514925.0,rs8255038,18,34420259,36214168,7.467522292658975e-09,0.00012167412026540044,1300757.0,cis
Ush1c,7.0,53450720.0,rs3719256,7,51794017,52261292,7.507384075909044e-09,0.00012222975045010886,1189428.0,cis
Neu2,1.0,89340227.0,rs13475954,1,82901014,83335506,7.509437250063793e-09,0.00012222975045010886,6004721.0,trans
Ccl17,8.0,97334353.0,rs4227313,8,93635988,98167503,7.521405059430725e-09,0.00012236088500460922,0.0,cis
Mia2,12.0,60196787.0,rs3664781,12,60476553,65488803,7.530109835321982e-09,0.0001224388266493063,279766.0,cis
Npl,1.0,155350145.0,rs3693161,1,162215219,163901483,7.564045832794759e-09,0.00012292673131390107,6865074.0,trans
Fancc,13.0,63406017.0,rs4229817,13,66981471,67600532,7.59408734492553e-09,0.00012335087114572594,3575454.0,trans
Cdk5rap1,2.0,154161116.0,rs13476805,2,139549796,147753900,7.601324078472542e-09,0.00012340434464548137,6407216.0,trans
Tmem87b,2.0,128644047.0,rs6411422,2,128199226,129125488,7.648655132703587e-09,0.00012410833973528794,0.0,cis
Ermard,17.0,15190178.0,CEL-17_21879142,17,23322637,26350810,7.65550522092081e-09,0.00012415509460058415,8132459.0,trans
Josd2,7.0,51723426.0,gnf07.032.889,7,48180543,51065291,7.65995730956183e-09,0.00012416293100019096,658135.0,cis
Snrpe,1.0,135500448.0,rs6302966,1,122017245,122817184,7.674327316572395e-09,0.00012433143904231348,12683264.0,trans
Cox5b,13.0,21592793.0,rs13475808,1,35595390,35604986,7.782901570148978e-09,0.0001259356107415297,,trans
Il17d,14.0,58143744.0,rs13482205,14,59823960,59956945,7.783195517975773e-09,0.0001259356107415297,1680216.0,cis
Tnni1,1.0,137696016.0,D1Mit91,1,128355210,128413910,7.785421079297686e-09,0.0001259356107415297,9282106.0,trans
Kifap3,1.0,165709724.0,UT_1_169.988189,1,168323143,169017891,7.819491680957647e-09,0.0001264213630199981,2613419.0,trans
Trim12a,7.0,111392519.0,rs13479451,7,114512549,114512549,7.82824684480781e-09,0.00012649753842578634,3120030.0,trans
Nlrp1c-ps,11.0,71055932.0,rs3677986,11,67961048,68740438,7.840243580766776e-09,0.00012662598907171532,2315494.0,trans
Nlrp1c-ps,11.0,71055932.0,rs6217738,11,72486318,72978471,7.846623374952855e-09,0.00012666363601996923,1430386.0,cis
Nhp2,11.0,51433275.0,rs6173994,11,52342339,53868159,7.856282400827272e-09,0.0001267337968530794,909064.0,cis
Htr5b,1.0,123406335.0,mCV24201027,1,117626780,121957699,7.859071869890936e-09,0.0001267337968530794,1448636.0,cis
Dapp1,3.0,137594569.0,UT_3_141.310761,3,137054608,137879711,7.889514622715164e-09,0.00012709368608377643,0.0,cis
Dapp1,3.0,137594569.0,rs13477412,3,132350866,133905167,7.889514622715164e-09,0.00012709368608377643,3689402.0,trans
Lgr6,1.0,136882930.0,gnf01.132.831,1,135115364,135695643,7.894380310737421e-09,0.00012710661697509201,1187287.0,cis
Larp1,11.0,57873979.0,D11Mit349,11,55602850,55602850,7.905314518208276e-09,0.00012721719291774463,2271129.0,trans
Mks1,11.0,87666727.0,rs13481128,11,83521936,87177234,7.914518411279387e-09,0.00012729982418833484,489493.0,cis
Ndufc2,7.0,104548587.0,rs13479441,7,111297536,111297536,7.92812346761964e-09,0.00012745312397466205,6748949.0,trans
Rufy4,1.0,74172115.0,rs13475921,1,73464731,76386670,7.94685104726836e-09,0.00012765752401366798,0.0,cis
Prss41,17.0,23973752.0,rs13482947,17,31769796,31769796,7.948999204854297e-09,0.00012765752401366798,7796044.0,trans
Pgpep1,8.0,73172976.0,rs3722665,8,75068927,77417178,7.99444896331692e-09,0.00012832155418833187,1895951.0,cis
Gm15446,5.0,110369445.0,rs6331425,5,112371951,113588568,8.005587556448295e-09,0.00012840511879486173,2002506.0,trans
Coq2,5.0,101083740.0,rs13478398,5,94154652,97939375,8.007864032957093e-09,0.00012840511879486173,3144365.0,trans
Spock1,13.0,57522556.0,rs13481830,13,58543182,58825897,8.029247753872544e-09,0.00012868204717087362,1020626.0,cis
Gm13304,4.0,42786392.0,rs13477678,4,45502303,45717875,8.055627429361863e-09,0.0001290387194362613,2715911.0,trans
Serpina3n,12.0,105644939.0,rs13481620,12,104269892,104269892,8.089029653163085e-09,0.0001295014783909307,1375047.0,cis
Olfr1191-ps1,2.0,88482905.0,rs13476716,2,115487885,116411066,8.094397191943715e-09,0.0001295014783909307,27004980.0,trans
Mcmdc2,1.0,9898719.0,rs6291839,1,14787218,15801732,8.098002766276445e-09,0.0001295014783909307,4888499.0,trans
Wscd1,11.0,71564205.0,rs13481070,11,64909099,67090601,8.101074688710386e-09,0.0001295014783909307,4473604.0,trans
Zfp932,5.0,110436056.0,rs3677428,5,107349228,107412225,8.119682307659061e-09,0.00012973264291021053,3023831.0,trans
Sgcg,14.0,61839896.0,rs13482235,14,68529236,69379833,8.151987221894157e-09,0.00013018230895413426,6689340.0,trans
Gsr,8.0,34763710.0,gnf08.023.320,8,25963094,25963094,8.207290336855451e-09,0.00013099859613956196,8800616.0,trans
Gm3893,4.0,41960598.0,rs6232550,4,40972607,40972607,8.225041622864226e-09,0.0001312149823975518,987991.0,cis
Mgat3,15.0,80004151.0,rs6342608,15,77990182,78589640,8.251319684700758e-09,0.0001315460949419212,1414511.0,cis
Hfm1,5.0,107330908.0,rs13478446,5,107623394,108406052,8.254206772710644e-09,0.0001315460949419212,292486.0,cis
Gm26499,7.0,66632952.0,rs13479238,7,56717300,62761533,8.361243246877016e-09,0.00013313844151366638,3871419.0,trans
Fbxo44,4.0,147526910.0,rs6316136,4,142959727,144118897,8.362634346412688e-09,0.00013313844151366638,3408013.0,trans
Dnajc2,5.0,21261115.0,gnf05.017.151,5,22716675,23652258,8.37072632020699e-09,0.0001331994848701761,1455560.0,cis
Usmg5,19.0,47157954.0,rs13483649,19,47218629,47938807,8.383041657042244e-09,0.00013332763641018088,60675.0,cis
C530030P08Rik,11.0,32625889.0,rs3707185,11,19879676,20329768,8.389007480003346e-09,0.00013335472352579713,12296121.0,trans
Alox15,11.0,70157649.0,UT_11_68.607315,11,68849650,69141399,8.410221025812818e-09,0.00013350464573623423,1016250.0,cis
Alox15,11.0,70157649.0,rs3715924,11,67192419,67351936,8.410221025812818e-09,0.00013350464573623423,2805713.0,trans
2310030G06Rik,9.0,50547796.0,rs3710199,9,47423231,47592920,8.411241204098654e-09,0.00013350464573623423,2954876.0,trans
1700030K09Rik,8.0,74967825.0,rs4227253,8,77650955,77650955,8.433673807588677e-09,0.00013379281914077044,2683130.0,trans
S100a10,3.0,93359039.0,rs13477251,3,88658602,90219227,8.493943673276549e-09,0.0001346806510877813,3139812.0,trans
Mtrr,13.0,68699657.0,rs4229817,13,66981471,67600532,8.517382840344647e-09,0.00013490727534483732,1099125.0,cis
Hist1h4c,13.0,23790007.0,D13Mit115,13,20587899,20587899,8.52117325493635e-09,0.00013490727534483732,3202108.0,trans
Hist1h4c,13.0,23790007.0,rs13481727,13,22255951,23956641,8.52117325493635e-09,0.00013490727534483732,0.0,cis
Cbx7,15.0,79746237.0,CEL-15_73825145,15,73370669,74082232,8.55392272707478e-09,0.00013532300863145757,5664005.0,trans
Nnmt,9.0,48399982.0,gnf09.042.496,9,48017410,49071871,8.556083540889279e-09,0.00013532300863145757,0.0,cis
Cdk5rap1,2.0,154161116.0,rs3675388,2,152495773,153967020,8.577242276532308e-09,0.00013558910658523568,194096.0,cis
Mcm6,1.0,130228167.0,rs13476138,1,141417668,141417668,8.61079868164833e-09,0.0001360508192189019,11189501.0,trans
Fcho1,8.0,74232535.0,UT_6_76.003706,8,77908172,78222251,8.665357560812664e-09,0.00013684373777834993,3675637.0,trans
Cyp2r1,7.0,121693678.0,rs13479471,7,122276142,122338369,8.701284403801197e-09,0.0001373417666738644,582464.0,cis
Miip,4.0,147234900.0,rs4224919,4,144563168,147520407,8.725784330513398e-09,0.00013765902086831081,0.0,cis
Vamp5,6.0,72318088.0,rs6378343,6,63773077,64613340,8.756927241661642e-09,0.00013803287857740902,7704748.0,trans
Rgsl1,1.0,155626517.0,rs6209248,1,160302634,160302634,8.758306517518767e-09,0.00013803287857740902,4676117.0,trans
1700012P22Rik,4.0,144008094.0,rs6316136,4,142959727,144118897,8.811822743029692e-09,0.00013880637866907705,0.0,cis
Cbx7,15.0,79746237.0,D15Mit105,15,72331040,73220024,8.856457912155325e-09,0.00013943927363911984,6526213.0,trans
Tnfaip6,2.0,51893633.0,rs6265423,2,47020131,48251340,8.864501892244183e-09,0.00013949571678272338,3642293.0,trans
Mks1,11.0,87666727.0,rs3659504,11,88522934,89402038,8.878182675364944e-09,0.00013964076179613874,856207.0,cis
Rpsa-ps10,10.0,128213798.0,gnf12.035.312,12,37595107,39358621,8.908962811224262e-09,0.00014004155900604326,,trans
Gpnmb,6.0,48986624.0,rs3669453,6,48929304,49078509,8.912617759896918e-09,0.00014004155900604326,0.0,cis
Mut,17.0,41071656.0,rs3709304,17,43560114,43560114,8.923196708915774e-09,0.00014007201777731167,2488458.0,trans
Snap23,2.0,120393407.0,rs13476784,2,134345046,135758395,8.923511090291266e-09,0.00014007201777731167,13951639.0,trans
Gabrb2,11.0,42233259.0,rs13481014,11,47930884,47930884,8.958545180310067e-09,0.00014055142402903632,5697625.0,trans
Nxpe4,9.0,47970106.0,rs13480191,9,50964758,50964758,8.97362059650566e-09,0.000140591662906931,2994652.0,trans
C630016N16Rik,7.0,31514598.0,CEL-7_20141278,7,31950331,35185656,8.974213816274921e-09,0.000140591662906931,435733.0,cis
Rsg1,4.0,140770276.0,rs13478021,4,140166294,140166294,8.974592059644114e-09,0.000140591662906931,603982.0,cis
Rwdd3,3.0,120858783.0,rs3670168,3,127995452,128958446,9.008812915791933e-09,0.00014105711594746193,7136669.0,trans
Kif17,4.0,137818166.0,rs3664871,4,132410010,133808951,9.023446669662158e-09,0.00014114496034612885,4009215.0,trans
Kif17,4.0,137818166.0,rs3663950,4,135285446,135525152,9.023446669662158e-09,0.00014114496034612885,2293014.0,trans
LOC102639749,7.0,66641451.0,D7Mit199,7,73078958,73078958,9.039852790270574e-09,0.00014133091980212542,6437507.0,trans
Pink1,4.0,137869324.0,rs6234904,4,138152372,139225623,9.061669499707955e-09,0.00014160124149133899,283048.0,cis
Ndufs2,1.0,173164984.0,rs13476241,1,174792335,175262195,9.076798505654803e-09,0.00014176684073072198,1627351.0,cis
LOC102639749,7.0,66641451.0,rs6345670,7,70840460,72948115,9.110062389055534e-09,0.00014214444431026593,4199009.0,trans
LOC102639749,7.0,66641451.0,rs4226649,7,73194873,73194873,9.110062389055534e-09,0.00014214444431026593,6553422.0,trans
Mxra7,11.0,116664718.0,rs13481254,11,117410376,118205264,9.140625964170449e-09,0.00014249548788097306,745658.0,cis
Dnah7a,1.0,53453853.0,D1Mit375,1,43500860,43515733,9.141670619494453e-09,0.00014249548788097306,9938120.0,trans
Gm13033,4.0,132440462.0,CEL-4_130248229,4,131555157,131555157,9.14893984286473e-09,0.00014253777634233713,885305.0,cis
Alad,4.0,62170202.0,rs13477694,4,49601465,49601465,9.216180846705697e-09,0.00014347306347103786,12568737.0,trans
Dap3,3.0,88724725.0,UT_3_93.299511,3,90413739,95488017,9.218144532097481e-09,0.00014347306347103786,1689014.0,cis
Gprc5b,7.0,126115561.0,rs13479476,7,124032278,124032278,9.223411070043758e-09,0.0001434836480319036,2083283.0,trans
Ndufc2,7.0,104548587.0,rs4226783,7,100081465,102651418,9.231668491749156e-09,0.00014354072651721236,1897169.0,cis
Rpa3,6.0,8205936.0,rs13478632,6,11712185,12417050,9.242882048906421e-09,0.00014364368961279817,3506249.0,trans
Rpl3,15.0,79908225.0,CEL-15_73825145,15,73370669,74082232,9.33177941841584e-09,0.00014495323564427722,5825993.0,trans
Gm26467,7.0,66837433.0,D7Mit199,7,73078958,73078958,9.342470148292994e-09,0.00014504727834879644,6241525.0,trans
Tm2d3,7.0,72836055.0,rs13479276,7,65717523,66413236,9.353737960798231e-09,0.00014515018285593157,6422819.0,trans
Ccdc42,11.0,68400717.0,UT_11_68.607315,11,68849650,69141399,9.473026638385179e-09,0.0001468556001558312,448933.0,cis
Ccdc42,11.0,68400717.0,rs3715924,11,67192419,67351936,9.473026638385179e-09,0.0001468556001558312,1048781.0,cis
LOC102639749,7.0,66641451.0,rs3693478,7,67179979,70463288,9.488707333715522e-09,0.00014702583294130448,538528.0,cis
Rps18,17.0,34088944.0,CEL-17_21879142,17,23322637,26350810,9.595455604601055e-09,0.0001485548294355986,7738134.0,trans
Mrpl3,9.0,104955598.0,rs13480387,9,103827403,105541853,9.596882394602819e-09,0.0001485548294355986,0.0,cis
Ncaph,2.0,126929562.0,rs3708635,2,125704535,127840968,9.690888948162454e-09,0.00014993581386508694,0.0,cis
Med8,4.0,118081942.0,rs3664637,4,108237103,110787831,9.74465593568523e-09,0.00015069316092246652,7294111.0,trans
1500011K16Rik,2.0,127617124.0,rs3708635,2,125704535,127840968,9.76914295817936e-09,0.00015094821357732987,0.0,cis
Lypd1,1.0,127768620.0,gnf01.126.387,1,128625711,129064813,9.780063508264037e-09,0.00015094821357732987,857091.0,cis
Lypd1,1.0,127768620.0,gnf01.127.292,1,129548234,130226591,9.780063508264037e-09,0.00015094821357732987,1779614.0,cis
Parvg,15.0,84155150.0,rs13482687,15,85776069,86099724,9.780449399711522e-09,0.00015094821357732987,1620919.0,cis
Chpt1,10.0,87936058.0,rs6191721,10,91382291,92120896,9.804096345753355e-09,0.00015123856068490133,3446233.0,trans
Spsb3,17.0,25023656.0,rs13482930,17,26950947,27588409,9.825241165603704e-09,0.00015149004267414485,1927291.0,cis
Tldc2,2.0,156888628.0,rs13476784,2,134345046,135758395,9.883962270867126e-09,0.00015232035977540476,21130233.0,trans
Btbd9,17.0,30357025.0,rs13482930,17,26950947,27588409,9.929012087631555e-09,0.00015293927665387572,2768616.0,trans
Hhipl1,12.0,109544480.0,rs13481636,12,108786162,110330976,9.939473669250905e-09,0.00015302507454952464,0.0,cis
Gm13152,4.0,146881712.0,rs3675987,4,147659225,148197078,9.96579990378003e-09,0.0001533549152074029,777513.0,cis
Rps18,17.0,34088944.0,rs13482942,17,30022647,31061912,1.0016559646252874e-08,0.00015406023241647918,3027032.0,trans
Trim21,7.0,109706438.0,D7Mit323,7,108024450,108024450,1.0048775869751286e-08,0.00015447978700392593,1681988.0,cis
Rabl2,15.0,89412964.0,rs4230970,15,89413298,89873514,1.0085146145139025e-08,0.0001549627583110275,334.0,cis
9330101J02Rik,7.0,146824799.0,rs13479559,7,146654035,146866297,1.010857923494673e-08,0.00015524656739357797,0.0,cis
Tnfaip6,2.0,51893633.0,rs3711308,2,46084534,46848832,1.0129714281187192e-08,0.00015549482214892885,5044801.0,trans
AW146154,7.0,48654748.0,gnf07.032.889,7,48180543,51065291,1.0138110782652277e-08,0.00015554738797331528,0.0,cis
Tnnt2,1.0,137732931.0,rs13476163,1,148717645,153539523,1.0220956923037166e-08,0.0001567416110511339,10984714.0,trans
Slc22a6,19.0,8692529.0,rs13483513,19,7347679,8631925,1.0252526770145476e-08,0.0001571124808788478,60604.0,cis
Senp3,11.0,69486612.0,rs13481099,11,73923769,75078947,1.0255185213402613e-08,0.0001571124808788478,4437157.0,trans
Rps15a,7.0,125247888.0,rs13479483,7,125869548,125869548,1.0284565562177644e-08,0.00015746492327918358,621660.0,cis
Slc35f5,1.0,127457600.0,rs13476036,1,108755358,110723533,1.0288256933986456e-08,0.00015746492327918358,16734067.0,trans
Prss41,17.0,23973752.0,rs13482942,17,30022647,31061912,1.0299258317469462e-08,0.00015755622052303044,6048895.0,trans
2810001A02Rik,15.0,86044462.0,rs4230970,15,89413298,89873514,1.0485588818206247e-08,0.0001603175914244839,3368836.0,trans
Eqtn,4.0,94573984.0,CEL-4_95227224,4,96563640,96653621,1.0490014931122353e-08,0.0001603175914244839,1989656.0,cis
Creg1,1.0,167693911.0,rs4222799,1,169153243,169907834,1.0504289945068096e-08,0.0001604573680853749,1459332.0,cis
Pot1b,17.0,55791323.0,mCV22888090,17,63948053,64061791,1.0520288808924786e-08,0.00016059246044120883,8156730.0,trans
Psmd6,14.0,14944698.0,rs3689508,14,10592844,10651879,1.0523400454803003e-08,0.00016059246044120883,4292819.0,trans
Ulk4,9.0,120869386.0,rs8254361,9,119247088,120169737,1.0542911601578547e-08,0.00016076064566295675,699649.0,cis
Snrpe,1.0,135500448.0,gnf01.127.292,1,129548234,130226591,1.0549837624776866e-08,0.00016076064566295675,5273857.0,trans
Snrpe,1.0,135500448.0,gnf01.126.387,1,128625711,129064813,1.0549837624776866e-08,0.00016076064566295675,6435635.0,trans
Armcx1,20.0,131252509.0,rs13484015,20,132663401,132751197,1.062485054059893e-08,0.00016182488464226962,1410892.0,cis
Zfp82,7.0,30841055.0,rs4226520,7,30566471,31205553,1.0636756384055367e-08,0.0001619273849195045,0.0,cis
Fbxw10,11.0,62660571.0,mCV24123456,11,62065414,62718145,1.0738970100741625e-08,0.00016340390789116034,0.0,cis
Adal,2.0,120966172.0,rs13476723,2,117118532,118639998,1.0753572245074492e-08,0.0001635465477779454,2326174.0,trans
Kptn,7.0,16705244.0,rs3675839,7,16621522,17545980,1.0792283440770402e-08,0.00016405553527993174,0.0,cis
Gm7276,18.0,77423008.0,D18Mit80,18,77065228,77065228,1.085852222742655e-08,0.0001649822772485841,357780.0,cis
8430419L09Rik,6.0,135148070.0,rs3682699,6,138384999,139010268,1.0906884527817858e-08,0.0001656366394587098,3236929.0,trans
Naaa,5.0,92687119.0,rs13478413,5,99431953,100477633,1.091892200668955e-08,0.0001656661607316925,6744834.0,trans
Trmt61a,12.0,112916354.0,rs13481650,12,112426349,113741491,1.0919419547866343e-08,0.0001656661607316925,0.0,cis
Adi1,12.0,29360072.0,rs6238712,12,28507708,29676794,1.0975948238034231e-08,0.00016644307783435862,0.0,cis
Rmdn3,2.0,118962737.0,UT_2_119.151187,2,118706767,121192484,1.1004212047328262e-08,0.00016672953232871841,0.0,cis
Scg5,2.0,113616524.0,UT_2_119.151187,2,118706767,121192484,1.1005497315110826e-08,0.00016672953232871841,5090243.0,trans
1700001O22Rik,2.0,30651083.0,mCV23574676,2,26733408,26733408,1.104909933367483e-08,0.0001673090667053498,3917675.0,trans
Rnf169,7.0,107068767.0,rs13459173,7,112784815,114369537,1.1062870085838135e-08,0.00016740258599556585,5716048.0,trans
Ogg1,6.0,113276996.0,rs13478923,6,98959904,98959904,1.1065977458249173e-08,0.00016740258599556585,14317092.0,trans
Pold3,7.0,107230621.0,D7Mit323,7,108024450,108024450,1.1138691659426762e-08,0.0001684211417367439,793829.0,cis
Sord,2.0,122060560.0,rs13476740,2,121412769,122144319,1.1150547238438883e-08,0.00016851895301086715,0.0,cis
5830417I10Rik,3.0,88615559.0,rs3698196,3,85931836,87487048,1.1165834335179732e-08,0.0001686685055384559,1128511.0,cis
Cd59b,2.0,103910023.0,rs6323360,2,106438339,106731368,1.117952793137133e-08,0.0001687938542776571,2528316.0,trans
Gm10654,8.0,73455693.0,UT_6_76.003706,8,77908172,78222251,1.1193323173741024e-08,0.00016892061604446704,4452479.0,trans
Ctse,1.0,133534891.0,D1Mit218,1,129336687,129336687,1.1219790990224484e-08,0.0001692384076415469,4198204.0,trans
Kif17,4.0,137818166.0,D4Mit343,4,142301240,142301240,1.1227633200779979e-08,0.00016927508121654367,4483074.0,trans
Gabbr1,17.0,37182911.0,rs13482947,17,31769796,31769796,1.1256691075268503e-08,0.00016963142649638213,5413115.0,trans
Rnf150,8.0,85387255.0,rs3698182,8,86111850,88831890,1.1280259177065301e-08,0.00016990474096640975,724595.0,cis
Ppp1r3e,14.0,55495156.0,rs3707560,14,55368949,56009748,1.131774910076972e-08,0.0001703873837752351,0.0,cis
Hist1h4c,13.0,23790007.0,rs13481721,13,20656484,21871443,1.1355401503797089e-08,0.00017078985720829677,1918564.0,cis
Hist1h4c,13.0,23790007.0,rs3676630,13,20529561,20529561,1.1355401503797089e-08,0.00017078985720829677,3260446.0,trans
Rab5a,17.0,53618559.0,D17Mit274,17,53677833,53677833,1.1407544670947178e-08,0.0001714916637352073,59274.0,cis
Trav15n-1,14.0,53793956.0,rs3666583,14,52760254,54864244,1.1445922040468617e-08,0.00017198595178983386,0.0,cis
Cdk5rap1,2.0,154161116.0,rs6265656,2,156689630,158441351,1.1520196547817465e-08,0.00017287172549389763,2528514.0,trans
Arhgef19,4.0,140798799.0,rs13478024,4,140884373,142095184,1.1521449228618846e-08,0.00017287172549389763,85574.0,cis
Arhgef19,4.0,140798799.0,rs3718552,4,142466392,142466392,1.1521449228618846e-08,0.00017287172549389763,1667593.0,cis
Tnnt2,1.0,137732931.0,rs6302966,1,122017245,122817184,1.1640640989090877e-08,0.00017457638934429746,14915747.0,trans
Klc1,12.0,112997090.0,CEL-12_104545022,12,111035058,111535845,1.1691809016048584e-08,0.000175242595769108,1461245.0,cis
Tldc2,2.0,156888628.0,rs13476805,2,139549796,147753900,1.1699525714411592e-08,0.000175242595769108,9134728.0,trans
Mfsd4,1.0,133919383.0,gnf01.132.831,1,135115364,135695643,1.1701868184238913e-08,0.000175242595769108,1195981.0,cis
Spint1,2.0,119063141.0,rs3708635,2,125704535,127840968,1.178754068643028e-08,0.00017644113160820881,6641394.0,trans
Cryz,3.0,154260163.0,rs3716135,3,153986406,154631655,1.1809429249147712e-08,0.00017668423140319582,0.0,cis
Rcbtb2,14.0,73542352.0,rs13482251,14,73363689,73375489,1.1864772791628568e-08,0.00017739735835921362,166863.0,cis
Kif17,4.0,137818166.0,rs13478024,4,140884373,142095184,1.1874105683267226e-08,0.00017739735835921362,3066207.0,trans
Kif17,4.0,137818166.0,rs3718552,4,142466392,142466392,1.1874105683267226e-08,0.00017739735835921362,4648226.0,trans
Cpsf3l,4.0,155243676.0,rs3720634,4,155281703,155384694,1.1893510397113375e-08,0.00017759891387899811,38027.0,cis
Tm4sf5,11.0,70318779.0,rs13481070,11,64909099,67090601,1.1898950777990162e-08,0.00017759891387899811,3228178.0,trans
Hpcal1,12.0,17697620.0,rs6180964,12,16835276,26476092,1.1910289675236777e-08,0.0001776484294286566,0.0,cis
Ankrd45,1.0,163072871.0,rs13476208,1,163955813,164935095,1.191362539683395e-08,0.0001776484294286566,882942.0,cis
Snord118,12.0,13170434.0,rs3715924,11,67192419,67351936,1.1947755901323058e-08,0.00017798768819702953,,trans
Snord118,12.0,13170434.0,UT_11_68.607315,11,68849650,69141399,1.1947755901323058e-08,0.00017798768819702953,,trans
Sfr1,19.0,47785109.0,rs3023496,19,48212356,48212356,1.1978878548263147e-08,0.0001783663910196466,427247.0,cis
Scn9a,2.0,66320634.0,rs13476553,2,66805957,67516465,1.199112133892372e-08,0.00017846374479470563,485323.0,cis
Plvap,8.0,74021664.0,rs4227253,8,77650955,77650955,1.2025742212122105e-08,0.00017889390040331417,3629291.0,trans
Ackr1,1.0,175261942.0,rs8242766,1,172981863,174164127,1.2059114596193584e-08,0.0001793050835297488,1097815.0,cis
Dennd1b,1.0,140860363.0,gnf01.132.831,1,135115364,135695643,1.2080942298921997e-08,0.00017954430147402447,5164720.0,trans
Ccnb1ip1,14.0,51409488.0,rs3666583,14,52760254,54864244,1.209729172305417e-08,0.00017970191393136081,1350766.0,cis
Txndc9,1.0,38040712.0,UT_1_38.719268,1,38079088,38093585,1.2109272446256236e-08,0.00017979451173954087,38376.0,cis
Hjurp,1.0,90155662.0,D1Mit1,1,11505583,11505583,1.2124787149463941e-08,0.00017988626690592868,78650079.0,trans
5830417I10Rik,3.0,88615559.0,rs6243021,3,84948288,85493836,1.2126952405855803e-08,0.00017988626690592868,3121723.0,trans
Fut10,8.0,32297804.0,CEL-8_25677705,8,28002388,28727629,1.2134924186212449e-08,0.00017991920684738523,3570175.0,trans
Dthd1,5.0,63209761.0,CEL-5_56325748,5,58079467,58761467,1.2188447076883354e-08,0.00018058723110348337,4448294.0,trans
Zkscan16,4.0,58958999.0,rs3712541,4,59848202,59848202,1.2191525101662261e-08,0.00018058723110348337,889203.0,cis
Klhdc9,1.0,173288580.0,rs13476241,1,174792335,175262195,1.2251702094277203e-08,0.0001813927174139443,1503755.0,cis
Arnt2,7.0,91394788.0,rs13479374,7,91031062,91596873,1.2258788044378236e-08,0.0001814117734553353,0.0,cis
LOC102637749,17.0,42864122.0,rs13482864,17,9565936,10166446,1.2332388001638501e-08,0.00018241465415276924,32697676.0,trans
Bloc1s6,2.0,122564241.0,UT_2_119.151187,2,118706767,121192484,1.2370021824838026e-08,0.00018283949333297033,1371757.0,cis
Rnf169,7.0,107068767.0,rs3662937,7,111381490,112061872,1.237279881847438e-08,0.00018283949333297033,4312723.0,trans
Abca3,17.0,24488991.0,gnf17.005.541,17,8688392,9032964,1.2456146197831173e-08,0.0001839842543133501,15456027.0,trans
Stard4,18.0,33361075.0,CEL-18_32012884,18,31715893,31860937,1.249688712860907e-08,0.00018449891070703827,1500138.0,cis
Ublcp1,11.0,44268075.0,rs13481014,11,47930884,47930884,1.2536560940250733e-08,0.0001849973344983996,3662809.0,trans
Thoc7,14.0,14781528.0,rs3710916,14,8852064,10238923,1.2557931273734766e-08,0.00018516279606715892,4542605.0,trans
Iglon5,7.0,50728277.0,rs3668040,7,47556868,47652851,1.2559611159455246e-08,0.00018516279606715892,3075426.0,trans
AI504432,3.0,106842422.0,rs13477308,3,104918494,106767998,1.2571604745186638e-08,0.00018525231330298496,74424.0,cis
Ndufc2,7.0,104548587.0,rs3662937,7,111381490,112061872,1.258566815142212e-08,0.0001853616079842666,6832903.0,trans
Ppp1r12b,1.0,136646075.0,rs6302966,1,122017245,122817184,1.2590871940495374e-08,0.0001853616079842666,13828891.0,trans
Trim3,7.0,112758984.0,rs3662937,7,111381490,112061872,1.2623547627902608e-08,0.00018575394163345077,697112.0,cis
Tmco6,18.0,36894722.0,rs13483299,18,36279726,37850372,1.2629396909029918e-08,0.00018575394163345077,0.0,cis
Mrpl55,11.0,59015994.0,rs3023260,11,57088038,57644775,1.2695295070198804e-08,0.00018663542996225215,1371219.0,cis
Ndufc2,7.0,104548587.0,rs3724540,7,114542346,114746367,1.2784178820362834e-08,0.00018785384607254891,9993759.0,trans
Wrn,8.0,34344845.0,D8Mit189,8,35339349,35339349,1.280844318652772e-08,0.00018812203090878864,994504.0,cis
Tmem18,12.0,31269336.0,rs13481392,12,36311421,36628918,1.2889439355648696e-08,0.00018922281263084194,5042085.0,trans
Chmp4b,2.0,154482780.0,rs6265656,2,156689630,158441351,1.2925685836988996e-08,0.00018966592415849544,2206850.0,trans
Trim30d,7.0,111620222.0,rs3699086,7,103251219,103381987,1.2997234949271403e-08,0.00019052173023704323,8238235.0,trans
Ddx59,1.0,138311848.0,rs13476163,1,148717645,153539523,1.2998734348874444e-08,0.00019052173023704323,10405797.0,trans
Abca3,17.0,24488991.0,rs13482868,17,10586984,11481618,1.3002278990898021e-08,0.00019052173023704323,13007373.0,trans
5830403L16Rik,1.0,155696672.0,rs6267646,1,154395967,154628105,1.3090565712556527e-08,0.00019172558984908295,1068567.0,cis
Rwdd3,3.0,120858783.0,rs3691246,3,122177061,123077046,1.313880793688916e-08,0.00019234210195732596,1318278.0,cis
Nmnat2,1.0,154802231.0,rs3653666,1,160477203,161687298,1.3186950508193434e-08,0.00019295657918524172,5674972.0,trans
Gng2,14.0,20691781.0,rs13482054,14,11312993,19569109,1.320458639656197e-08,0.00019312430492801258,1122672.0,cis
Fancl,11.0,26287084.0,rs3714397,11,8736728,10903789,1.326683175502784e-08,0.00019394400696194002,15383295.0,trans
Fpr2,17.0,18024788.0,gnf17.005.541,17,8688392,9032964,1.3300626791480107e-08,0.0001943472304406801,8991824.0,trans
6330403K07Rik,11.0,70845443.0,rs3695202,11,64515287,64515287,1.3374176670621082e-08,0.00019533069942849523,6330156.0,trans
Wdr49,3.0,75200790.0,rs13477204,3,75866499,81433732,1.3392371647734091e-08,0.00019550516597144615,665709.0,cis
Klhl7,5.0,23606423.0,rs6260804,5,24008816,24391317,1.3408597260587737e-08,0.00019565073390657685,402393.0,cis
Acp1,12.0,31578191.0,rs13481357,12,27578331,28255508,1.3461771881715748e-08,0.00019633505398093337,3322683.0,trans
Pnpla3,15.0,83998258.0,rs13482693,15,87908143,88048035,1.3596699821534679e-08,0.00019818949309663612,3909885.0,trans
D17H6S56E-5,17.0,35133669.0,rs13459110,9,71331038,72952359,1.3601592379658237e-08,0.00019818949309663612,,trans
Rnf150,8.0,85387255.0,rs6293022,8,74935354,74935354,1.3635775339918087e-08,0.00019859507587507592,10451901.0,trans
Usf1,1.0,173341515.0,rs13476241,1,174792335,175262195,1.3719936813789939e-08,0.00019972784290353554,1450820.0,cis
Nsdhl,20.0,70163860.0,rs13483824,20,71121918,76792464,1.3775218926711721e-08,0.00020043934072712564,958058.0,cis
Haus7,20.0,70682652.0,rs13483769,20,55907642,56198835,1.3788435153612915e-08,0.00020053837267022012,14483817.0,trans
Nmnat2,1.0,154802231.0,rs3693161,1,162215219,163901483,1.3809991387606761e-08,0.00020075855289474617,7412988.0,trans
Lsm12,11.0,102023815.0,mCV22971719,11,101112194,101318783,1.392157648193097e-08,0.0002021611517905749,705032.0,cis
Tarsl2,7.0,72789800.0,rs4226649,7,73194873,73194873,1.3928298322654793e-08,0.0002021611517905749,405073.0,cis
Tarsl2,7.0,72789800.0,rs6345670,7,70840460,72948115,1.3928298322654793e-08,0.0002021611517905749,0.0,cis
Got1l1,8.0,28307931.0,rs13479673,8,30344779,31698372,1.3932323308196117e-08,0.0002021611517905749,2036848.0,trans
Pibf1,14.0,99498652.0,rs3688189,14,96963866,100005238,1.3990734135635984e-08,0.0002029145898344953,0.0,cis
Spint1,2.0,119063141.0,rs13476716,2,115487885,116411066,1.4056518663455358e-08,0.00020377422449832988,2652075.0,trans
Ndufc2,7.0,104548587.0,rs13459173,7,112784815,114369537,1.4120480336102348e-08,0.0002046066495491993,8236228.0,trans
Lrrc61,6.0,48504951.0,rs13478751,6,50804368,51147309,1.4187099030493305e-08,0.00020547678642430926,2299417.0,trans
Srd5a1,13.0,69712327.0,rs13481861,13,68711508,69092648,1.4255707939882298e-08,0.00020637492964083436,619679.0,cis
Ublcp1,11.0,44268075.0,rs6267501,11,36616453,38777269,1.4305315142493986e-08,0.00020699728814166442,5490806.0,trans
Ppp1r3e,14.0,55495156.0,D14Mit63,14,56051955,56051955,1.4318868261533544e-08,0.00020709761135541166,556799.0,cis
Tmco6,18.0,36894722.0,rs13483308,18,38428527,38428527,1.436394758713458e-08,0.0002076536030764821,1533805.0,cis
Ptcd3,6.0,71830628.0,mhcCD8b4,6,71278246,75834707,1.441324647456097e-08,0.00020827005345011696,0.0,cis
Lonrf1,8.0,37280497.0,rs13479734,8,45708317,45708317,1.4436032019777776e-08,0.000208502996197692,8427820.0,trans
Cbx7,15.0,79746237.0,rs13482637,15,70331556,70822236,1.4469043789019081e-08,0.00020888335554761754,8924001.0,trans
Trappc12,12.0,29375877.0,rs6238712,12,28507708,29676794,1.4512353173084557e-08,0.00020941195767298118,0.0,cis
Unc45a,7.0,87470178.0,rs3684222,7,89628585,89628585,1.4579500452915229e-08,0.000210256122750365,2158407.0,trans
Pyroxd2,19.0,42801409.0,rs6396860,19,41969694,42487227,1.45842959816736e-08,0.000210256122750365,314182.0,cis
Ica1,6.0,8580527.0,rs13478602,6,3797192,8298428,1.4664340486454253e-08,0.00021131271411234327,282099.0,cis
Mpg,11.0,32126511.0,gnf11.035.919,11,34953683,35696875,1.4758471589145736e-08,0.00021257122655825428,2827172.0,trans
Ang,14.0,51710792.0,rs6175724,14,46697706,47011325,1.479968258079377e-08,0.0002130667053119885,4699467.0,trans
Scpep1,11.0,88785334.0,rs13481150,11,89612737,89761882,1.4836261075425222e-08,0.00021348666739851708,827403.0,cis
Gm10478,12.0,20902100.0,rs3657682,12,15739388,16592330,1.4842501561076041e-08,0.00021348666739851708,4309770.0,trans
Pigz,16.0,31934040.0,rs4170474,16,32679563,33481261,1.4871677669402835e-08,0.0002138080185233323,745523.0,cis
Efnb3,11.0,69367607.0,UT_11_70.128831,11,70371167,72266233,1.4891715390529333e-08,0.0002139977534663425,1003560.0,cis
Abhd16a,17.0,35226236.0,rs3672987,17,33247165,35667114,1.49527496930147e-08,0.00021477617503340578,0.0,cis
Ogg1,6.0,113276996.0,rs13478951,6,105762437,110706035,1.501008295642876e-08,0.00021550074606366834,2570961.0,trans
Ccdc42,11.0,68400717.0,rs6217738,11,72486318,72978471,1.503300862849199e-08,0.00021573088690465155,4085601.0,trans
Trim21,7.0,109706438.0,rs3023151,7,103823533,107944155,1.517676673860186e-08,0.00021759425700352455,1762283.0,cis
Trim21,7.0,109706438.0,CEL-7_88290939,7,108094541,111033533,1.517676673860186e-08,0.00021759425700352455,0.0,cis
Dpp7,2.0,25207807.0,rs13459062,2,31027541,31290124,1.526410034707076e-08,0.00021874613715363155,5819734.0,trans
4930485B16Rik,10.0,92331442.0,rs6191721,10,91382291,92120896,1.536066172686349e-08,0.00022002914288170184,210546.0,cis
Fam20b,1.0,158608702.0,rs6267646,1,154395967,154628105,1.543792716993437e-08,0.00022103470193541263,3980597.0,trans
9030617O03Rik,12.0,102017316.0,rs8273308,12,105632191,105632191,1.5463505698409578e-08,0.00022129964482630712,3614875.0,trans
1500011K16Rik,2.0,127617124.0,rs8264884,2,130881868,131487026,1.553099523625526e-08,0.0002221638634644675,3264744.0,trans
Cep112,11.0,108295448.0,CEL-11_106337425,11,106527614,106839739,1.5538181746440742e-08,0.00022216507884461267,1455709.0,cis
Rcbtb2,14.0,73542352.0,D14Mit115,14,73244748,73244748,1.5560949472672962e-08,0.0002223889717253434,297604.0,cis
Me1,13.0,62915449.0,rs3700596,9,86198704,86456295,1.5606319611996108e-08,0.00022293553453533717,,trans
Kazn,4.0,141658306.0,rs13478021,4,140166294,140166294,1.563669608117044e-08,0.00022326751231919483,1492012.0,cis
Stard4,18.0,33361075.0,rs13483292,18,34134969,34134969,1.5663693863517133e-08,0.00022355096685957467,773894.0,cis
Mrps5,2.0,127413155.0,rs3708635,2,125704535,127840968,1.5733323094664508e-08,0.00022444231802386995,0.0,cis
Camk4,18.0,33098814.0,rs3666799,18,32047327,34074322,1.5870043779467405e-08,0.00022628950757469106,0.0,cis
Mrpl35,6.0,71762997.0,rs3706039,6,77051817,77471759,1.5965876714394e-08,0.0002274518896968743,5288820.0,trans
Pign,1.0,107417716.0,CEL-1_98681809,1,100689878,101469745,1.596610456890186e-08,0.0002274518896968743,5947971.0,trans
Rnf169,7.0,107068767.0,rs3658777,7,96762673,96762673,1.5996748607994817e-08,0.00022778471520388974,10306094.0,trans
Gm26467,7.0,66837433.0,rs4226649,7,73194873,73194873,1.6039695295383406e-08,0.00022818852453240475,6357440.0,trans
Gm26467,7.0,66837433.0,rs6345670,7,70840460,72948115,1.6039695295383406e-08,0.00022818852453240475,4003027.0,trans
Sft2d2,1.0,167104628.0,UT_1_169.988189,1,168323143,169017891,1.606936371031162e-08,0.0002285066879564179,1218515.0,cis
Tmem260,14.0,49066131.0,rs3666583,14,52760254,54864244,1.6203816199592364e-08,0.00023031391702116888,3694123.0,trans
Nomo1,7.0,53289099.0,rs13479226,7,52843651,53422379,1.6226709585081427e-08,0.0002305345727013298,0.0,cis
Cox5b,13.0,21592793.0,mCV25004024,1,38451547,38607247,1.628891294288155e-08,0.0002312988985730271,,trans
Lonrf1,8.0,37280497.0,rs13479702,8,37203160,37571455,1.6295295450433483e-08,0.0002312988985730271,0.0,cis
Nubp2,17.0,25019562.0,rs13482934,17,27985170,29917068,1.6459187460467567e-08,0.00023344969652896782,2965608.0,trans
Myo7a,7.0,105199570.0,D7Mit301,7,98732421,98732421,1.6461746365636433e-08,0.00023344969652896782,6467149.0,trans
Sbsn,7.0,31536490.0,CEL-7_20141278,7,31950331,35185656,1.6486927227350757e-08,0.00023360064998014958,413841.0,cis
Arhgef19,4.0,140798799.0,rs13478023,4,140528838,140755878,1.648732504600493e-08,0.00023360064998014958,42921.0,cis
9130213A22Rik,11.0,68934690.0,rs6217738,11,72486318,72978471,1.652102501528626e-08,0.00023390059507513443,3551628.0,trans
S100a10,3.0,93359039.0,rs3698196,3,85931836,87487048,1.6523448249502226e-08,0.00023390059507513443,5871991.0,trans
Sat2,11.0,69435554.0,rs13481099,11,73923769,75078947,1.656645240442486e-08,0.0002344032831645581,4488215.0,trans
Katnal2,18.0,77216125.0,D18Mit80,18,77065228,77065228,1.6589119874883644e-08,0.0002346178974979088,150897.0,cis
Lsm12,11.0,102023815.0,rs3690511,11,103578808,103578808,1.6661493703050718e-08,0.00023553499115903706,1554993.0,cis
Arl3,19.0,46605599.0,rs13483657,19,49557686,50798145,1.667471264757977e-08,0.000235615391826408,2952087.0,trans
Cyb5d2,11.0,72590751.0,rs3677986,11,67961048,68740438,1.678894805144957e-08,0.00023712244836711452,3850313.0,trans
Jmjd7,2.0,119853242.0,rs3686617,2,122383806,125564678,1.6827918888498354e-08,0.0002375656085704203,2530564.0,trans
Sult2b1,7.0,52985353.0,gnf07.032.889,7,48180543,51065291,1.6839613887372524e-08,0.0002376234801419941,1920062.0,cis
Fam89b,19.0,5728087.0,rs13483499,19,3413095,3717263,1.6880500560770116e-08,0.00023804100541935985,2010824.0,trans
Pdzrn4,15.0,92427799.0,rs6326790,15,90376372,90376372,1.6892029631684435e-08,0.00023804100541935985,2051427.0,trans
Pdzrn4,15.0,92427799.0,rs13482710,15,91723349,92673806,1.6892029631684435e-08,0.00023804100541935985,0.0,cis
Jmjd7,2.0,119853242.0,rs13476716,2,115487885,116411066,1.7099621570063767e-08,0.00024085787833429405,3442176.0,trans
LOC102639173,7.0,108985265.0,rs3699086,7,103251219,103381987,1.7156487882885478e-08,0.00024155011526851122,5603278.0,trans
Ccdc85a,11.0,28285692.0,rs13480935,11,29456156,29670526,1.733378407246956e-08,0.00024393652644048812,1170464.0,cis
Tbc1d23,16.0,57168975.0,rs4188825,16,56652577,57425569,1.735036567730468e-08,0.00024406008901331868,0.0,cis
Tnfaip6,2.0,51893633.0,CEL-2_50605053,2,50500582,50645386,1.7362270394958788e-08,0.00024411778233722646,1248247.0,cis
Coq2,5.0,101083740.0,rs6297352,5,103545840,103545840,1.7421829481059783e-08,0.000244840417733638,2462100.0,trans
Ulk4,9.0,120869386.0,rs6299531,9,122834340,122834340,1.7429318774585993e-08,0.000244840417733638,1964954.0,cis
Gzmk,13.0,113961816.0,CEL-13_105894110,13,109905657,110267637,1.7531587408528813e-08,0.0002461120993490129,3694179.0,trans
Dapp1,3.0,137594569.0,rs13477425,3,134595339,136479848,1.7535579299715574e-08,0.0002461120993490129,1114721.0,cis
Coa3,11.0,101139282.0,rs3690511,11,103578808,103578808,1.758233969833739e-08,0.0002466577237266426,2439526.0,trans
Ephb2,4.0,136209523.0,CEL-4_130248229,4,131555157,131555157,1.760521958349622e-08,0.00024686799609600923,4654366.0,trans
Phgdh,3.0,98117093.0,UT_3_93.299511,3,90413739,95488017,1.7651765771044648e-08,0.0002474097904850297,2629076.0,trans
Sfr1,19.0,47785109.0,rs13483647,19,46657000,47045663,1.7681288723671255e-08,0.0002477126062564321,739446.0,cis
Ddx59,1.0,138311848.0,rs13476138,1,141417668,141417668,1.7689578387671372e-08,0.00024771780841562985,3105820.0,trans
Lincenc1,13.0,98264754.0,rs6250834,13,87718371,90400297,1.7730852351266573e-08,0.0002481302761997104,7864457.0,trans
Nudcd1,15.0,44206775.0,rs3692586,15,42453452,44180930,1.773489585018998e-08,0.0002481302761997104,25845.0,cis
Pdxdc1,16.0,13834023.0,rs4153199,16,5651738,7962922,1.7754562764825123e-08,0.00024819878842395827,5871101.0,trans
Rpl3,15.0,79908225.0,rs13482677,15,82944825,83609704,1.775566013720919e-08,0.00024819878842395827,3036600.0,trans
Ackr1,1.0,175261942.0,rs13476267,1,182213911,184421782,1.7835651961495027e-08,0.0002492056080408221,6951969.0,trans
Haus7,20.0,70682652.0,rs13483824,20,71121918,76792464,1.792868149594765e-08,0.0002503936145707925,439266.0,cis
Rnasel,1.0,155600060.0,rs3653666,1,160477203,161687298,1.804246888948689e-08,0.0002518703376583118,4877143.0,trans
Gm10484,5.0,5173610.0,rs3664617,5,4468200,4597868,1.8125452073066376e-08,0.00025291591276744153,575742.0,cis
Gm15446,5.0,110369445.0,rs13478446,5,107623394,108406052,1.825114874376392e-08,0.00025455629819560977,1963393.0,cis
Usp53,3.0,122636519.0,rs6259281,3,120606858,121998618,1.8386156843005944e-08,0.00025632503406408766,637901.0,cis
Plscr4,9.0,92352216.0,D9Mit11,9,86133452,86133452,1.8412979854348245e-08,0.00025658463641893266,6218764.0,trans
Ush1c,7.0,53450720.0,gnf07.032.889,7,48180543,51065291,1.8634166700377438e-08,0.00025955125922808367,2385429.0,trans
Pank2,2.0,131087973.0,rs3686617,2,122383806,125564678,1.8761238560020748e-08,0.00026120491772526163,5523295.0,trans
Sepn1,4.0,134093807.0,rs6386918,4,139323756,140081803,1.8779760539122098e-08,0.0002613464824621355,5229949.0,trans
Alkbh6,7.0,31093772.0,rs4226520,7,30566471,31205553,1.8803800581675183e-08,0.0002615646786891744,0.0,cis
P4ha3,7.0,107434030.0,rs13479441,7,111297536,111297536,1.8927547200825973e-08,0.00026316900324347157,3863506.0,trans
Plvap,8.0,74021664.0,rs13479846,8,79783027,79924634,1.896679604770144e-08,0.00026359756553927585,5761363.0,trans
Fam177a,12.0,56300520.0,rs13481466,12,57107315,58773265,1.90233339477305e-08,0.0002642659210897702,806795.0,cis
Gm26467,7.0,66837433.0,rs3693478,7,67179979,70463288,1.9043739533504166e-08,0.0002643769235455939,342546.0,cis
Zfp708,13.0,67169851.0,rs4229817,13,66981471,67600532,1.9048226232366766e-08,0.0002643769235455939,0.0,cis
Scly,1.0,93194915.0,rs13475979,1,93218894,93218894,1.9065550730483975e-08,0.0002644334382384004,23979.0,cis
Slc35f5,1.0,127457600.0,rs13459051,1,132747530,134993250,1.906920341012896e-08,0.0002644334382384004,5289930.0,trans
Rplp0,13.0,67911183.0,mCV23798232,5,117112003,118108877,1.9139585525526165e-08,0.00026529183606623606,,trans
N28178,4.0,42930123.0,rs13477678,4,45502303,45717875,1.9157193433956022e-08,0.0002654182996540204,2572180.0,trans
Snord118,12.0,13170434.0,rs13481070,11,64909099,67090601,1.9172421274408982e-08,0.00026542439693080257,,trans
Me1,13.0,62915449.0,D9Mit11,9,86133452,86133452,1.9174602193834322e-08,0.00026542439693080257,,trans
Unc13a,8.0,74150642.0,rs6394046,8,64982540,69577204,1.9262925432907728e-08,0.0002665290779910019,4573438.0,trans
Rfk,19.0,17468573.0,rs6372656,19,21917692,22509336,1.936049930525486e-08,0.0002677607209763754,4449119.0,trans
Ang,14.0,51710792.0,rs3707560,14,55368949,56009748,1.944763642984699e-08,0.0002688469963157795,3658157.0,trans
Fam154b,7.0,89781470.0,rs6188470,7,90865515,90865515,1.9616806420543e-08,0.00027106584559777504,1084045.0,cis
Pot1b,17.0,55791323.0,gnf17.058.703,17,57492876,57492876,1.963395801202075e-08,0.00027118306649453675,1701553.0,cis
Arhgef2,3.0,88425060.0,rs13477251,3,88658602,90219227,1.969402294266003e-08,0.00027189263886285604,233542.0,cis
Zfp27,7.0,30678356.0,rs4226520,7,30566471,31205553,1.9773818511470886e-08,0.0002728738632150449,0.0,cis
Tmem159,7.0,127245940.0,rs13479483,7,125869548,125869548,1.9798551055190612e-08,0.00027309470103347957,1376392.0,cis
Lypd1,1.0,127768620.0,mCV24201027,1,117626780,121957699,1.981867224390974e-08,0.00027325176471458594,5810921.0,trans
Rnf169,7.0,107068767.0,rs13479395,7,97208893,98602160,1.984370827579735e-08,0.0002733560028668538,8466607.0,trans
Rnf169,7.0,107068767.0,CEL-7_79063914,7,98979741,99797453,1.984370827579735e-08,0.0002733560028668538,7271314.0,trans
1700019G17Rik,6.0,85849044.0,rs4229294,12,26992470,26992470,1.9864398772460613e-08,0.0002735205831690147,,trans
Fv1,4.0,147243088.0,rs4224919,4,144563168,147520407,1.996324108968089e-08,0.0002747429859897987,0.0,cis
LOC102640399,7.0,66948590.0,rs13479238,7,56717300,62761533,1.9987894932354724e-08,0.0002747429859897987,4187057.0,trans
AI413582,17.0,27700714.0,rs13482930,17,26950947,27588409,1.9996055997501366e-08,0.0002747429859897987,112305.0,cis
LOC102639173,7.0,108985265.0,rs13479395,7,97208893,98602160,1.9997086665157432e-08,0.0002747429859897987,10383105.0,trans
LOC102639173,7.0,108985265.0,CEL-7_79063914,7,98979741,99797453,1.9997086665157432e-08,0.0002747429859897987,9187812.0,trans
Gng2,14.0,20691781.0,rs3689508,14,10592844,10651879,2.0018259262779747e-08,0.0002749131446956662,10039902.0,trans
Cntnap3,13.0,64839855.0,rs4229817,13,66981471,67600532,2.006394036754586e-08,0.00027541958464219463,2141616.0,trans
Rnf122,8.0,32222318.0,CEL-8_26907016,8,29180211,29872349,2.0118581065644946e-08,0.00027603147722698936,2349969.0,trans
Snord118,12.0,13170434.0,rs3677986,11,67961048,68740438,2.0126162695028732e-08,0.00027603147722698936,,trans
Zfp593,4.0,133799221.0,D4Mit339,4,133923341,133923341,2.0150483226831473e-08,0.0002762439282166627,124120.0,cis
Lgr6,1.0,136882930.0,rs13459051,1,132747530,134993250,2.03707666213059e-08,0.00027914148052395895,1889680.0,cis
Eqtn,4.0,94573984.0,CEL-4_85931631,4,87303085,87557344,2.0381828367098016e-08,0.00027917077767092784,7016640.0,trans
Golga7b,19.0,42322064.0,rs3677115,19,40657509,41716546,2.041337975114807e-08,0.00027948057380760823,605518.0,cis
Snrnp25,11.0,32105415.0,rs13480951,11,33538734,34315729,2.0449988818106005e-08,0.00027985931359803754,1433319.0,cis
Glra2,20.0,161566949.0,CEL-X_154259201,20,160727280,162637898,2.054221185800228e-08,0.0002809984699201962,0.0,cis
Tnfaip6,2.0,51893633.0,rs13476491,2,50808752,52430773,2.072692974049999e-08,0.00028340132143381546,0.0,cis
Glra4,20.0,133292213.0,rs13484015,20,132663401,132751197,2.0912206133381992e-08,0.00028580970670083196,541016.0,cis
Fggy,4.0,95246152.0,rs4229294,12,26992470,26992470,2.105563865752571e-08,0.0002876443529787828,,trans
Pold3,7.0,107230621.0,rs13479451,7,114512549,114512549,2.1067162481055764e-08,0.0002876761589466707,7281928.0,trans
Lrrc61,6.0,48504951.0,rs6155681,6,49605503,50470104,2.1092028298129512e-08,0.0002878900451622973,1100552.0,cis
Rps15a,7.0,125247888.0,rs6366212,7,126261041,126312422,2.1311952853817917e-08,0.0002907649862314309,1013153.0,cis
Dennd1b,1.0,140860363.0,rs13476163,1,148717645,153539523,2.132873740182563e-08,0.00029086713251989257,7857282.0,trans
Pgap2,7.0,109371588.0,D7Mit301,7,98732421,98732421,2.1370992359197874e-08,0.0002913163869415228,10639167.0,trans
Hspa8,9.0,40609356.0,rs3702448,9,41870632,44817799,2.1408908166990263e-08,0.0002917061271367156,1261276.0,cis
Abca3,17.0,24488991.0,rs3672987,17,33247165,35667114,2.14276112531604e-08,0.00029183385986677736,8758174.0,trans
3632451O06Rik,14.0,50301235.0,rs4230383,14,54987778,55236881,2.1493468026144714e-08,0.0002926034127195128,4686543.0,trans
Pign,1.0,107417716.0,gnf01.103.869,1,105918405,107242004,2.1518416021283878e-08,0.00029281562273030963,175712.0,cis
Otud7a,7.0,70589658.0,rs13479238,7,56717300,62761533,2.162492697335939e-08,0.0002941370479048765,7828125.0,trans
Rps19-ps3,4.0,147195886.0,rs4224919,4,144563168,147520407,2.177769400924913e-08,0.0002960862151930787,0.0,cis
Bok,1.0,95582271.0,rs6234856,1,89812969,89812969,2.183925139198242e-08,0.0002967941551487151,5769302.0,trans
Snrpe,1.0,135500448.0,D1Mit218,1,129336687,129336687,2.1892712354361885e-08,0.00029739149820174796,6163761.0,trans
Rnasel,1.0,155600060.0,rs13476163,1,148717645,153539523,2.19645633577241e-08,0.0002982380253702063,2060537.0,trans
Rnaseh2a,8.0,87480509.0,rs13479825,8,85707108,85950408,2.2026421054975836e-08,0.00029894818633372346,1530101.0,cis
Olfr1191-ps1,2.0,88482905.0,CEL-2_113459249,2,113408432,113667509,2.208001555240024e-08,0.0002995456297580245,24925527.0,trans
Rnf122,8.0,32222318.0,mCV24506226,8,31744603,33820606,2.220457368946899e-08,0.0003011048568321359,0.0,cis
Rcbtb2,14.0,73542352.0,rs13482263,14,78783158,78783158,2.221902605128019e-08,0.0003011702916219445,5240806.0,trans
Tmod1,4.0,46073838.0,D4Mit286,4,43209772,43209772,2.2235576839732677e-08,0.00030126410077554425,2864066.0,trans
Lrrc51,7.0,109061507.0,CEL-7_88290939,7,108094541,111033533,2.2367552421067144e-08,0.0003027899345945807,0.0,cis
Lrrc51,7.0,109061507.0,rs3023151,7,103823533,107944155,2.2367552421067144e-08,0.0003027899345945807,1117352.0,cis
Crat,2.0,30255996.0,rs13476408,2,30296487,30541429,2.2465157618347905e-08,0.0003039796818034802,40491.0,cis
Dcaf6,1.0,167259821.0,rs4222799,1,169153243,169907834,2.2540859954572903e-08,0.0003048721572409929,1893422.0,cis
Cdk5rap1,2.0,154161116.0,rs6209325,2,147881059,149804748,2.2563196307634202e-08,0.00030504238167461476,4356368.0,trans
3110052M02Rik,17.0,21794171.0,gnf17.005.541,17,8688392,9032964,2.270079476494196e-08,0.00030677006810496914,12761207.0,trans
LOC102637749,17.0,42864122.0,rs13482942,17,30022647,31061912,2.296973915032097e-08,0.0003102704560391374,11802210.0,trans
Hdhd3,4.0,62160046.0,rs13477694,4,49601465,49601465,2.312560068596575e-08,0.00031224098214820205,12558581.0,trans
Tm4sf5,11.0,70318779.0,rs6217738,11,72486318,72978471,2.3191446684639383e-08,0.00031288151746544597,2167539.0,trans
Clip4,17.0,72131287.0,rs6322076,17,72598864,75262850,2.319718229351547e-08,0.00031288151746544597,467577.0,cis
Gm10568,1.0,3670652.0,rs6376963,1,5008090,5008090,2.3203044789022324e-08,0.00031288151746544597,1337438.0,cis
Dtd1,2.0,144425716.0,gnf02.161.674,2,158566515,158683924,2.3233078967095108e-08,0.00031315153430772763,14140799.0,trans
Snrpe,1.0,135500448.0,rs13476138,1,141417668,141417668,2.3487092322855892e-08,0.000316438964958859,5917220.0,trans
Xaf1,11.0,72115165.0,rs13481070,11,64909099,67090601,2.3533194643771012e-08,0.0003169236090239716,5024564.0,trans
Ivd,2.0,118687718.0,rs6411422,2,128199226,129125488,2.3680669074456144e-08,0.0003187724357298036,9511508.0,trans
Gm25088,7.0,66708353.0,rs13479276,7,65717523,66413236,2.3692341832859334e-08,0.00031878554656155966,295117.0,cis
Htr5b,1.0,123406335.0,rs8256197,1,130485641,130485675,2.3706891300859687e-08,0.00031878554656155966,7079306.0,trans
Acap3,4.0,155265984.0,rs3693087,4,155495857,155557886,2.3712213146878424e-08,0.00031878554656155966,229873.0,cis
Zfp125,12.0,20905683.0,rs4229294,12,26992470,26992470,2.3735352306175008e-08,0.00031894776640979824,6086787.0,trans
Zfp760,17.0,21844702.0,gnf17.005.541,17,8688392,9032964,2.3744669981894928e-08,0.00031894776640979824,12811738.0,trans
Glul,1.0,155747075.0,rs6202860,1,147391348,148385403,2.3823508220293593e-08,0.00031986941074894546,7361672.0,trans
Ifih1,2.0,62435358.0,rs6391732,2,62841064,63410909,2.3871345706334634e-08,0.00032037420727536474,405706.0,cis
Ociad1,5.0,73684063.0,rs6265085,5,65141992,66605987,2.394371961704286e-08,0.00032120772980732043,7078076.0,trans
1500011K16Rik,2.0,127617124.0,rs6411422,2,128199226,129125488,2.4052991303142415e-08,0.0003224734002049133,582102.0,cis
Rcbtb2,14.0,73542352.0,rs13482225,14,65324729,68427157,2.4058682054049776e-08,0.0003224734002049133,5115195.0,trans
Zfp781,10.0,81364656.0,rs13459122,10,80258109,82124986,2.4126107275213993e-08,0.0003232386508774001,0.0,cis
5830403L16Rik,1.0,155696672.0,rs13476187,1,156052564,156052564,2.4146941543694748e-08,0.00032337929366963076,355892.0,cis
Rgl2,17.0,34066839.0,rs6242153,17,32068298,32078991,2.4216957826484316e-08,0.00032417818683089234,1987848.0,cis
Unc45a,7.0,87470178.0,rs4226699,7,81420251,81420251,2.4249828330788267e-08,0.0003244793605613701,6049927.0,trans
Cetn4,1.0,21262484.0,petM-02707-1,3,37307265,38297775,2.4335813817298574e-08,0.00032549068786139556,,trans
Mst1r,9.0,107809220.0,gnf09.106.408,9,109590965,110265341,2.434835721763106e-08,0.0003255192851370949,1781745.0,cis
Cda,4.0,137894443.0,rs13478001,4,135998441,137764129,2.440910874354523e-08,0.0003261920891721791,130314.0,cis
Fancl,11.0,26287084.0,rs13480937,11,30059387,33390350,2.4593432432896612e-08,0.00032837476377662374,3772303.0,trans
Fancl,11.0,26287084.0,rs13480932,11,28975003,29445002,2.4593432432896612e-08,0.00032837476377662374,2687919.0,trans
AA388235,17.0,34118437.0,CEL-17_20354682,17,21827381,23003494,2.460407375197683e-08,0.0003283766958379845,11114943.0,trans
4932438A13Rik,3.0,36863797.0,rs13477062,3,36739264,36836603,2.4629738380012513e-08,0.00032857904837879615,27194.0,cis
Lcmt2,2.0,120964276.0,rs13476716,2,115487885,116411066,2.4766195143714787e-08,0.0003302586479628943,4553210.0,trans
Hebp2,10.0,18259929.0,rs13480525,10,18980512,18980512,2.4847288832064164e-08,0.0003311988610130301,720583.0,cis
Clpb,7.0,108938806.0,rs3686975,7,117123258,117123258,2.4908894871954603e-08,0.0003318786256317683,8184452.0,trans
4930452B06Rik,14.0,9263706.0,rs13482054,14,11312993,19569109,2.4963798164101714e-08,0.0003324685441040756,2049287.0,trans
Klhl7,5.0,23606423.0,rs3706626,5,24621790,24621790,2.5054863892902112e-08,0.00033353936789331433,1015367.0,cis
Gpnmb,6.0,48986624.0,rs13478751,6,50804368,51147309,2.5172627121564028e-08,0.0003349645362874762,1817744.0,cis
Ivd,2.0,118687718.0,CEL-2_135876979,2,135953692,136253017,2.5217739675323058e-08,0.00033542216327331277,17265974.0,trans
Mettl18,1.0,165925044.0,rs4222763,1,165315111,168178248,2.5253908043675993e-08,0.0003357604848780832,0.0,cis
Thbs1,2.0,117937629.0,rs13476723,2,117118532,118639998,2.5274267860866002e-08,0.00033588842751727,0.0,cis
Camk2n1,4.0,138011101.0,rs6386918,4,139323756,140081803,2.529106325217864e-08,0.0003359689113248689,1312655.0,cis
H2-Ea-ps,17.0,34478897.0,CEL-17_20354682,17,21827381,23003494,2.5515884809589228e-08,0.00033872941341928856,11475403.0,trans
Arhgap4,20.0,71139695.0,gnfX.076.619,20,89920839,90523799,2.5525810622412087e-08,0.00033872941341928856,18781144.0,trans
Lgr6,1.0,136882930.0,rs8256197,1,130485641,130485675,2.553135092700869e-08,0.00033872941341928856,6397255.0,trans
Gm9936,5.0,115307081.0,rs13459088,5,111078136,111778516,2.570126550259405e-08,0.00034083915737234655,3528565.0,trans
Zfp781,10.0,81364656.0,rs13480679,10,84376304,85585850,2.5861571309744595e-08,0.0003428197400365806,3011648.0,trans
Dnah7b,1.0,46346411.0,rs13475876,1,55184323,57882215,2.5895640353881005e-08,0.0003431259652817745,8837912.0,trans
Fmo2,1.0,164805178.0,rs4222763,1,165315111,168178248,2.6098519662805117e-08,0.00034554396620690617,509933.0,cis
Uba2,7.0,34925707.0,rs8261944,7,31220797,31291333,2.610583715864856e-08,0.00034554396620690617,3634374.0,trans
Pyroxd2,19.0,42801409.0,rs13483653,19,48078038,48078038,2.6111262466278378e-08,0.00034554396620690617,5276629.0,trans
Idua,5.0,109098330.0,rs3657810,5,113832345,114910446,2.613361754172588e-08,0.000345658319946429,4734015.0,trans
2810002D19Rik,2.0,94246308.0,CEL-2_98080939,2,98027112,101163197,2.6142001740863406e-08,0.000345658319946429,3780804.0,trans
Galnt10,11.0,57458944.0,rs13481023,11,51824799,52067554,2.618321855376013e-08,0.00034593014622639215,5391390.0,trans
Cst3,2.0,148697458.0,rs6265656,2,156689630,158441351,2.6184675289893663e-08,0.00034593014622639215,7992172.0,trans
Mrps5,2.0,127413155.0,rs3686617,2,122383806,125564678,2.6258623708769168e-08,0.0003467328726156014,1848477.0,cis
Wdfy1,1.0,79701942.0,mCV23431007,1,80322428,80719280,2.626760324092911e-08,0.0003467328726156014,620486.0,cis
B4galt3,1.0,173200485.0,rs13476241,1,174792335,175262195,2.630130464277287e-08,0.00034703130506306203,1591850.0,cis
Lypd1,1.0,127768620.0,gnf01.132.831,1,135115364,135695643,2.6354087253476946e-08,0.00034748050573172896,7346744.0,trans
Wscd1,11.0,71564205.0,rs13481068,11,64596125,64596125,2.635756385543586e-08,0.00034748050573172896,6968080.0,trans
Fgf7,2.0,125860520.0,rs4223510,2,131679415,131819271,2.647504229987542e-08,0.0003488268856043597,5818895.0,trans
Tmem144,3.0,79617057.0,mCV25201949,3,70420435,72462619,2.6481991917233287e-08,0.0003488268856043597,7154438.0,trans
Nubp2,17.0,25019562.0,rs13482930,17,26950947,27588409,2.6649729812915837e-08,0.0003508886251493394,1931385.0,cis
Snap23,2.0,120393407.0,rs3708635,2,125704535,127840968,2.6691490705118577e-08,0.00035129062811422045,5311128.0,trans
Galnt10,11.0,57458944.0,rs6313602,11,58819966,59042857,2.670645353286228e-08,0.000351339748031508,1361022.0,cis
Gm4425,12.0,22470042.0,rs3657682,12,15739388,16592330,2.6853906656287057e-08,0.00035313108495796153,5877712.0,trans
Tmem203,2.0,25110974.0,rs13476408,2,30296487,30541429,2.686727827739369e-08,0.0003531584745902458,5185513.0,trans
Pold3,7.0,107230621.0,rs13479441,7,111297536,111297536,2.6904268974181427e-08,0.0003534961731140968,4066915.0,trans
6330403K07Rik,11.0,70845443.0,rs13481099,11,73923769,75078947,2.7010763492300416e-08,0.00035474641796315987,3078326.0,trans
Tnfaip6,2.0,51893633.0,rs13476501,2,52672635,52672635,2.715665214970481e-08,0.00035647629062431465,779002.0,cis
Tspyl3,2.0,153048109.0,CEL-2_135876979,2,135953692,136253017,2.7165758598827692e-08,0.00035647629062431465,16795092.0,trans
Nfu1,6.0,86959883.0,rs13478880,6,88537081,88960562,2.7176662287831646e-08,0.00035647629062431465,1577198.0,cis
Sybu,15.0,44503402.0,rs3692586,15,42453452,44180930,2.7385532693343452e-08,0.000358878061111594,322472.0,cis
Dbndd2,2.0,164311640.0,rs6185704,2,164779025,164779025,2.7389446628523462e-08,0.000358878061111594,467385.0,cis
Myo7a,7.0,105199570.0,rs3672782,7,95155270,96589291,2.7394180725040696e-08,0.000358878061111594,8610279.0,trans
Hist1h2ao,13.0,23625780.0,rs13481045,11,58057820,58381052,2.7508107009393415e-08,0.00036021970910623104,,trans
Cox18,5.0,90643753.0,rs3678577,5,85065018,85502589,2.7724489091590425e-08,0.0003629013355932272,5141164.0,trans
Tnni1,1.0,137696016.0,rs13476148,1,144862429,144862429,2.7793135492885113e-08,0.0003636123340437288,7166413.0,trans
Hfm1,5.0,107330908.0,rs13478430,5,103696017,104357982,2.780205293882381e-08,0.0003636123340437288,2972926.0,trans
Bloc1s6,2.0,122564241.0,rs13476740,2,121412769,122144319,2.7923926112153256e-08,0.0003650536518985389,419922.0,cis
Ankfy1,11.0,72503504.0,UT_11_70.128831,11,70371167,72266233,2.8045405812334015e-08,0.00036648862386036955,237271.0,cis
Larp1,11.0,57873979.0,rs6173994,11,52342339,53868159,2.8066971690604954e-08,0.00036661729997894914,4005820.0,trans
Dnajc19,3.0,33956680.0,rs3664070,3,33813624,35458614,2.8269090524054687e-08,0.0003691033089869328,0.0,cis
Parp2,14.0,51427621.0,rs6278789,14,50409368,52650880,2.829415524451191e-08,0.00036927645148120646,0.0,cis
Tbc1d23,16.0,57168975.0,rs4192837,16,60328964,60328964,2.8313071033540297e-08,0.0003693692312821277,3159989.0,trans
Unc45a,7.0,87470178.0,gnf07.077.456,7,90186487,90633688,2.8360774155799e-08,0.00036983733359134105,2716309.0,trans
Lcorl,5.0,46090530.0,rs13478223,5,45747535,46967391,2.844370942072365e-08,0.0003707025238088237,0.0,cis
Car12,9.0,66561549.0,rs13480251,9,66838171,67878904,2.8460557362293555e-08,0.0003707025238088237,276622.0,cis
Chp1,2.0,119373443.0,UT_2_119.151187,2,118706767,121192484,2.8462669508566587e-08,0.0003707025238088237,0.0,cis
Tnnt2,1.0,137732931.0,gnf01.126.387,1,128625711,129064813,2.8550337248275176e-08,0.00037149984594411745,8668118.0,trans
Tnnt2,1.0,137732931.0,gnf01.127.292,1,129548234,130226591,2.8550337248275176e-08,0.00037149984594411745,7506340.0,trans
Klf9,19.0,23215716.0,rs3653630,19,22531309,22873374,2.8559513353726768e-08,0.00037149984594411745,342342.0,cis
Rnase6,14.0,51748765.0,rs13482156,14,45858402,46175355,2.86130881893008e-08,0.000372042047845446,5573410.0,trans
Prmt3,7.0,57033716.0,CEL-7_43304662,7,62999955,63232349,2.86425905883742e-08,0.00037227092709840695,5966239.0,trans
Rbm46,3.0,82641155.0,rs3698196,3,85931836,87487048,2.866574795338359e-08,0.00037241718338789785,3290681.0,trans
Nomo1,7.0,53289099.0,rs3719256,7,51794017,52261292,2.8733926199533054e-08,0.00037314797384258914,1027807.0,cis
Trpc3,3.0,36519404.0,rs3151902,3,36502923,36502923,2.88829850578507e-08,0.00037479824122532707,16481.0,cis
Serpina1a,12.0,105091669.0,rs13481620,12,104269892,104269892,2.888496454692157e-08,0.00037479824122532707,821777.0,cis
S100a11,3.0,93324417.0,UT_3_90.000791,3,87719794,88310086,2.892040269541024e-08,0.00037510249098745354,5014331.0,trans
C530030P08Rik,11.0,32625889.0,rs13480870,11,11016917,11457492,2.8981424173846077e-08,0.0003757381711562837,21168397.0,trans
Cd59a,2.0,103936010.0,gnf13.057.762,13,59805606,59805606,2.904070572714978e-08,0.0003763507762388638,,trans
Fah,7.0,91733669.0,gnf07.079.162,7,91904303,93812508,2.911432576249904e-08,0.0003771486154919275,170634.0,cis
Eapp,12.0,55774448.0,rs13481455,12,53911048,53911048,2.9142130891674124e-08,0.00037735255105676913,1863400.0,cis
4932438A13Rik,3.0,36863797.0,rs3151902,3,36502923,36502923,2.916286703299342e-08,0.00037746482157718236,360874.0,cis
9030025P20Rik,17.0,15178579.0,CEL-17_21879142,17,23322637,26350810,2.9181751457871888e-08,0.00037755304175708486,8144058.0,trans
Tmem132b,5.0,126229605.0,rs13478487,5,119758227,120698230,2.9306103012492132e-08,0.00037900515697542064,5531375.0,trans
Gprc5b,7.0,126115561.0,rs13479477,7,124381994,124381994,2.932992922787974e-08,0.00037900760814583425,1733567.0,cis
Kpna2,11.0,106849943.0,rs13481215,11,106994496,107272827,2.9330522635117744e-08,0.00037900760814583425,144553.0,cis
Gm10479,12.0,20421799.0,rs6180964,12,16835276,26476092,2.9582304507814136e-08,0.00038210329273677326,0.0,cis
Fam154b,7.0,89781470.0,rs4226699,7,81420251,81420251,2.963778847721535e-08,0.0003825542297982472,8361219.0,trans
Zfp949,9.0,88461997.0,rs3669564,9,87780386,88102529,2.96416727245239e-08,0.0003825542297982472,359468.0,cis
H2-Bl,17.0,36216993.0,rs6242153,17,32068298,32078991,2.9838119357925776e-08,0.0003849307622873569,4138002.0,trans
Rpph1,14.0,51427159.0,rs6278789,14,50409368,52650880,2.9878128677896765e-08,0.0003852880263616,0.0,cis
Prss41,17.0,23973752.0,rs13482868,17,10586984,11481618,2.9940119411112156e-08,0.00038592833658950373,12492134.0,trans
Rnasel,1.0,155600060.0,rs6181202,1,156456243,159872935,3.0002399223211986e-08,0.0003865718440730346,856183.0,cis
Pgpep1,8.0,73172976.0,rs6394046,8,64982540,69577204,3.003650109041418e-08,0.00038685190687178563,3595772.0,trans
Jund,8.0,73222848.0,rs13479814,8,70845435,74265398,3.00745186482759e-08,0.0003871821501319017,0.0,cis
Rnf150,8.0,85387255.0,rs13479813,8,70431892,70720690,3.018813153540009e-08,0.00038848494266043065,14666565.0,trans
Ogg1,6.0,113276996.0,rs13478947,6,104791603,104791603,3.0246460337118854e-08,0.0003890755166626652,8485393.0,trans
N28178,4.0,42930123.0,rs13477670,4,42803507,43197670,3.0349036210762544e-08,0.0003900742172856044,0.0,cis
N28178,4.0,42930123.0,rs13477674,4,43562053,44330250,3.0349036210762544e-08,0.0003900742172856044,631930.0,cis
Fut10,8.0,32297804.0,rs13459102,8,26133139,27552604,3.057760300806993e-08,0.00039285057046168297,4745200.0,trans
Lama2,10.0,26701091.0,rs6391751,10,28169620,28315852,3.0593851477160306e-08,0.00039289797082456935,1468529.0,cis
Pgpep1,8.0,73172976.0,UT_6_76.003706,8,77908172,78222251,3.094643086400464e-08,0.0003972628505069105,4735196.0,trans
Fancl,11.0,26287084.0,rs3723987,11,19368928,19472318,3.1040599491334704e-08,0.00039828618539188444,6814766.0,trans
Aifm1,20.0,45828121.0,rs13483737,20,45229947,46066982,3.105537691080602e-08,0.00039828618539188444,0.0,cis
Rps18,17.0,34088944.0,CEL-17_29648158,17,31179361,31326531,3.1064341624999465e-08,0.00039828618539188444,2762413.0,trans
Gpr12,5.0,147393726.0,mCV25009162,5,145297027,147394031,3.117835786226296e-08,0.0003995278689686617,0.0,cis
5830417I10Rik,3.0,88615559.0,UT_3_93.299511,3,90413739,95488017,3.118672872496965e-08,0.0003995278689686617,1798180.0,cis
Lonp2,8.0,89148006.0,rs13479825,8,85707108,85950408,3.128252756972878e-08,0.00040059108943416434,3197598.0,trans
Cyb5r3,15.0,82983925.0,rs13482693,15,87908143,88048035,3.1318476108303964e-08,0.0004008873351972513,4924218.0,trans
Lonrf1,8.0,37280497.0,rs4227117,8,40709630,42338973,3.140097341637702e-08,0.0004016146757165641,3429133.0,trans
Lonrf1,8.0,37280497.0,rs3654540,8,37656756,40414117,3.140097341637702e-08,0.0004016146757165641,376259.0,cis
Gm10509,17.0,21828827.0,rs13482873,17,11606730,21646617,3.1453753487498843e-08,0.00040212532528629923,182210.0,cis
Me1,13.0,62915449.0,rs3674339,9,85386930,85749877,3.146969586065594e-08,0.0004021647928557067,,trans
LOC102639173,7.0,108985265.0,rs13479416,7,103132457,103132457,3.157653693186261e-08,0.0004033653874630824,5852808.0,trans
Nmnat2,1.0,154802231.0,rs13476208,1,163955813,164935095,3.178031273708954e-08,0.0004058027614536714,9153582.0,trans
Prdx2,8.0,87493521.0,rs13479825,8,85707108,85950408,3.1823153043799874e-08,0.0004061839998724093,1543113.0,cis
Npl,1.0,155350145.0,rs6181202,1,156456243,159872935,3.186414489446348e-08,0.00040654134364969855,1106098.0,cis
Pla2g4e,2.0,119992148.0,rs6411422,2,128199226,129125488,3.1900684807442496e-08,0.0004068416188126915,8207078.0,trans
Zfp943,17.0,22099725.0,CEL-17_20354682,17,21827381,23003494,3.202135513593286e-08,0.0004082141593540586,0.0,cis
Gpatch1,7.0,36061563.0,rs13479188,7,36124857,37123347,3.2101120068719574e-08,0.0004090643245952531,63294.0,cis
Mkl2,16.0,13415590.0,rs4153199,16,5651738,7962922,3.232463638188726e-08,0.000411744874390975,5452668.0,trans
Ucp3,7.0,107621500.0,rs13479416,7,103132457,103132457,3.2344647248022006e-08,0.0004118320848029686,4489043.0,trans
Usmg5,19.0,47157954.0,rs13483633,19,42643144,44650782,3.271401301187497e-08,0.0004162844635120878,2507172.0,trans
Ermard,17.0,15190178.0,rs13482930,17,26950947,27588409,3.2720943313285754e-08,0.0004162844635120878,11760769.0,trans
Gm24044,9.0,120037898.0,rs13480455,9,120927360,121678392,3.2970933362409306e-08,0.0004192943886067266,889462.0,cis
Trim12a,7.0,111392519.0,rs3023151,7,103823533,107944155,3.3239098551898454e-08,0.000422361286797776,3448364.0,trans
Trim12a,7.0,111392519.0,CEL-7_88290939,7,108094541,111033533,3.3239098551898454e-08,0.000422361286797776,358986.0,cis
Vwa8,14.0,79249038.0,rs3665356,14,78964398,81304852,3.3253917342259e-08,0.00042237802672165175,0.0,cis
Rps15a,7.0,125247888.0,D7Mit330,7,126800204,127836780,3.3283178744310884e-08,0.00042257812291527757,1552316.0,cis
Trim3,7.0,112758984.0,rs3699086,7,103251219,103381987,3.331521121835889e-08,0.00042281322525551944,9376997.0,trans
Glra4,20.0,133292213.0,gnfX.116.876,20,133125033,133125033,3.3592165369068796e-08,0.00042615525005902476,167180.0,cis
Tmem55b,14.0,51545745.0,rs3670380,14,47679977,49506930,3.380611946928692e-08,0.0004286956613533309,2038815.0,trans
Fancc,13.0,63406017.0,gnf13.057.762,13,59805606,59805606,3.391266998689401e-08,0.0004298725801672657,3600411.0,trans
Prex1,2.0,166391845.0,rs6177049,2,165608228,166960449,3.412270156851717e-08,0.0004322811957583691,0.0,cis
Trim12a,7.0,111392519.0,rs13479416,7,103132457,103132457,3.413032168291697e-08,0.0004322811957583691,8260062.0,trans
Kazn,4.0,141658306.0,rs3023025,4,142772319,142772319,3.414555216197485e-08,0.0004322990791301581,1114013.0,cis
Gm10476,12.0,18911782.0,rs13481357,12,27578331,28255508,3.4463529054398695e-08,0.00043614831240297136,8666549.0,trans
1700012P22Rik,4.0,144008094.0,rs3023025,4,142772319,142772319,3.450464133747128e-08,0.0004364920286352418,1235775.0,cis
Armc7,11.0,115336991.0,rs13481243,11,114532622,116490388,3.452174709520109e-08,0.00043653190142547987,0.0,cis
2310030G06Rik,9.0,50547796.0,gnf09.042.496,9,48017410,49071871,3.455952194858961e-08,0.0004368329997485604,1475925.0,cis
Clpb,7.0,108938806.0,rs3724540,7,114542346,114746367,3.463197756421281e-08,0.00043757204329151925,5603540.0,trans
Arhgef2,3.0,88425060.0,rs3698196,3,85931836,87487048,3.4676021286341456e-08,0.00043795165321715193,938012.0,cis
Zfand1,2.0,134588560.0,rs3668064,3,9269819,9483989,3.473817859651073e-08,0.000438559635661605,,trans
Rfk,19.0,17468573.0,rs3704158,19,15041788,15041788,3.4916222831623655e-08,0.0004405706365718581,2426785.0,trans
Nlrp1c-ps,11.0,71055932.0,gnf11.079.978,11,75282894,76408655,3.492563521669186e-08,0.0004405706365718581,4226962.0,trans
Fam154b,7.0,89781470.0,rs3723790,7,77309844,77721399,3.504988684965176e-08,0.0004419363586828468,12060071.0,trans
Larp1,11.0,57873979.0,rs13481023,11,51824799,52067554,3.506215411685642e-08,0.0004419363586828468,5806425.0,trans
Ndufc2,7.0,104548587.0,rs13479395,7,97208893,98602160,3.515609091450968e-08,0.0004427635931359512,5946427.0,trans
Ndufc2,7.0,104548587.0,CEL-7_79063914,7,98979741,99797453,3.515609091450968e-08,0.0004427635931359512,4751134.0,trans
3110052M02Rik,17.0,21794171.0,CEL-17_21879142,17,23322637,26350810,3.517732587400698e-08,0.0004428527488126457,1528466.0,cis
H2-Q7,17.0,35576100.0,rs13482930,17,26950947,27588409,3.53015925299791e-08,0.00044423839283230993,7987691.0,trans
1700001O22Rik,2.0,30651083.0,rs3709811,2,37512633,39670020,3.5354714222736064e-08,0.0004447279879617729,6861550.0,trans
Cyp2r1,7.0,121693678.0,rs13479476,7,124032278,124032278,3.5461683639248696e-08,0.00044582525914833854,2338600.0,trans
Gm20472,12.0,18779275.0,rs13481357,12,27578331,28255508,3.547044618270331e-08,0.00044582525914833854,8799056.0,trans
Timm22,11.0,76220681.0,rs13481099,11,73923769,75078947,3.5492512341341105e-08,0.00044592344929400915,1141734.0,cis
4930485B16Rik,10.0,92331442.0,rs13480720,10,96758375,97112187,3.5866026629978266e-08,0.0004504353379885448,4426933.0,trans
Zfp458,13.0,67355854.0,rs13481861,13,68711508,69092648,3.5929795177647084e-08,0.0004510551224350279,1355654.0,cis
Fancd2,6.0,113481679.0,rs13478975,6,112093706,112800819,3.609246609526308e-08,0.0004529155112625955,680860.0,cis
Spsb3,17.0,25023656.0,CEL-17_20354682,17,21827381,23003494,3.630560153522923e-08,0.0004554074212052052,2020162.0,trans
N28178,4.0,42930123.0,D4Mit286,4,43209772,43209772,3.63445624125759e-08,0.0004557134117694972,279649.0,cis
BC026585,1.0,159388711.0,UT_1_169.988189,1,168323143,169017891,3.661262860991413e-08,0.0004588906881464222,8934432.0,trans
Pfdn6,17.0,34075864.0,rs13482934,17,27985170,29917068,3.664131445674861e-08,0.00045906630635377996,4158796.0,trans
Serhl,15.0,82930643.0,rs13482687,15,85776069,86099724,3.667195223807457e-08,0.0004592662292737101,2845426.0,trans
Emp1,6.0,135312949.0,rs13479065,6,136698275,137509362,3.67042998382004e-08,0.0004594873967731308,1385326.0,cis
Plekhm2,4.0,141181650.0,rs13478024,4,140884373,142095184,3.6754877222531276e-08,0.00045975260685886466,0.0,cis
Plekhm2,4.0,141181650.0,rs3718552,4,142466392,142466392,3.6754877222531276e-08,0.00045975260685886466,1284742.0,cis
Cep63,9.0,102488299.0,rs3658704,9,100278977,101225009,3.6802992279231193e-08,0.0004601704649884546,1263290.0,cis
Rgl2,17.0,34066839.0,rs13482967,17,37015393,39314866,3.7038846189252514e-08,0.0004629344658296046,2948554.0,trans
Tmem55b,14.0,51545745.0,mCV23384307,14,49708958,49708958,3.7061622054968094e-08,0.0004630341410552062,1836787.0,cis
Tm4sf5,11.0,70318779.0,rs3677986,11,67961048,68740438,3.7104505360727177e-08,0.0004632654025710488,1578341.0,cis
Igtp,11.0,58013058.0,rs3023260,11,57088038,57644775,3.710974913037298e-08,0.0004632654025710488,368283.0,cis
Mgat3,15.0,80004151.0,rs3667755,15,78741347,81745213,3.716488527617114e-08,0.00046376864003368993,0.0,cis
Mad1l1,5.0,140484643.0,rs13478563,5,141863413,142082180,3.718204041653041e-08,0.0004637977124260752,1378770.0,cis
Olfr1507,14.0,53109610.0,rs3707560,14,55368949,56009748,3.731407731145529e-08,0.00046525919133484406,2259339.0,trans
Nupl2,5.0,23670781.0,rs6260804,5,24008816,24391317,3.7419251608339946e-08,0.00046638469665373744,338035.0,cis
Chrna7,7.0,70243574.0,D7Mit199,7,73078958,73078958,3.763325289225809e-08,0.00046886515914417966,2835384.0,trans
Cyp2u1,3.0,130994047.0,rs4221957,3,129527944,132189066,3.7764923860700115e-08,0.000470318318170637,0.0,cis
Klf9,19.0,23215716.0,rs6372656,19,21917692,22509336,3.8228589007472024e-08,0.0004759032777655588,706380.0,cis
Gm19924,12.0,20202456.0,rs4229294,12,26992470,26992470,3.8277615180770734e-08,0.00047632405492662285,6790014.0,trans
Crnde,8.0,94849937.0,rs13479907,8,91905250,91905250,3.8359151914828986e-08,0.00047714889583479046,2944687.0,trans
Gm25121,7.0,66619866.0,rs13479276,7,65717523,66413236,3.846681519763227e-08,0.0004782979396328406,206630.0,cis
Tspyl3,2.0,153048109.0,rs13476784,2,134345046,135758395,3.860736172142951e-08,0.00047985477951205407,17289714.0,trans
Zfp457,13.0,67393386.0,rs13481861,13,68711508,69092648,3.87017464524672e-08,0.0004808368611196667,1318122.0,cis
Sord,2.0,122060560.0,UT_2_119.151187,2,118706767,121192484,3.888746304358002e-08,0.0004828921505702436,868076.0,cis
Rsg1,4.0,140770276.0,rs3023025,4,142772319,142772319,3.889804469143837e-08,0.0004828921505702436,2002043.0,trans
Acot11,4.0,106417185.0,rs3664637,4,108237103,110787831,3.891459429405868e-08,0.0004829059730133556,1819918.0,cis
Scly,1.0,93194915.0,rs13475980,1,93549972,94229306,3.897266471754207e-08,0.00048343482782163484,355057.0,cis
Dgkh,14.0,78969871.0,rs13482270,14,81473748,81615282,3.932727636034855e-08,0.00048764023888698237,2503877.0,trans
Gm12321,11.0,70870674.0,rs13480191,9,50964758,50964758,3.939774068133052e-08,0.00048832041670793,,trans
Nxpe4,9.0,47970106.0,rs13480169,9,45240527,46583651,3.984642856422699e-08,0.0004936861402530658,1386455.0,cis
Eno3,11.0,70470706.0,rs13481099,11,73923769,75078947,3.991398697057438e-08,0.0004943273968451503,3453063.0,trans
Dcaf8,1.0,174078215.0,rs3682996,1,175676881,177366983,3.995280481651968e-08,0.0004946123402093484,1598666.0,cis
Zranb1,7.0,140175700.0,D7Mit371,7,139448713,139448713,4.001390740372539e-08,0.0004951728322222648,726987.0,cis
3632451O06Rik,14.0,50301235.0,rs3670380,14,47679977,49506930,4.0044862537155567e-08,0.0004953599532131481,794305.0,cis
Dcaf6,1.0,167259821.0,UT_1_169.988189,1,168323143,169017891,4.0225542443181374e-08,0.0004973983083665764,1063322.0,cis
Cep89,7.0,36182054.0,rs6239372,7,35483870,35699898,4.042339939065703e-08,0.0004996473670540049,482156.0,cis
1500011B03Rik,5.0,115258208.0,rs3657810,5,113832345,114910446,4.0507048882470995e-08,0.0005002421918270346,347762.0,cis
Rasgef1a,6.0,118030382.0,gnf06.112.868,6,113995964,114760449,4.051358608273406e-08,0.0005002421918270346,3269933.0,trans
Hjurp,1.0,90155662.0,rs8236463,1,5579194,6217922,4.0519493996707006e-08,0.0005002421918270346,83937740.0,trans
Alox15,11.0,70157649.0,rs13481070,11,64909099,67090601,4.0922651763998135e-08,0.0005050201657699798,3067048.0,trans
Clpb,7.0,108938806.0,rs3658777,7,96762673,96762673,4.142149143619935e-08,0.0005109747016871713,12176133.0,trans
Slfn8,11.0,82815647.0,rs13481123,11,82070986,82421437,4.148539183118681e-08,0.0005115612559617156,394210.0,cis
Uba2,7.0,34925707.0,rs13479194,7,37555006,37568559,4.156383305746816e-08,0.000512326582074923,2629299.0,trans
Tarsl2,7.0,72789800.0,rs3693478,7,67179979,70463288,4.1635587453515966e-08,0.0005130089141917355,2326512.0,trans
Asah1,8.0,42426004.0,rs13479735,8,46649263,46649263,4.169815409529545e-08,0.0005135775475717761,4223259.0,trans
Pcdhb8,18.0,37514925.0,rs13483292,18,34134969,34134969,4.1787719650660465e-08,0.0005141786334752238,3379956.0,trans
LOC102639120,7.0,50253762.0,rs13481845,13,63061924,64072990,4.179626461767426e-08,0.0005141786334752238,,trans
LOC102639120,7.0,50253762.0,rs6220659,13,64303979,65397885,4.179626461767426e-08,0.0005141786334752238,,trans
Uba5,9.0,103949479.0,rs13480398,9,105676712,105823505,4.183378305179114e-08,0.000514437890466295,1727233.0,cis
Trim30d,7.0,111620222.0,rs13479416,7,103132457,103132457,4.196194471201977e-08,0.0005158111625227046,8487765.0,trans
Srd5a1,13.0,69712327.0,rs13481874,13,73106373,73106373,4.201350290844909e-08,0.0005162420886131404,3394046.0,trans
Pyroxd2,19.0,42801409.0,rs13483647,19,46657000,47045663,4.205361593729866e-08,0.0005165320987235118,3855591.0,trans
Cd38,5.0,44260089.0,UT_5_42.868696,5,44234624,44308008,4.219308878720557e-08,0.0005180418094588003,0.0,cis
Hspa8,9.0,40609356.0,rs3673816,9,47039895,47223570,4.223386051040495e-08,0.0005183389701706912,6430539.0,trans
Rbm46,3.0,82641155.0,UT_3_90.000791,3,87719794,88310086,4.2625404240095925e-08,0.0005229392576532377,5078639.0,trans
Gm23933,7.0,66645190.0,gnf07.050.858,7,63779524,65367119,4.2695530968841615e-08,0.0005234037883433351,1278071.0,cis
1500011K16Rik,2.0,127617124.0,rs3686617,2,122383806,125564678,4.26967300793571e-08,0.0005234037883433351,2052446.0,trans
Nsdhl,20.0,70163860.0,rs3157124,20,68694215,68694215,4.2826046777227384e-08,0.0005247833988942159,1469645.0,cis
Csrp1,1.0,137616638.0,rs6406033,1,138462986,141128164,4.2942406332500036e-08,0.0005260032165452711,846348.0,cis
Fam221a,6.0,49317822.0,rs6155681,6,49605503,50470104,4.3081886918412816e-08,0.0005271356881044605,287681.0,cis
Ifih1,2.0,62435358.0,rs3664317,2,63687213,63687213,4.311775066815307e-08,0.0005271356881044605,1251855.0,cis
Ifih1,2.0,62435358.0,rs3709716,2,62490365,62717694,4.311775066815307e-08,0.0005271356881044605,55007.0,cis
Gm25089,7.0,66858017.0,rs13479305,7,73316124,73426174,4.3118448536883807e-08,0.0005271356881044605,6458107.0,trans
Adgb,10.0,10155731.0,CEL-10_14286032,10,14292789,18617183,4.311911016430914e-08,0.0005271356881044605,4137058.0,trans
Mtrr,13.0,68699657.0,rs13481861,13,68711508,69092648,4.3393188111511104e-08,0.0005301112228927151,11851.0,cis
Zfand1,2.0,134588560.0,rs6351478,3,12565617,15195544,4.3396395780400125e-08,0.0005301112228927151,,trans
Glra4,20.0,133292213.0,gnfX.118.600,20,134859903,134859903,4.3425129772924445e-08,0.0005301495086384749,1567690.0,cis
D17H6S56E-5,17.0,35133669.0,rs3724833,9,74735877,77217284,4.343342260270335e-08,0.0005301495086384749,,trans
Phgdh,3.0,98117093.0,rs13477251,3,88658602,90219227,4.346828924221022e-08,0.0005302329287321247,7897866.0,trans
Slc35a5,16.0,45139686.0,rs4176590,16,39630951,43943628,4.3474154915828333e-08,0.0005302329287321247,1196058.0,cis
Ercc5,1.0,44204692.0,rs6370110,1,45566204,46925671,4.364532279127552e-08,0.0005321131277814153,1361512.0,cis
Zfp949,9.0,88461997.0,D9Mit11,9,86133452,86133452,4.366445686007281e-08,0.0005321390249222957,2328545.0,trans
Cyb5d2,11.0,72590751.0,rs13481099,11,73923769,75078947,4.373456485390628e-08,0.000532785879548126,1333018.0,cis
Ptdss1,13.0,67033766.0,rs4229817,13,66981471,67600532,4.376060716870619e-08,0.0005328956199508501,0.0,cis
Klc1,12.0,112997090.0,rs13481636,12,108786162,110330976,4.3777834810335917e-08,0.0005328979758704086,2666114.0,trans
Mrpl55,11.0,59015994.0,rs4228731,11,55208056,55208056,4.3953127224262515e-08,0.0005346157285877453,3807938.0,trans
Mrpl55,11.0,59015994.0,rs13481041,11,56515096,56515096,4.3953127224262515e-08,0.0005346157285877453,2500898.0,trans
Trmt61a,12.0,112916354.0,D12Mit280,12,112417841,112417841,4.402310271648892e-08,0.0005352587526021626,498513.0,cis
3632451O06Rik,14.0,50301235.0,rs3707560,14,55368949,56009748,4.410734718827592e-08,0.0005360747002237741,5067714.0,trans
Tnfrsf8,4.0,144858879.0,rs3023025,4,142772319,142772319,4.417650185166697e-08,0.0005367066858433532,2086560.0,trans
LOC100503822,12.0,56376368.0,rs13481466,12,57107315,58773265,4.431726065322315e-08,0.0005380823271519214,730947.0,cis
Tarsl2,7.0,72789800.0,D7Mit199,7,73078958,73078958,4.432413112646942e-08,0.0005380823271519214,289158.0,cis
Il3ra,14.0,15179009.0,rs13482054,14,11312993,19569109,4.437982861928784e-08,0.0005385494957323186,0.0,cis
Smg9,7.0,25184647.0,gnf07.011.425,7,17808155,19678759,4.451331004900045e-08,0.0005399598445851851,5505888.0,trans
Xrcc3,12.0,113041403.0,rs4229611,12,114496727,114496727,4.455382099711118e-08,0.0005402417773447256,1455324.0,cis
Thnsl2,6.0,71078392.0,rs13478800,6,64766249,65067887,4.4594829871827546e-08,0.000540529526955609,6010505.0,trans
Cpsf3l,4.0,155243676.0,rs6316711,4,155235047,155235047,4.4924291716388176e-08,0.0005443120095170049,8629.0,cis
Pibf1,14.0,99498652.0,rs13482313,14,94110424,96608537,4.495614536953647e-08,0.0005444870769350623,2890115.0,trans
Dnah3,7.0,127230225.0,D7Mit330,7,126800204,127836780,4.5108386689084014e-08,0.0005461195217364907,0.0,cis
Nomo1,7.0,53289099.0,rs6206014,7,47861154,47861154,4.5186969423929435e-08,0.000546859276618492,5427945.0,trans
Ankrd45,1.0,163072871.0,rs3653666,1,160477203,161687298,4.529701264698282e-08,0.0005479790515509638,1385573.0,cis
Rpsa-ps10,10.0,128213798.0,rs13481399,12,39541327,46008977,4.556896966800954e-08,0.0005510559502383514,,trans
Tsc2,17.0,24732882.0,rs13482930,17,26950947,27588409,4.563501459707179e-08,0.0005516413817099944,2218065.0,trans
Cox18,5.0,90643753.0,rs13465325,5,92055406,92055406,4.58912759042628e-08,0.0005545248305861912,1411653.0,cis
Car12,9.0,66561549.0,gnf09.058.846,9,64463047,66564041,4.6003229450084266e-08,0.0005556629908359038,0.0,cis
Ndufc2,7.0,104548587.0,rs13479451,7,114512549,114512549,4.605564578803038e-08,0.0005560814131194322,9963962.0,trans
Lrrc51,7.0,109061507.0,D7Mit323,7,108024450,108024450,4.6383522105277156e-08,0.0005598241663516618,1037057.0,cis
Zkscan16,4.0,58958999.0,rs6239799,4,56510056,57442782,4.654406053969399e-08,0.0005615451334171121,1516217.0,cis
Kif1c,11.0,70543641.0,UT_11_68.607315,11,68849650,69141399,4.663476496370778e-08,0.00056220583133866,1402242.0,cis
Kif1c,11.0,70543641.0,rs3715924,11,67192419,67351936,4.663476496370778e-08,0.00056220583133866,3191705.0,trans
Cep63,9.0,102488299.0,rs13480365,9,98479730,99766320,4.669115060384149e-08,0.0005626687608950326,2721979.0,trans
Npl,1.0,155350145.0,rs13476208,1,163955813,164935095,4.672387027157429e-08,0.0005628462483149644,8605668.0,trans
1700019G17Rik,6.0,85849044.0,rs13481357,12,27578331,28255508,4.687772164343159e-08,0.0005644822171933447,,trans
Snrpe,1.0,135500448.0,gnf01.128.089,1,130357592,130357592,4.7121008607218866e-08,0.0005671934593438365,5142856.0,trans
Comt,16.0,18407622.0,rs4165065,16,17412172,17412172,4.7319717149421974e-08,0.0005693662338498099,995450.0,cis
Acp1,12.0,31578191.0,rs13481392,12,36311421,36628918,4.7550167960075724e-08,0.0005719191240948616,4733230.0,trans
Gm10568,1.0,3670652.0,rs3677817,1,5176059,5176059,4.758867746934572e-08,0.0005721623270677075,1505407.0,cis
Rcbtb2,14.0,73542352.0,rs3665356,14,78964398,81304852,4.7727477567328193e-08,0.0005736106813984876,5422046.0,trans
5830403L16Rik,1.0,155696672.0,rs6209248,1,160302634,160302634,4.789048960872818e-08,0.0005753488017979933,4605962.0,trans
Hps1,19.0,42829686.0,rs13483633,19,42643144,44650782,4.812167233565922e-08,0.0005777942192652767,0.0,cis
Rnf122,8.0,32222318.0,rs13479673,8,30344779,31698372,4.813097817991033e-08,0.0005777942192652767,523946.0,cis
Pold3,7.0,107230621.0,rs3724540,7,114542346,114746367,4.8270388713864696e-08,0.0005792455162878496,7311725.0,trans
Gm5899,7.0,101345720.0,rs4226783,7,100081465,102651418,4.836735298990999e-08,0.0005800397019498679,0.0,cis
Soat1,1.0,158358239.0,rs6181202,1,156456243,159872935,4.8373652896022635e-08,0.0005800397019498679,0.0,cis
AI413582,17.0,27700714.0,CEL-17_21879142,17,23322637,26350810,4.843539583317077e-08,0.0005805575292234187,1349904.0,cis
Dlg4,11.0,69830717.0,rs13481099,11,73923769,75078947,4.850645168775925e-08,0.0005811865438133427,4093052.0,trans
Fam221a,6.0,49317822.0,rs3669453,6,48929304,49078509,4.855832611996463e-08,0.0005815853399770194,239313.0,cis
Alox15,11.0,70157649.0,rs13481068,11,64596125,64596125,4.8594426355946e-08,0.0005817949749188776,5561524.0,trans
Crk,11.0,75492812.0,rs13481099,11,73923769,75078947,4.870626414812297e-08,0.000582910867673309,413865.0,cis
Lrrc51,7.0,109061507.0,rs13479451,7,114512549,114512549,4.8785645706138016e-08,0.0005836376231015389,5451042.0,trans
Lrrc51,7.0,109061507.0,rs3699086,7,103251219,103381987,4.902316988701901e-08,0.0005862550083376596,5679520.0,trans
Polr1a,6.0,71859067.0,rs6378343,6,63773077,64613340,4.939644209796003e-08,0.0005903558236058432,7245727.0,trans
Polr1a,6.0,71859067.0,rs3706039,6,77051817,77471759,4.941802317221294e-08,0.0005903558236058432,5192750.0,trans
AA415398,4.0,119202906.0,rs3675629,4,120731448,121366806,4.942269622106116e-08,0.0005903558236058432,1528542.0,cis
Neo1,9.0,58722486.0,rs3689326,9,53767155,54508270,4.95452670988387e-08,0.000591594051527617,4214216.0,trans
Nmrk1,19.0,18706506.0,rs6372656,19,21917692,22509336,4.982348157288132e-08,0.0005946309495336714,3211186.0,trans
Mtrr,13.0,68699657.0,rs13481845,13,63061924,64072990,4.985662598203634e-08,0.0005946309495336714,4626667.0,trans
Mtrr,13.0,68699657.0,rs6220659,13,64303979,65397885,4.985662598203634e-08,0.0005946309495336714,3301772.0,trans
Il17d,14.0,58143744.0,rs13482207,14,60386942,61810350,4.990016992281541e-08,0.0005949234799059351,2243198.0,trans
Tarsl2,7.0,72789800.0,rs13479305,7,73316124,73426174,5.00912264970791e-08,0.0005969738034023015,526324.0,cis
Glra4,20.0,133292213.0,rs13484003,20,130138456,131483757,5.053113068296188e-08,0.0006019871350791283,1808456.0,cis
Tspan32,7.0,150190951.0,rs13480759,10,108815683,110380616,5.0590352375446975e-08,0.0006024632321544318,,trans
LOC102637749,17.0,42864122.0,rs13482873,17,11606730,21646617,5.074592962791046e-08,0.0006040859957352791,21217505.0,trans
Ddit4l,3.0,137286700.0,rs4221957,3,129527944,132189066,5.077037173846476e-08,0.0006041470691910351,5097634.0,trans
Pcdhb3,18.0,37460453.0,rs13483292,18,34134969,34134969,5.096071792945532e-08,0.0006061815376038422,3325484.0,trans
Glul,1.0,155747075.0,rs6406033,1,138462986,141128164,5.113185585461856e-08,0.0006079860625698428,14618911.0,trans
Zfp874a,13.0,67527195.0,rs13481861,13,68711508,69092648,5.117780500514303e-08,0.0006083012180698803,1184313.0,cis
Ythdc2,18.0,44988341.0,rs6355722,18,45300265,46215512,5.126800247030264e-08,0.0006091418714808438,311924.0,cis
Pign,1.0,107417716.0,rs4222552,1,108290875,108527642,5.1293858431652705e-08,0.0006092177018577491,873159.0,cis
Tldc2,2.0,156888628.0,rs6209325,2,147881059,149804748,5.152639930663547e-08,0.0006117271956745011,7083880.0,trans
LOC102639120,7.0,50253762.0,D13Mit224,13,64187020,64187020,5.1544256385442757e-08,0.0006117271956745011,,trans
Snap23,2.0,120393407.0,CEL-2_135876979,2,135953692,136253017,5.1574899084303946e-08,0.0006118587468330385,15560285.0,trans
Vstm2b,7.0,48154570.0,rs6206014,7,47861154,47861154,5.1664232434822894e-08,0.000612686210783052,293416.0,cis
Fam71e1,7.0,51751871.0,rs3719256,7,51794017,52261292,5.1734523041623507e-08,0.0006132873052755625,42146.0,cis
Zfp738,13.0,67770426.0,rs3670719,13,69230931,70148388,5.192540033615688e-08,0.0006153168987442225,1460505.0,cis
Tctex1d2,16.0,32419788.0,rs4170474,16,32679563,33481261,5.200611984535686e-08,0.0006160400778203926,259775.0,cis
Ddit4l,3.0,137286700.0,rs13477412,3,132350866,133905167,5.206771772759227e-08,0.0006163030179738979,3381533.0,trans
Ddit4l,3.0,137286700.0,UT_3_141.310761,3,137054608,137879711,5.206771772759227e-08,0.0006163030179738979,0.0,cis
Kcna2,3.0,106915341.0,rs13477308,3,104918494,106767998,5.2191660818164085e-08,0.0006175364288395775,147343.0,cis
Ica1,6.0,8580527.0,rs3661828,6,3416870,3416870,5.224419767188551e-08,0.0006179243414746159,5163657.0,trans
Cdh7,1.0,111878904.0,rs13476036,1,108755358,110723533,5.2275984486129605e-08,0.0006180666301433729,1155371.0,cis
Fancl,11.0,26287084.0,rs13480951,11,33538734,34315729,5.232831369166753e-08,0.0006183427580768292,7251650.0,trans
Scn9a,2.0,66320634.0,rs6305730,2,67694351,68501311,5.233887021478756e-08,0.0006183427580768292,1373717.0,cis
Haus7,20.0,70682652.0,rs13483810,20,66607415,68130577,5.2369555309967563e-08,0.0006184717166162965,2552075.0,trans
AA388235,17.0,34118437.0,rs13482942,17,30022647,31061912,5.246682030374783e-08,0.0006193865735306344,3056525.0,trans
Rnf150,8.0,85387255.0,rs13479814,8,70845435,74265398,5.255195818846049e-08,0.000620157630085958,11121857.0,trans
Mcmdc2,1.0,9898719.0,rs6404446,1,20774307,21444367,5.262343007355589e-08,0.0006207668955878227,10875588.0,trans
Ccdc42,11.0,68400717.0,rs13481070,11,64909099,67090601,5.269547477875935e-08,0.0006213413600091716,1310116.0,cis
P4ha3,7.0,107434030.0,rs13459173,7,112784815,114369537,5.271185093719468e-08,0.0006213413600091716,5350785.0,trans
Gm12282,11.0,62563572.0,rs3719767,5,115597884,116556465,5.2809560718923515e-08,0.0006221217679314722,,trans
Pla2g4e,2.0,119992148.0,rs6208879,2,109622852,111930241,5.2817829753414576e-08,0.0006221217679314722,8061907.0,trans
Nomo1,7.0,53289099.0,gnf07.032.889,7,48180543,51065291,5.284101094345265e-08,0.0006221605634329982,2223808.0,trans
Arl3,19.0,46605599.0,rs13483666,19,51448403,51448403,5.2893707048577875e-08,0.0006225467134756337,4842804.0,trans
BC051142,17.0,34535765.0,rs13482930,17,26950947,27588409,5.30178621375593e-08,0.0006237733124983316,6947356.0,trans
Ugdh,5.0,65804458.0,gnf05.061.650,5,67739262,67964306,5.359484871995045e-08,0.0006303247040293124,1934804.0,cis
Gm14414,10.0,56074254.0,rs13477942,4,119150596,120476226,5.391197282410883e-08,0.0006338160983766143,,trans
Arhgef15,11.0,68756656.0,rs3677986,11,67961048,68740438,5.3972769890562975e-08,0.000634292492863932,16218.0,cis
Ociad2,5.0,73713438.0,rs3707918,5,73733816,74027160,5.406981314529591e-08,0.0006348910805900631,20378.0,cis
Comt,16.0,18407622.0,rs4162800,16,12472871,13902480,5.408458770878032e-08,0.0006348910805900631,4505142.0,trans
Comt,16.0,18407622.0,rs4162066,16,11840922,11840922,5.408458770878032e-08,0.0006348910805900631,6566700.0,trans
Exosc9,3.0,36451549.0,petM-02707-1,3,37307265,38297775,5.434579413716525e-08,0.0006377180508978274,855716.0,cis
1700001O22Rik,2.0,30651083.0,rs6288325,2,42741654,43300080,5.437477831393742e-08,0.000637818922389584,12090571.0,trans
March8,6.0,116288056.0,rs13478992,6,116847501,116847501,5.4409328439606374e-08,0.0006379849826588284,559445.0,cis
Ggcx,6.0,72364327.0,rs13478831,6,76132093,76390846,5.443750027862894e-08,0.000638076156928303,3767766.0,trans
Reep5,18.0,34504528.0,rs13483292,18,34134969,34134969,5.460903253855213e-08,0.0006398469984837309,369559.0,cis
Fancd2,6.0,113481679.0,rs13478980,6,113408783,113408783,5.46551869055433e-08,0.0006399705520347359,72896.0,cis
Lypd1,1.0,127768620.0,D1Mit218,1,129336687,129336687,5.466679452545195e-08,0.0006399705520347359,1568067.0,cis
Ang,14.0,51710792.0,D14Mit63,14,56051955,56051955,5.469038931026197e-08,0.0006399705520347359,4341163.0,trans
Gm25120,7.0,66691519.0,rs13479276,7,65717523,66413236,5.470140454789268e-08,0.0006399705520347359,278283.0,cis
Pla2g4e,2.0,119992148.0,rs3681694,2,112125008,113257559,5.4818710402630987e-08,0.000641072683595702,6734589.0,trans
Vars2,17.0,35792579.0,rs13482947,17,31769796,31769796,5.4866693343004916e-08,0.000641072683595702,4022783.0,trans
Glra4,20.0,133292213.0,rs13484030,20,135887117,135887117,5.487431035387717e-08,0.000641072683595702,2594904.0,trans
Fancl,11.0,26287084.0,D11Mit78,11,17844334,17844334,5.487757710972839e-08,0.000641072683595702,8442750.0,trans
Klc1,12.0,112997090.0,UT_12_105.036685,12,110698473,110748175,5.493734101683511e-08,0.0006413586227830643,2248915.0,trans
Pink1,4.0,137869324.0,rs6386918,4,139323756,140081803,5.494707469810442e-08,0.0006413586227830643,1454432.0,cis
Gprc5b,7.0,126115561.0,gnf07.114.758,7,124952038,125798534,5.4968672946553656e-08,0.0006413586227830643,317027.0,cis
1110032A03Rik,9.0,50570933.0,gnf09.042.496,9,48017410,49071871,5.499288274668799e-08,0.0006413586227830643,1499062.0,cis
Dpp7,2.0,25207807.0,rs13476358,2,16227339,18741508,5.500455998968169e-08,0.0006413586227830643,6466299.0,trans
Zfp146,7.0,30946286.0,rs13479163,7,27852866,27852866,5.525495362043357e-08,0.0006440381932896834,3093420.0,trans
Rfwd2,1.0,161162457.0,CEL-1_152888326,1,154761280,155750989,5.535469665416076e-08,0.00064496047539844,5411468.0,trans
Galnt10,11.0,57458944.0,rs6199956,11,50558769,51384701,5.538635650150601e-08,0.0006450891007317622,6074243.0,trans
Gm9866,12.0,27825667.0,rs6180964,12,16835276,26476092,5.555656250680204e-08,0.0006466685678130469,1349575.0,cis
Capns1,7.0,30971961.0,CEL-7_20141278,7,31950331,35185656,5.556330885977696e-08,0.0006466685678130469,978370.0,cis
Fam78b,1.0,168931606.0,rs3693161,1,162215219,163901483,5.561060617485889e-08,0.0006469783420089883,5030123.0,trans
Trim21,7.0,109706438.0,rs3699086,7,103251219,103381987,5.582820602018013e-08,0.0006492684629118186,6324451.0,trans
Appbp2,11.0,85004808.0,rs13481123,11,82070986,82421437,5.590685831215703e-08,0.000649941555984022,2583371.0,trans
Mela,8.0,125949778.0,rs13459110,9,71331038,72952359,5.618603678845734e-08,0.0006529444871648558,,trans
Gm12176,11.0,47355312.0,CEL-17_21879142,17,23322637,26350810,5.6232473439317925e-08,0.0006532414726213889,,trans
Slc9a6,20.0,53863031.0,rs3682996,1,175676881,177366983,5.6446142254530555e-08,0.0006554802193070815,,trans
Olfr1507,14.0,53109610.0,rs6278789,14,50409368,52650880,5.6477777345990264e-08,0.0006556042242930306,458730.0,cis
Ccdc42,11.0,68400717.0,rs3695202,11,64515287,64515287,5.6567413968008994e-08,0.0006561843600729732,3885430.0,trans
Rarres1,3.0,67282894.0,rs6363066,3,57627215,58869970,5.657587359401362e-08,0.0006561843600729732,8412924.0,trans
Serpina3n,12.0,105644939.0,rs3724260,12,105957285,105957285,5.6590678951082015e-08,0.0006561843600729732,312346.0,cis
Gm22289,7.0,67049641.0,rs3680765,7,56652493,56652493,5.6788293047975333e-08,0.0006582317791679662,10397148.0,trans
Hjurp,1.0,90155662.0,rs3655978,1,13373071,14464945,5.6817282282962826e-08,0.0006583238787167385,75690717.0,trans
Kpna2,11.0,106849943.0,rs3704454,11,107635728,107780108,5.693874901466193e-08,0.0006594870208652863,785785.0,cis
Gga3,11.0,115445569.0,rs13481243,11,114532622,116490388,5.70315498452584e-08,0.0006603174051851801,0.0,cis
Asb3,11.0,30785452.0,rs13480951,11,33538734,34315729,5.7209230348362245e-08,0.0006621295574704997,2753282.0,trans
D17H6S56E-5,17.0,35133669.0,rs6355445,9,69810186,70880254,5.754050477794491e-08,0.0006657173810415859,,trans
Il3ra,14.0,15179009.0,rs3689508,14,10592844,10651879,5.7785854853660105e-08,0.000668308813823004,4527130.0,trans
Ocel1,8.0,73895252.0,rs3659789,8,58485097,63851355,5.7877037313588403e-08,0.0006689000784622061,10043897.0,trans
Rbm46,3.0,82641155.0,rs13477251,3,88658602,90219227,5.787974203839209e-08,0.0006689000784622061,6017447.0,trans
Tmem242,17.0,5410869.0,UT_17_3.221024,17,6039015,7955311,5.7907061368885304e-08,0.0006689686748851666,628146.0,cis
Pgap2,7.0,109371588.0,rs13479441,7,111297536,111297536,5.793600675532658e-08,0.0006690559986673855,1925948.0,cis
Rnf169,7.0,107068767.0,rs3724540,7,114542346,114746367,5.815787038921575e-08,0.0006713702924421636,7473579.0,trans
Trpc3,3.0,36519404.0,rs13477062,3,36739264,36836603,5.820269078048696e-08,0.0006716398582443858,219860.0,cis
Chrna7,7.0,70243574.0,rs3693478,7,67179979,70463288,5.868274088500086e-08,0.0006769297806978052,0.0,cis
Mr1,1.0,156975008.0,rs3653666,1,160477203,161687298,5.8945900458254206e-08,0.0006797148033348492,3502195.0,trans
Rplp0,13.0,67911183.0,rs13478446,5,107623394,108406052,5.899740773203584e-08,0.0006800580756705103,,trans
Rbm46,3.0,82641155.0,mCV25201949,3,70420435,72462619,5.9139189897963095e-08,0.0006814413028252718,10178536.0,trans
Glo1,2.0,35195929.0,CEL-17_21879142,17,23322637,26350810,5.9444937487138723e-08,0.0006847121350569853,,trans
Sfrp1,8.0,24521990.0,D8Mit95,8,25604645,25604645,5.9566451839815036e-08,0.000685859263678159,1082655.0,cis
Slc35f5,1.0,127457600.0,rs4222552,1,108290875,108527642,5.970295984852016e-08,0.0006871781244434356,18929958.0,trans
Cox7a2l,17.0,83901271.0,rs6263123,17,83797599,83867301,5.97917752788284e-08,0.0006879065180735694,33970.0,cis
Tmem18,12.0,31269336.0,rs13481388,12,35446738,35460717,5.981022177118997e-08,0.0006879065180735694,4177402.0,trans
Fbxo44,4.0,147526910.0,rs3023025,4,142772319,142772319,5.993149231202294e-08,0.0006890479832186593,4754591.0,trans
Fcho1,8.0,74232535.0,rs13479813,8,70431892,70720690,6.005761780685333e-08,0.0006902444078324829,3511845.0,trans
Capn11,17.0,45767153.0,rs13482997,17,43961585,44300073,6.0206238972529e-08,0.000691698402314943,1467080.0,cis
Gm13033,4.0,132440462.0,rs6234904,4,138152372,139225623,6.033685923049679e-08,0.0006929445960581447,5711910.0,trans
2810002D19Rik,2.0,94246308.0,rs3695682,2,101560604,102471685,6.085269753415173e-08,0.0006986123261954089,7314296.0,trans
Nudt19,7.0,36332204.0,CEL-7_20141278,7,31950331,35185656,6.120520406928775e-08,0.0007024014745205375,1146548.0,cis
Fam78b,1.0,168931606.0,rs4222763,1,165315111,168178248,6.125961618797079e-08,0.0007027681154260443,753358.0,cis
Tm4sf5,11.0,70318779.0,rs13481068,11,64596125,64596125,6.1710690349273e-08,0.0007076833121621748,5722654.0,trans
Pih1d1,7.0,52409724.0,rs8260975,7,53682778,53682778,6.175293001967852e-08,0.0007077292552122045,1273054.0,cis
Gm9292,12.0,22888215.0,rs4229294,12,26992470,26992470,6.175994200779906e-08,0.0007077292552122045,4104255.0,trans
Nmnat2,1.0,154802231.0,rs13476187,1,156052564,156052564,6.192260803358339e-08,0.0007090122789853373,1250333.0,cis
Hist1h2ao,13.0,23625780.0,rs6313602,11,58819966,59042857,6.193941256336377e-08,0.0007090122789853373,,trans
Larp1,11.0,57873979.0,rs13481045,11,58057820,58381052,6.193989608847036e-08,0.0007090122789853373,183841.0,cis
Nnmt,9.0,48399982.0,UT_9_51.41601,9,49215836,49989194,6.217870243741804e-08,0.0007114855110726035,815854.0,cis
Trim30d,7.0,111620222.0,rs13479441,7,111297536,111297536,6.225264592026845e-08,0.0007120711658469436,322686.0,cis
Abcb8,5.0,23899514.0,CEL-5_24068097,5,25161103,25303743,6.24269926003253e-08,0.000713612575783834,1261589.0,cis
Fmo2,1.0,164805178.0,rs6209248,1,160302634,160302634,6.24330248050509e-08,0.000713612575783834,4502544.0,trans
Slc38a11,2.0,65154690.0,rs6318340,2,62000422,62483390,6.278072220969509e-08,0.0007173246901100521,2671300.0,trans
Prss41,17.0,23973752.0,rs3672987,17,33247165,35667114,6.28077488501224e-08,0.0007173714874712217,9273413.0,trans
Sfrp1,8.0,24521990.0,rs3661760,8,24557766,25314442,6.284185073976753e-08,0.0007174990325795698,35776.0,cis
Odf4,11.0,68735337.0,rs13481070,11,64909099,67090601,6.29908290840683e-08,0.0007189376120555018,1644736.0,cis
Dapp1,3.0,137594569.0,rs13477442,3,138622072,138622072,6.323092050541534e-08,0.0007214146702092476,1027503.0,cis
Gnb4,3.0,32482448.0,rs13475616,3,32476136,33601927,6.331620993531255e-08,0.0007221243981633157,0.0,cis
Gm25934,7.0,66606779.0,rs13479238,7,56717300,62761533,6.357572168744553e-08,0.0007248198985981209,3845246.0,trans
Arhgef15,11.0,68756656.0,rs6217738,11,72486318,72978471,6.361740640802932e-08,0.0007250309174752219,3729662.0,trans
6820445E23Rik,11.0,26287010.0,rs3023251,11,20853304,27484969,6.375842863758609e-08,0.0007263734939497307,0.0,cis
Extl1,4.0,133912288.0,rs6386918,4,139323756,140081803,6.381461038636747e-08,0.0007267488921729879,5411468.0,trans
Lincenc1,13.0,98264754.0,rs4230027,13,101266456,101266456,6.385184679545346e-08,0.000726908337821659,3001702.0,trans
Lyplal1,1.0,187911759.0,rs3655423,1,190342185,190342185,6.389498016930882e-08,0.0007271347758405765,2430426.0,trans
Hps1,19.0,42829686.0,CEL-19_44215541,19,44953380,46310146,6.4094914840693e-08,0.0007291448233608445,2123694.0,trans
Thbs1,2.0,117937629.0,UT_2_119.151187,2,118706767,121192484,6.437999278890798e-08,0.0007321216488142005,769138.0,cis
Tescl,7.0,25118101.0,gnf07.011.425,7,17808155,19678759,6.44111945543632e-08,0.0007321270661198849,5439342.0,trans
Leprotl1,8.0,35198626.0,CEL-8_26907016,8,29180211,29872349,6.442727430550521e-08,0.0007321270661198849,5326277.0,trans
Zfp30,7.0,30569609.0,rs13479163,7,27852866,27852866,6.457641329813818e-08,0.0007335553682403655,2716743.0,trans
Gm13213,4.0,133194134.0,rs3657415,9,105983686,106321565,6.461868115546454e-08,0.0007337690721331709,,trans
BC051628,2.0,180954721.0,rs3703298,2,179695601,179860960,6.471013998226855e-08,0.0007344859853076238,1093761.0,cis
Gm13139,4.0,146506202.0,rs3675987,4,147659225,148197078,6.47287713837628e-08,0.0007344859853076238,1153023.0,cis
Nudcd1,15.0,44206775.0,rs13482529,15,38955763,42338284,6.475786779306232e-08,0.00073454971533723,1868491.0,cis
1700030K09Rik,8.0,74967825.0,rs13479813,8,70431892,70720690,6.491479375608863e-08,0.000736062846664005,4247135.0,trans
Miip,4.0,147234900.0,rs13478048,4,149683530,150459961,6.501557251554041e-08,0.0007369286832376888,2448630.0,trans
Gm22980,4.0,116826698.0,gnf04.110.583,4,114507956,118116038,6.506314636027283e-08,0.0007369286832376888,0.0,cis
AI504432,3.0,106842422.0,rs13477322,3,109232255,111520272,6.506941813431067e-08,0.0007369286832376888,2389833.0,trans
Reep5,18.0,34504528.0,rs13483308,18,38428527,38428527,6.508537776046404e-08,0.0007369286832376888,3923999.0,trans
Gm6728,6.0,136434677.0,rs13478398,5,94154652,97939375,6.553925825118473e-08,0.000741799265533988,,trans
Unc13a,8.0,74150642.0,rs3717251,8,64089398,64687181,6.558163371843554e-08,0.000742010432550701,9463461.0,trans
Pdxdc1,16.0,13834023.0,rs4165287,16,22028919,22028919,6.560946576216359e-08,0.0007420569576785794,8194896.0,trans
Alad,4.0,62170202.0,rs6222684,4,71801321,73879435,6.577995572248175e-08,0.0007437163573184251,9631119.0,trans
Chil1,1.0,136079041.0,rs6202860,1,147391348,148385403,6.607547667013419e-08,0.0007467876631576607,11312307.0,trans
Cd38,5.0,44260089.0,rs13478212,5,43571361,44040634,6.610320414102235e-08,0.0007468312311647286,219455.0,cis
Rmdn3,2.0,118962737.0,rs13476740,2,121412769,122144319,6.619709953865572e-08,0.0007476220603010413,2450032.0,trans
Spag8,4.0,43664332.0,D4Mit286,4,43209772,43209772,6.632152402200458e-08,0.0007487569860319365,454560.0,cis
Gm10719,9.0,3017408.0,rs3675987,4,147659225,148197078,6.636151165424208e-08,0.0007489381613350812,,trans
Abhd16a,17.0,35226236.0,rs13482967,17,37015393,39314866,6.660537595890177e-08,0.0007514192734747843,1789157.0,cis
Nucb1,7.0,52748246.0,rs3719256,7,51794017,52261292,6.665733493808291e-08,0.0007516115415309055,486954.0,cis
Mtrr,13.0,68699657.0,rs3670719,13,69230931,70148388,6.667046927843869e-08,0.0007516115415309055,531274.0,cis
Prmt3,7.0,57033716.0,rs3680765,7,56652493,56652493,6.67266260857405e-08,0.0007519736454939143,381223.0,cis
Chmp3,6.0,71493848.0,rs6378343,6,63773077,64613340,6.678982133007781e-08,0.0007524147795541719,6880508.0,trans
Zfp146,7.0,30946286.0,CEL-7_20141278,7,31950331,35185656,6.707931573184093e-08,0.0007554040313187313,1004045.0,cis
P4ha3,7.0,107434030.0,rs13479416,7,103132457,103132457,6.714878800758093e-08,0.000755654085172929,4301573.0,trans
Wscd1,11.0,71564205.0,rs3695202,11,64515287,64515287,6.71721804060801e-08,0.000755654085172929,7048918.0,trans
Rnase6,14.0,51748765.0,rs13482193,14,56241527,57409827,6.717398417282455e-08,0.000755654085172929,4492762.0,trans
2810025M15Rik,1.0,159342483.0,rs13476187,1,156052564,156052564,6.725602357234973e-08,0.0007563050090634339,3289919.0,trans
Nucb1,7.0,52748246.0,rs13479226,7,52843651,53422379,6.746196222514532e-08,0.0007583482319445594,95405.0,cis
Gm4983,12.0,17999672.0,rs4229294,12,26992470,26992470,6.81130997552209e-08,0.0007653927248365372,8992798.0,trans
Gm25089,7.0,66858017.0,CEL-7_43304662,7,62999955,63232349,6.821559928517134e-08,0.0007660077706150302,3625668.0,trans
Commd7,2.0,153442669.0,CEL-2_135876979,2,135953692,136253017,6.821680446747439e-08,0.0007660077706150302,17189652.0,trans
Szt2,4.0,118060348.0,gnf04.110.583,4,114507956,118116038,6.831271068353106e-08,0.0007668094665978747,0.0,cis
Zfp125,12.0,20905683.0,rs13481357,12,27578331,28255508,6.847286373624542e-08,0.0007683314988796389,6672648.0,trans
Lrba,3.0,86028602.0,rs3698196,3,85931836,87487048,6.872877173695303e-08,0.0007707586808275259,0.0,cis
Manba,3.0,135148575.0,UT_3_141.310761,3,137054608,137879711,6.876308384758241e-08,0.0007707586808275259,1906033.0,cis
Manba,3.0,135148575.0,rs13477412,3,132350866,133905167,6.876308384758241e-08,0.0007707586808275259,1243408.0,cis
Tbc1d23,16.0,57168975.0,rs4188505,16,56463020,56493761,6.923588281114052e-08,0.0007757802803418084,675214.0,cis
Gsr,8.0,34763710.0,rs13479702,8,37203160,37571455,6.934767364209272e-08,0.0007767546767677107,2439450.0,trans
Cox5b,13.0,21592793.0,UT_1_35.224766,1,34593292,34867217,6.991041845118343e-08,0.0007826676623320087,,trans
Neu2,1.0,89340227.0,rs3678377,1,87687979,89386211,6.99256137207433e-08,0.0007826676623320087,0.0,cis
Mrpl55,11.0,59015994.0,D11Mit349,11,55602850,55602850,6.998212178080404e-08,0.0007830199989156922,3413144.0,trans
Rbp1,9.0,98323380.0,rs3705403,9,97259753,98400496,7.003327129390804e-08,0.0007833121489771535,0.0,cis
Prss41,17.0,23973752.0,gnf17.005.541,17,8688392,9032964,7.005967415140825e-08,0.0007833274013215392,14940788.0,trans
Ivd,2.0,118687718.0,rs6208879,2,109622852,111930241,7.022556963072767e-08,0.0007849017330131789,6757477.0,trans
Fcrls,3.0,87054680.0,rs3699123,3,82199891,84792918,7.05305667481175e-08,0.0007880291051979208,2261762.0,trans
Prss41,17.0,23973752.0,CEL-17_29648158,17,31179361,31326531,7.087111777532428e-08,0.0007915513418617144,7205609.0,trans
Amdhd2,17.0,24292800.0,CEL-17_20354682,17,21827381,23003494,7.124383093684035e-08,0.000795430151407686,1289306.0,cis
Scnm1,3.0,94933641.0,rs3699123,3,82199891,84792918,7.157591447959793e-08,0.000798852729601073,10140723.0,trans
Reep5,18.0,34504528.0,rs3666799,18,32047327,34074322,7.165279577474738e-08,0.0007994255916711137,430206.0,cis
Chil1,1.0,136079041.0,rs13476148,1,144862429,144862429,7.169452921677542e-08,0.0007995947936294748,8783388.0,trans
Cenpb,2.0,131003025.0,rs6411422,2,128199226,129125488,7.17190797802914e-08,0.0007995947936294748,1877537.0,cis
Cdkn2aipnl,11.0,51781165.0,rs6199956,11,50558769,51384701,7.181266459065715e-08,0.0008003529399489453,396464.0,cis
March8,6.0,116288056.0,gnf06.112.868,6,113995964,114760449,7.189101822564388e-08,0.0008009408551132057,1527607.0,cis
Miip,4.0,147234900.0,rs6316136,4,142959727,144118897,7.193991297338782e-08,0.0008012002658225209,3116003.0,trans
Zfp715,7.0,50551758.0,gnf07.032.889,7,48180543,51065291,7.199816785813602e-08,0.0008013524545853071,0.0,cis
Rplp0,13.0,67911183.0,CEL-5_106241511,5,109222883,110483930,7.200480877183527e-08,0.0008013524545853071,,trans
Snord118,12.0,13170434.0,rs13481087,11,69415411,70265537,7.224217128865594e-08,0.0008036419919486785,,trans
Nnmt,9.0,48399982.0,gnf09.044.659,9,50175753,50652205,7.22619102194017e-08,0.0008036419919486785,1775771.0,cis
Ccl17,8.0,97334353.0,rs13479914,8,93349658,93349658,7.23598926826945e-08,0.0008044457040655573,3984695.0,trans
Hdhd3,4.0,62160046.0,rs6222684,4,71801321,73879435,7.243848225763513e-08,0.0008050333254415778,9641275.0,trans
H2-Q2,17.0,35479278.0,rs13482942,17,30022647,31061912,7.261208649612972e-08,0.0008066760845528767,4417366.0,trans
Smarcd3,5.0,24098440.0,rs3706626,5,24621790,24621790,7.301383296146601e-08,0.0008104797477313489,523350.0,cis
Tspyl3,2.0,153048109.0,gnf02.161.674,2,158566515,158683924,7.301956774864771e-08,0.0008104797477313489,5518406.0,trans
Serpina3n,12.0,105644939.0,rs3663596,12,106091063,106091063,7.303219055663939e-08,0.0008104797477313489,446124.0,cis
Gnptab,10.0,87841877.0,rs13480733,10,101577654,101577654,7.306744082391186e-08,0.0008105833971055094,13735777.0,trans
Ppt1,4.0,122513489.0,UT_4_121.927901,4,122536809,123885163,7.314114416773335e-08,0.0008108259810900078,23320.0,cis
Ppt1,4.0,122513489.0,rs3677161,4,124517596,124745401,7.314114416773335e-08,0.0008108259810900078,2004107.0,trans
Fcho1,8.0,74232535.0,rs6394046,8,64982540,69577204,7.32283393084623e-08,0.0008115050426601285,4655331.0,trans
Golga7b,19.0,42322064.0,D19Mit89,19,42573794,42573794,7.353812398988549e-08,0.0008146494524267993,251730.0,cis
Cntnap5a,1.0,117581714.0,rs6302966,1,122017245,122817184,7.366378640958046e-08,0.0008157526663969876,4435531.0,trans
Hfm1,5.0,107330908.0,CEL-5_106241511,5,109222883,110483930,7.38914957041624e-08,0.000817984766672972,1891975.0,cis
Dapp1,3.0,137594569.0,rs4221957,3,129527944,132189066,7.397505765119531e-08,0.0008186201296118309,5405503.0,trans
Lincenc1,13.0,98264754.0,gnf13.102.503,13,102666993,103343044,7.40558545045873e-08,0.0008191990078387244,4402239.0,trans
Nomo1,7.0,53289099.0,rs8260975,7,53682778,53682778,7.407973997914949e-08,0.0008191990078387244,393679.0,cis
AI413582,17.0,27700714.0,rs13482947,17,31769796,31769796,7.421733607816328e-08,0.0008204305851119151,4069082.0,trans
Eno3,11.0,70470706.0,gnf11.079.978,11,75282894,76408655,7.431593082631876e-08,0.0008212303067832476,4812188.0,trans
LOC102639749,7.0,66641451.0,gnf07.050.858,7,63779524,65367119,7.448667856856336e-08,0.0008228265108496293,1274332.0,cis
Rps18,17.0,34088944.0,CEL-17_20354682,17,21827381,23003494,7.456680623363578e-08,0.0008234208952651423,11085450.0,trans
Tssc1,12.0,29436731.0,rs4229294,12,26992470,26992470,7.461269222301015e-08,0.0008236368721554311,2444261.0,trans
Dnah7c,1.0,46487608.0,rs13475876,1,55184323,57882215,7.466882691578636e-08,0.0008239657904760136,8696715.0,trans
Gm10654,8.0,73455693.0,rs13479842,8,78352527,78791132,7.474652630089488e-08,0.0008245323579468988,4896834.0,trans
Itfg3,17.0,26349644.0,CEL-17_21879142,17,23322637,26350810,7.479731182025456e-08,0.000824786953375158,0.0,cis
Nlrp1c-ps,11.0,71055932.0,rs13481099,11,73923769,75078947,7.482233511863198e-08,0.000824786953375158,2867837.0,trans
Mis12,11.0,70833113.0,rs13481087,11,69415411,70265537,7.489119122990572e-08,0.0008252551854283787,567576.0,cis
BC026585,1.0,159388711.0,rs13476163,1,148717645,153539523,7.509686111062976e-08,0.0008269757665502625,5849188.0,trans
F2rl2,13.0,96466875.0,rs13481944,13,93772828,96283662,7.510020132208268e-08,0.0008269757665502625,183213.0,cis
LOC102637749,17.0,42864122.0,CEL-17_29648158,17,31179361,31326531,7.51559562622567e-08,0.0008272922394403298,11537591.0,trans
Nnmt,9.0,48399982.0,rs13480191,9,50964758,50964758,7.518183027632863e-08,0.0008272922394403298,2564776.0,trans
Gm23933,7.0,66645190.0,rs3693478,7,67179979,70463288,7.547701738227152e-08,0.0008301499473446747,534789.0,cis
Ttll3,6.0,113339254.0,rs13478933,6,101797293,103078877,7.551688606221438e-08,0.0008301499473446747,10260377.0,trans
Bok,1.0,95582271.0,rs13475970,1,90246345,91918244,7.552113783948995e-08,0.0008301499473446747,3664027.0,trans
Ccdc171,4.0,83171500.0,rs6258088,4,82262282,87106965,7.575691347564644e-08,0.0008324491626238649,0.0,cis
Gng2,14.0,20691781.0,rs3658866,14,23778000,23778000,7.588115945826158e-08,0.0008335216583657269,3086219.0,trans
Chp1,2.0,119373443.0,rs13476740,2,121412769,122144319,7.643890418045568e-08,0.0008393535256479354,2039326.0,trans
Dbndd2,2.0,164311640.0,rs6345991,2,163632488,163647545,7.676153570266192e-08,0.0008426004961237607,664095.0,cis
Gga3,11.0,115445569.0,rs13481251,11,116908503,116908503,7.68649151080126e-08,0.0008434393335759947,1462934.0,cis
Cdk5rap1,2.0,154161116.0,gnf02.161.674,2,158566515,158683924,7.692115748472853e-08,0.0008437605291463856,4405399.0,trans
Tm7sf3,6.0,146552011.0,rs3089737,6,145406060,146691561,7.759881603301574e-08,0.0008506580857423377,0.0,cis
Tmod1,4.0,46073838.0,rs13477674,4,43562053,44330250,7.763154531847877e-08,0.0008506580857423377,1743588.0,cis
Tmod1,4.0,46073838.0,rs13477670,4,42803507,43197670,7.763154531847877e-08,0.0008506580857423377,2876168.0,trans
1700030K09Rik,8.0,74967825.0,UT_6_76.003706,8,77908172,78222251,7.781823566136983e-08,0.0008524052045059994,2940347.0,trans
4930474N05Rik,14.0,36908103.0,gnf17.005.541,17,8688392,9032964,7.810139775406882e-08,0.0008552074623740237,,trans
4930429B21Rik,3.0,32264411.0,rs6373308,3,26093917,27874494,7.815348618961903e-08,0.0008554783964368112,4389917.0,trans
Clpb,7.0,108938806.0,rs13479395,7,97208893,98602160,7.829190257197903e-08,0.0008563942242969618,10336646.0,trans
Clpb,7.0,108938806.0,CEL-7_79063914,7,98979741,99797453,7.829190257197903e-08,0.0008563942242969618,9141353.0,trans
D17H6S56E-5,17.0,35133669.0,rs3672897,9,83587154,84973161,7.840527867717177e-08,0.0008573346189372461,,trans
Psmb6,11.0,70338888.0,rs13481099,11,73923769,75078947,7.847961684720445e-08,0.0008578476392419005,3584881.0,trans
Kcnj10,1.0,174271341.0,rs13476267,1,182213911,184421782,7.866758870334822e-08,0.0008596019782412246,7942570.0,trans
Zfp593,4.0,133799221.0,rs3663950,4,135285446,135525152,7.887765842813614e-08,0.0008612957398387779,1486225.0,cis
Zfp593,4.0,133799221.0,rs3664871,4,132410010,133808951,7.887765842813614e-08,0.0008612957398387779,0.0,cis
1110032A03Rik,9.0,50570933.0,rs13480191,9,50964758,50964758,7.90357314454379e-08,0.0008627206762675246,393825.0,cis
Zfp146,7.0,30946286.0,rs8261944,7,31220797,31291333,7.929830333432238e-08,0.0008652848863735246,274511.0,cis
Wdfy1,1.0,79701942.0,rs13475954,1,82901014,83335506,7.950436089798336e-08,0.0008672308519989934,3199072.0,trans
Dsel,1.0,113755394.0,rs13476045,1,110960852,117320811,7.970162532781424e-08,0.0008690795793064155,0.0,cis
Kpna2,11.0,106849943.0,rs13481205,11,104772621,104772621,8.01835269678575e-08,0.0008740296676322977,2077322.0,trans
C530030P08Rik,11.0,32625889.0,rs3696307,10,53462955,53462955,8.023506858005552e-08,0.0008742868604220173,,trans
Nup35,2.0,80478971.0,rs3722345,2,80455844,82834232,8.115540244709672e-08,0.000884007431512356,0.0,cis
Lrrc61,6.0,48504951.0,CEL-6_51479799,6,51483155,51546716,8.144159562978802e-08,0.0008868160891039637,2978204.0,trans
Bok,1.0,95582271.0,rs3678377,1,87687979,89386211,8.14759264581146e-08,0.0008868812217147788,6196060.0,trans
Wdr83os,8.0,87604673.0,rs13479825,8,85707108,85950408,8.174078791353778e-08,0.0008894548066655165,1654265.0,cis
Zdhhc2,8.0,41509169.0,rs13479734,8,45708317,45708317,8.193275789487471e-08,0.000891233715886691,4199148.0,trans
Zfp790,7.0,30601091.0,rs4226520,7,30566471,31205553,8.207376713047134e-08,0.00089222836743226,0.0,cis
Nop10,2.0,112102126.0,rs6242654,2,107081147,109233749,8.208123851595296e-08,0.00089222836743226,2868377.0,trans
Zfp874a,13.0,67527195.0,D13Mit224,13,64187020,64187020,8.215649879816995e-08,0.0008927362582844367,3340175.0,trans
Zfp277,12.0,41041633.0,rs13481426,12,46245577,46585241,8.227330145902491e-08,0.0008933888961732584,5203944.0,trans
Hjurp,1.0,90155662.0,D1Mit294,1,11731388,12711281,8.227367425157083e-08,0.0008933888961732584,77444381.0,trans
Rgl2,17.0,34066839.0,rs13482930,17,26950947,27588409,8.268706656530612e-08,0.0008975662713511792,6478430.0,trans
Gng10,4.0,59048028.0,UT_4_58.126445,4,58386897,59713470,8.276181466302416e-08,0.0008980660482003199,0.0,cis
Gm10654,8.0,73455693.0,rs3659789,8,58485097,63851355,8.335263350375699e-08,0.0009041635300806778,9604338.0,trans
Extl1,4.0,133912288.0,rs6355837,4,129390618,129630775,8.344110802149966e-08,0.0009048095187644937,4281513.0,trans
Chmp4b,2.0,154482780.0,gnf02.161.674,2,158566515,158683924,8.363880411537632e-08,0.0009066390143210056,4083735.0,trans
Arhgap4,20.0,71139695.0,CEL-X_71438949,20,77128597,81087944,8.372128851894649e-08,0.000907218788086593,5988902.0,trans
Zfp932,5.0,110436056.0,rs13478446,5,107623394,108406052,8.40721182496101e-08,0.0009107049912182278,2030004.0,trans
Kpna2,11.0,106849943.0,rs3658778,11,104889757,105687115,8.413718988605109e-08,0.0009110943989982543,1162828.0,cis
Cntnap5a,1.0,117581714.0,mCV24201027,1,117626780,121957699,8.425307029431585e-08,0.0009120335386604189,45066.0,cis
Zfp874a,13.0,67527195.0,rs13481845,13,63061924,64072990,8.433909089621474e-08,0.0009123333330551049,3454205.0,trans
Zfp874a,13.0,67527195.0,rs6220659,13,64303979,65397885,8.433909089621474e-08,0.0009123333330551049,2129310.0,trans
Rnf150,8.0,85387255.0,rs13479879,8,89032866,89627140,8.441423729275701e-08,0.0009128305850402786,3645611.0,trans
9030025P20Rik,17.0,15178579.0,rs13482930,17,26950947,27588409,8.457905958695903e-08,0.0009142968869230018,11772368.0,trans
Ppp1r3e,14.0,55495156.0,rs13482193,14,56241527,57409827,8.464520525922487e-08,0.0009146958531982841,746371.0,cis
Gm10484,5.0,5173610.0,CEL-5_3149134,5,3143128,4304152,8.481824491034392e-08,0.000916249266372398,869458.0,cis
Scg5,2.0,113616524.0,rs13476740,2,121412769,122144319,8.514955776984335e-08,0.0009195069358213171,7796245.0,trans
Dnal4,15.0,79591883.0,rs6342608,15,77990182,78589640,8.517859550552306e-08,0.0009195069358213171,1002243.0,cis
Epm2aip1,9.0,111174345.0,CEL-9_110802813,9,110701162,111095499,8.524248896610617e-08,0.0009198792500759427,78846.0,cis
Gm22980,4.0,116826698.0,rs13477942,4,119150596,120476226,8.532965880953006e-08,0.0009205024039178082,2323898.0,trans
Sh3bp1,15.0,78730216.0,CEL-15_73825145,15,73370669,74082232,8.550257568567906e-08,0.0009220498141569339,4647984.0,trans
Fggy,4.0,95246152.0,rs13481357,12,27578331,28255508,8.564109653300482e-08,0.0009228008279884312,,trans
Efnb3,11.0,69367607.0,UT_11_68.607315,11,68849650,69141399,8.568322364334068e-08,0.0009228008279884312,226208.0,cis
Efnb3,11.0,69367607.0,rs3715924,11,67192419,67351936,8.568322364334068e-08,0.0009228008279884312,2015671.0,trans
Tarsl2,7.0,72789800.0,rs13479276,7,65717523,66413236,8.56902078876368e-08,0.0009228008279884312,6376564.0,trans
Ciao1,2.0,127066674.0,rs4223510,2,131679415,131819271,8.592085927614642e-08,0.0009247107297601972,4612741.0,trans
Ctse,1.0,133534891.0,gnf01.132.831,1,135115364,135695643,8.592667621742063e-08,0.0009247107297601972,1580473.0,cis
Snrpe,1.0,135500448.0,mCV24201027,1,117626780,121957699,8.616913742115517e-08,0.0009270011206546561,13542749.0,trans
Ivd,2.0,118687718.0,rs3681694,2,112125008,113257559,8.659061822063225e-08,0.0009312151542051211,5430159.0,trans
Gm25874,7.0,66706485.0,rs13479276,7,65717523,66413236,8.687368125456454e-08,0.0009337299124595011,293249.0,cis
Zkscan16,4.0,58958999.0,rs3690581,4,62368291,62368291,8.688415095571743e-08,0.0009337299124595011,3409292.0,trans
Tnfaip6,2.0,51893633.0,rs6209424,2,45522550,45926637,8.701474799383991e-08,0.0009348122867162416,5966996.0,trans
Foxred1,9.0,35011793.0,rs6240566,9,40268402,40515147,8.746294218578176e-08,0.0009393047396619764,5256609.0,trans
Haus7,20.0,70682652.0,gnfX.076.619,20,89920839,90523799,8.760842059770691e-08,0.0009405393774297199,19238187.0,trans
Bex4,1.0,152116052.0,rs13484030,20,135887117,135887117,8.763803394252884e-08,0.0009405393774297199,,trans
Pcsk5,19.0,17507883.0,rs3686467,19,16955951,16955951,8.785872427610473e-08,0.0009420576047361597,551932.0,cis
Pcsk5,19.0,17507883.0,rs13483541,19,15843736,16153409,8.785872427610473e-08,0.0009420576047361597,1354474.0,cis
Noxo1,17.0,24833219.0,CEL-17_20354682,17,21827381,23003494,8.786983917042298e-08,0.0009420576047361597,1829725.0,cis
Unc45a,7.0,87470178.0,rs13479334,7,80485399,81203871,8.826509738517846e-08,0.000945971006095376,6266307.0,trans
Cda,4.0,137894443.0,rs13478021,4,140166294,140166294,8.834681962128447e-08,0.0009465225921184815,2271851.0,trans
Mettl18,1.0,165925044.0,UT_1_169.988189,1,168323143,169017891,8.840543766358147e-08,0.0009466190368910299,2398099.0,trans
Mrps14,1.0,162125391.0,rs3653666,1,160477203,161687298,8.841633929944961e-08,0.0009466190368910299,438093.0,cis
Tubg1,11.0,100981445.0,mCV22971719,11,101112194,101318783,8.850830698666174e-08,0.0009472794892756918,130749.0,cis
Mtrr,13.0,68699657.0,gnf13.057.762,13,59805606,59805606,8.86345378425175e-08,0.0009483060735478994,8894051.0,trans
Pfdn6,17.0,34075864.0,rs13482947,17,31769796,31769796,8.915328291212288e-08,0.000953530052538074,2306068.0,trans
Jade2,11.0,51626958.0,rs13481023,11,51824799,52067554,8.971413068711882e-08,0.0009592006121892812,197841.0,cis
Stxbp4,11.0,90338792.0,rs13481152,11,89938912,90397848,8.983080814574832e-08,0.0009601199638704357,0.0,cis
Rnaseh2a,8.0,87480509.0,rs3698182,8,86111850,88831890,9.028338377843264e-08,0.0009646275721175344,0.0,cis
Tsku,7.0,105499187.0,rs13480777,10,115571078,115571078,9.05849558136754e-08,0.0009675192641116383,,trans
Zdhhc2,8.0,41509169.0,rs3680402,8,33934049,34520656,9.096828394829705e-08,0.0009712819042933743,6988513.0,trans
Rasal1,5.0,121098831.0,rs3671202,5,125290218,125382920,9.104997645859653e-08,0.000971822467359144,4191387.0,trans
Ppp1r11,17.0,37085693.0,rs3672987,17,33247165,35667114,9.11497088597375e-08,0.0009724603717427233,1418579.0,cis
Nelfb,2.0,25055236.0,rs6193345,2,23199300,23199300,9.117191140562213e-08,0.0009724603717427233,1855936.0,cis
Spock1,13.0,57522556.0,mCV22624058,13,59281898,59281898,9.12551417184433e-08,0.0009730163773879685,1759342.0,cis
Pot1b,17.0,55791323.0,rs13483068,17,64375221,64375221,9.156612864771175e-08,0.0009759996526940144,8583898.0,trans
Cbs,17.0,31749585.0,rs13482967,17,37015393,39314866,9.162638292937393e-08,0.0009762960071668555,5265808.0,trans
Pyroxd2,19.0,42801409.0,rs3660360,19,48448365,48448365,9.165634691398468e-08,0.0009762960071668555,5646956.0,trans
Ppt1,4.0,122513489.0,D4Mit12,4,124048407,124048407,9.238797896406129e-08,0.0009837541809934397,1534918.0,cis
Ankfy1,11.0,72503504.0,rs13481087,11,69415411,70265537,9.261631039430738e-08,0.0009858499199475296,2237967.0,trans
Gfer,17.0,24830135.0,rs13482930,17,26950947,27588409,9.270398157690777e-08,0.0009864474911684133,2120812.0,trans
1500011B03Rik,5.0,115258208.0,rs13459088,5,111078136,111778516,9.282330358378896e-08,0.0009873813326036107,3479692.0,trans
Alad,4.0,62170202.0,CEL-4_51526276,4,52294103,54911506,9.318459941106902e-08,0.0009905508985618267,7258696.0,trans
Alad,4.0,62170202.0,rs13477695,4,49784163,50695666,9.318459941106902e-08,0.0009905508985618267,11474536.0,trans
Kcnip3,2.0,127282232.0,rs13476740,2,121412769,122144319,9.323061261555947e-08,0.0009907033877966517,5137913.0,trans
Gm25314,7.0,66627345.0,rs13479276,7,65717523,66413236,9.336106181779947e-08,0.000991683544185186,214109.0,cis
Cox5b,13.0,21592793.0,UT_1_38.719268,1,38079088,38093585,9.338624937354835e-08,0.000991683544185186,,trans
Pnpla3,15.0,83998258.0,rs13482695,15,88301261,88301261,9.355267950769345e-08,0.0009931137866107701,4303003.0,trans
Vamp5,6.0,72318088.0,rs13478831,6,76132093,76390846,9.36361059765209e-08,0.000993662227486552,3814005.0,trans
Glul,1.0,155747075.0,rs13476138,1,141417668,141417668,9.420717687725757e-08,0.0009993834028342698,14329407.0,trans
LOC102639173,7.0,108985265.0,D7Mit301,7,98732421,98732421,9.457676108415138e-08,0.0010029639811144412,10252844.0,trans
Mrpl20,4.0,155177727.0,rs3720634,4,155281703,155384694,9.46589558522655e-08,0.0010034954690593843,103976.0,cis
Klhl5,5.0,65498820.0,rs13478294,5,63821509,65070490,9.509249888608209e-08,0.001007546126438021,428330.0,cis
Rasal1,5.0,121098831.0,rs3711495,5,126622830,126622830,9.512963126800648e-08,0.001007546126438021,5523999.0,trans
Lrrc61,6.0,48504951.0,rs13478728,6,44145774,45043868,9.516155479323333e-08,0.001007546126438021,3461083.0,trans
Erc1,6.0,119520814.0,rs13479001,6,119516194,119957168,9.516987679996228e-08,0.001007546126438021,0.0,cis
4930505A04Rik,11.0,30326004.0,gnf11.035.919,11,34953683,35696875,9.524719424095581e-08,0.0010080235473629894,4627679.0,trans
Snord118,12.0,13170434.0,rs13481068,11,64596125,64596125,9.555513977357522e-08,0.001010925847034318,,trans
Has1,17.0,17980293.0,rs13482873,17,11606730,21646617,9.558605864239916e-08,0.001010925847034318,0.0,cis
Rfwd2,1.0,161162457.0,rs3653666,1,160477203,161687298,9.562813335477265e-08,0.001011029037771153,0.0,cis
Pfdn6,17.0,34075864.0,CEL-17_21879142,17,23322637,26350810,9.58127191111573e-08,0.0010126383486684203,7725054.0,trans
Rnps1,6.0,7932358.0,rs13482942,17,30022647,31061912,9.596504872036035e-08,0.0010139057745896637,,trans
Slc35a5,16.0,45139686.0,rs4173870,16,36946777,39041163,9.618504052613033e-08,0.0010154680119052815,6098523.0,trans
Slc35a5,16.0,45139686.0,rs4175608,16,39182601,39493446,9.618504052613033e-08,0.0010154680119052815,5646240.0,trans
C530030P08Rik,11.0,32625889.0,D11Mit79,11,19645820,19740965,9.621029157440998e-08,0.0010154680119052815,12884924.0,trans
Bai1,15.0,74346626.0,rs13482635,15,69276656,70046282,9.668189709644934e-08,0.0010201014894207715,4300344.0,trans
Nsdhl,20.0,70163860.0,rs13483818,20,69187247,70591777,9.672671349698691e-08,0.0010202302611154953,0.0,cis
Olfr1507,14.0,53109610.0,D14Mit63,14,56051955,56051955,9.700608902361057e-08,0.0010228321372749338,2942345.0,trans
Dpp7,2.0,25207807.0,rs13476413,2,31678178,33073858,9.706836629068667e-08,0.0010231439475009067,6470371.0,trans
Paqr8,1.0,20880689.0,gnf01.013.065,1,16119467,18911762,9.712337397556977e-08,0.001023378948847062,1968927.0,cis
Trmt61a,12.0,112916354.0,CEL-12_104545022,12,111035058,111535845,9.743651402652264e-08,0.0010263327901970975,1380509.0,cis
Kcnj3,2.0,55288381.0,rs6201706,2,55266331,57167606,9.764266002639919e-08,0.0010281580167715361,0.0,cis
Spint1,2.0,119063141.0,rs13476709,2,114022898,115248630,9.774417240969031e-08,0.001028880614366313,3814511.0,trans
Hps1,19.0,42829686.0,D19Mit89,19,42573794,42573794,9.78224649610868e-08,0.0010293583900692995,255892.0,cis
Fam177a,12.0,56300520.0,rs13481462,12,55741344,56422769,9.786807563287262e-08,0.0010294920578447432,0.0,cis
F2rl2,13.0,96466875.0,rs6328703,13,91841957,93493822,9.798388839048997e-08,0.0010303638560225056,2973053.0,trans
Trav15n-1,14.0,53793956.0,rs4230383,14,54987778,55236881,9.80269064659946e-08,0.0010304698424461938,1193822.0,cis
Plekhh2,17.0,84911235.0,rs13483126,17,81620040,83617199,9.821188548783254e-08,0.0010320675657870626,1294036.0,cis
Sfi1,11.0,3031884.0,rs4224919,4,144563168,147520407,9.829505677274597e-08,0.0010325947205007376,,trans
Uba2,7.0,34925707.0,rs6239372,7,35483870,35699898,9.841916693981024e-08,0.0010331172577647957,558163.0,cis
Stx6,1.0,157005872.0,rs3653666,1,160477203,161687298,9.842654430571038e-08,0.0010331172577647957,3471331.0,trans
Ociad2,5.0,73713438.0,gnf05.066.286,5,72415729,73519551,9.846911195582616e-08,0.0010331172577647957,193887.0,cis
1700012P22Rik,4.0,144008094.0,rs4224919,4,144563168,147520407,9.847689338695578e-08,0.0010331172577647957,555074.0,cis
Fan1,7.0,71491644.0,CEL-7_43304662,7,62999955,63232349,9.860256907232445e-08,0.0010340889395161834,8259295.0,trans
Dennd1b,1.0,140860363.0,D1Mit218,1,129336687,129336687,9.907066959303065e-08,0.0010386499278817601,11523676.0,trans
Crocc,4.0,140572552.0,rs13478021,4,140166294,140166294,9.95547880794503e-08,0.0010433757352756364,406258.0,cis
Dhdds,4.0,133524972.0,rs3023009,4,129249415,129300960,9.977255151693832e-08,0.001045307800131704,4224012.0,trans
Arhgef15,11.0,68756656.0,rs13481087,11,69415411,70265537,1.0032877294597459e-07,0.001050783377290065,658755.0,cis
Acap3,4.0,155265984.0,rs3720634,4,155281703,155384694,1.0041471717756002e-07,0.0010513315365661908,15719.0,cis
Prmt3,7.0,57033716.0,gnf07.050.858,7,63779524,65367119,1.0127888218954779e-07,0.0010600244928893924,6745808.0,trans
Iglon5,7.0,50728277.0,rs3719256,7,51794017,52261292,1.0140922222456034e-07,0.0010610337033101565,1065740.0,cis
8430419L09Rik,6.0,135148070.0,rs13479023,6,127388476,129105169,1.0147000241393377e-07,0.0010613146851011753,6042901.0,trans
Tnni1,1.0,137696016.0,rs8256197,1,130485641,130485675,1.015324355708925e-07,0.0010616127623301597,7210341.0,trans
Gm7222,20.0,131362718.0,rs13482930,17,26950947,27588409,1.0205070139486656e-07,0.0010666751876943768,,trans
Ttll3,6.0,113339254.0,rs13478992,6,116847501,116847501,1.0214426404221158e-07,0.0010672965447336984,3508247.0,trans
Gm23933,7.0,66645190.0,D7Mit199,7,73078958,73078958,1.0257420855529254e-07,0.0010714311381827598,6433768.0,trans
Chrna3,9.0,54854240.0,mCV23098764,9,51521230,51995283,1.0311000594499564e-07,0.0010766682807221352,2858957.0,trans
Cntnap2,6.0,45010087.0,rs13478739,6,46977242,48355274,1.0314802879801366e-07,0.0010767059318406353,1967155.0,cis
Gdf1,8.0,72839673.0,rs13479846,8,79783027,79924634,1.0318979139595272e-07,0.0010767825819751132,6943354.0,trans
Gm24871,1.0,173433179.0,NES13029525,1,174201925,174420752,1.0332793258903312e-07,0.0010778645535845987,768746.0,cis
Me1,13.0,62915449.0,rs3669564,9,87780386,88102529,1.0347697612343458e-07,0.001079059493662143,,trans
Unc13a,8.0,74150642.0,rs3722665,8,75068927,77417178,1.0364062286712872e-07,0.0010804058691249272,918285.0,cis
Gm3579,8.0,93410675.0,rs6234904,4,138152372,139225623,1.0376657742594905e-07,0.0010813585547821292,,trans
Tjap1,17.0,46394823.0,UT_17_44.961343,17,45704198,45877173,1.0421964607610507e-07,0.0010857183489672295,517650.0,cis
Igtp,11.0,58013058.0,rs4228731,11,55208056,55208056,1.0430062498290529e-07,0.001085838785289171,2805002.0,trans
Igtp,11.0,58013058.0,rs13481041,11,56515096,56515096,1.0430062498290529e-07,0.001085838785289171,1497962.0,cis
Rmdn3,2.0,118962737.0,rs13476723,2,117118532,118639998,1.0442300801627615e-07,0.0010867512262939293,322739.0,cis
Neo1,9.0,58722486.0,rs4227706,9,62226500,64300970,1.0450412149465478e-07,0.001087233702703149,3504014.0,trans
Mrps5,2.0,127413155.0,rs4223510,2,131679415,131819271,1.0493373297107854e-07,0.001091340335511615,4266260.0,trans
Jade2,11.0,51626958.0,rs6173994,11,52342339,53868159,1.0500180326272158e-07,0.001091685358376182,715381.0,cis
Gzmk,13.0,113961816.0,rs13482033,13,118393790,118645364,1.0527396381480302e-07,0.0010941513377357584,4431974.0,trans
Adat2,10.0,13273035.0,rs13480525,10,18980512,18980512,1.055922235055548e-07,0.0010970946454301087,5707477.0,trans
Wtip,7.0,34894566.0,CEL-7_20141278,7,31950331,35185656,1.0564640456482878e-07,0.0010972931540971823,0.0,cis
Pot1b,17.0,55791323.0,rs3701810,17,53810984,55409409,1.0572683937813011e-07,0.0010976683327262688,381914.0,cis
Ndufs2,1.0,173164984.0,NES13029525,1,174201925,174420752,1.0575270074839342e-07,0.0010976683327262688,1036941.0,cis
Rnf208,2.0,25098458.0,CEL-2_24053663,2,23949161,26223875,1.0581418777111202e-07,0.001097903644753742,0.0,cis
A430033K04Rik,5.0,139064104.0,rs13478557,5,139970688,140361273,1.0586918083095414e-07,0.001097903644753742,906584.0,cis
3632451O06Rik,14.0,50301235.0,D14Mit63,14,56051955,56051955,1.0589012759394599e-07,0.001097903644753742,5750720.0,trans
Mut,17.0,41071656.0,rs3656008,17,43766138,43922072,1.0591575015158825e-07,0.001097903644753742,2694482.0,trans
Cd38,5.0,44260089.0,D5Mit79,5,44449245,44449245,1.0632692155241297e-07,0.001101800697212348,189156.0,cis
Iglon5,7.0,50728277.0,rs8260975,7,53682778,53682778,1.0640916804207743e-07,0.0011022878502814836,2954501.0,trans
Tcea1,1.0,4847895.0,D1Mit1,1,11505583,11505583,1.066286209299835e-07,0.0011040128969909604,6657688.0,trans
Mcm6,1.0,130228167.0,mCV24201027,1,117626780,121957699,1.0665962796398925e-07,0.0011040128969909604,8270468.0,trans
Frrs1,3.0,116569105.0,rs13477322,3,109232255,111520272,1.066815650253063e-07,0.0011040128969909604,5048833.0,trans
Parvg,15.0,84155150.0,rs13482686,15,85458426,85601259,1.067602402769446e-07,0.0011044617287681838,1303276.0,cis
Fcho1,8.0,74232535.0,rs13479842,8,78352527,78791132,1.0696983106225014e-07,0.0011062641704342685,4119992.0,trans
Serhl,15.0,82930643.0,rs13482689,15,86437548,86803133,1.0739971899416931e-07,0.001110342944283102,3506905.0,trans
Arhgef19,4.0,140798799.0,rs13478021,4,140166294,140166294,1.0759615591562728e-07,0.001112006306933484,632505.0,cis
Rab5a,17.0,53618559.0,rs13483021,17,50872670,50898848,1.0770443233303852e-07,0.0011127577329955959,2719711.0,trans
Ildr2,1.0,168184552.0,rs13476208,1,163955813,164935095,1.0819597227154352e-07,0.0011174670761167685,3249457.0,trans
Itgb1,8.0,131209681.0,rs13480045,8,130889097,131457798,1.0827032102616231e-07,0.0011178659087185574,0.0,cis
Cyb5d2,11.0,72590751.0,UT_11_68.607315,11,68849650,69141399,1.0836099379975263e-07,0.001118064087941021,3449352.0,trans
Cyb5d2,11.0,72590751.0,rs3715924,11,67192419,67351936,1.0836099379975263e-07,0.001118064087941021,5238815.0,trans
Tnni1,1.0,137696016.0,rs13476098,1,128464783,128523838,1.0845168908714862e-07,0.001118262238029023,9172178.0,trans
Tnni1,1.0,137696016.0,rs13476083,1,123358516,128188953,1.0845168908714862e-07,0.001118262238029023,9507063.0,trans
Sfrp1,8.0,24521990.0,gnf08.023.320,8,25963094,25963094,1.0858870383404511e-07,0.0011193060974710523,1441104.0,cis
Sfrp1,8.0,24521990.0,CEL-8_25677705,8,28002388,28727629,1.0864858633406445e-07,0.00111955447058954,3480398.0,trans
Fam78b,1.0,168931606.0,rs4222799,1,169153243,169907834,1.0875794923810634e-07,0.0011203123763024643,221637.0,cis
Ciao1,2.0,127066674.0,rs8264884,2,130881868,131487026,1.0894940833627411e-07,0.0011217317773283377,3815194.0,trans
Cpt1c,7.0,52213854.0,rs3668040,7,47556868,47652851,1.089674548906116e-07,0.0011217317773283377,4561003.0,trans
Fcho1,8.0,74232535.0,rs4227253,8,77650955,77650955,1.0901619903990427e-07,0.001121864403128132,3418420.0,trans
Map2k1,9.0,64033588.0,rs4227706,9,62226500,64300970,1.0961478446738439e-07,0.0011276533901866947,0.0,cis
Abca17,17.0,24401224.0,CEL-17_21879142,17,23322637,26350810,1.0967906392955376e-07,0.0011279437479319856,0.0,cis
Rab5a,17.0,53618559.0,rs3701810,17,53810984,55409409,1.0980741240806856e-07,0.0011288925865642419,192425.0,cis
Slc15a2,16.0,36750267.0,rs4173858,16,36613089,36613089,1.1028133198942203e-07,0.001133392333409445,137178.0,cis
Armcx1,20.0,131252509.0,gnfX.116.876,20,133125033,133125033,1.1044066761393993e-07,0.0011346571185238774,1872524.0,cis
Zkscan16,4.0,58958999.0,rs6254381,4,63346623,65047572,1.1063697920220094e-07,0.0011358045820810993,4387624.0,trans
Lgr6,1.0,136882930.0,rs13476083,1,123358516,128188953,1.1066127335905306e-07,0.0011358045820810993,8693977.0,trans
Lgr6,1.0,136882930.0,rs13476098,1,128464783,128523838,1.1066127335905306e-07,0.0011358045820810993,8359092.0,trans
Rd3,1.0,193801254.0,D1Mit511,1,193992203,193992203,1.1141904963196983e-07,0.001143207174143269,190949.0,cis
Scg5,2.0,113616524.0,rs6323360,2,106438339,106731368,1.1165210124121367e-07,0.0011452227774514051,6885156.0,trans
Cd320,17.0,33980036.0,rs13482947,17,31769796,31769796,1.1197204512269153e-07,0.001148128026985368,2210240.0,trans
Klhdc9,1.0,173288580.0,rs13476267,1,182213911,184421782,1.1227317389138949e-07,0.0011508385113316606,8925331.0,trans
Pgpep1,8.0,73172976.0,rs13479842,8,78352527,78791132,1.1234610505157261e-07,0.001150908006595318,5179551.0,trans
Trim21,7.0,109706438.0,rs13479416,7,103132457,103132457,1.1235353164172247e-07,0.001150908006595318,6573981.0,trans
Zfp790,7.0,30601091.0,rs13479163,7,27852866,27852866,1.1240941288581083e-07,0.0011511035167111943,2748225.0,trans
BC051142,17.0,34535765.0,rs13482934,17,27985170,29917068,1.12571046865475e-07,0.0011523814818087945,4618697.0,trans
Arhgap26,18.0,39152799.0,rs13483310,18,38814808,39822463,1.1265311407604356e-07,0.0011528443581282938,0.0,cis
Sec24d,3.0,122970414.0,rs13477369,3,119424850,119424850,1.1271063271570994e-07,0.001153055794168533,3545564.0,trans
9330101J02Rik,7.0,146824799.0,rs3663988,7,146505067,146505067,1.1275138968178316e-07,0.0011530956722356424,319732.0,cis
Fancl,11.0,26287084.0,rs6292290,11,18482775,19143737,1.1282775269845806e-07,0.0011533454769847118,7143347.0,trans
Apip,2.0,102913832.0,D2Mit12,2,102941479,103740090,1.1284954973695547e-07,0.0011533454769847118,27647.0,cis
Ift27,15.0,77989890.0,CEL-15_73825145,15,73370669,74082232,1.1289266065175016e-07,0.0011534092713558924,3907658.0,trans
Larp1,11.0,57873979.0,rs3668680,11,55886003,56329568,1.12997101572727e-07,0.0011540994200025675,1544411.0,cis
Tcea1,1.0,4847895.0,rs6376963,1,5008090,5008090,1.1362948394934699e-07,0.0011601795048393057,160195.0,cis
Tsc2,17.0,24732882.0,rs13482934,17,27985170,29917068,1.1368501618050964e-07,0.001160367789788518,3252288.0,trans
Lrrc51,7.0,109061507.0,rs13479441,7,111297536,111297536,1.1385142696199542e-07,0.0011616873053635697,2236029.0,trans
1500011B03Rik,5.0,115258208.0,mCV23798232,5,117112003,118108877,1.1433841288355054e-07,0.001166275894429732,1853795.0,cis
Fgf7,2.0,125860520.0,rs3686617,2,122383806,125564678,1.1451487665021799e-07,0.0011676951332495911,295842.0,cis
Ttll3,6.0,113339254.0,gnf06.096.938,6,98028111,98028111,1.1460802363739836e-07,0.0011682641523106739,15311143.0,trans
Cd99l2,20.0,68673240.0,rs3157124,20,68694215,68694215,1.1470927176750946e-07,0.0011689153532903152,20975.0,cis
Pcdhb3,18.0,37460453.0,rs13483310,18,38814808,39822463,1.1478111664430268e-07,0.0011692666014430904,1354355.0,cis
Haus8,8.0,73775023.0,rs13479814,8,70845435,74265398,1.1520562759681505e-07,0.0011732090342440207,0.0,cis
Tmem260,14.0,49066131.0,rs6175724,14,46697706,47011325,1.1564097071096113e-07,0.001177259175791201,2054806.0,trans
Crat,2.0,30255996.0,rs13459062,2,31027541,31290124,1.157849643260794e-07,0.0011783416233199177,771545.0,cis
2810025M15Rik,1.0,159342483.0,rs3653666,1,160477203,161687298,1.167057792558422e-07,0.0011872273024202862,1134720.0,cis
Serpina3n,12.0,105644939.0,rs13481611,12,100818237,100818237,1.1673397942979626e-07,0.0011872273024202862,4826702.0,trans
Srp9,2.0,87366206.0,rs3682996,1,175676881,177366983,1.1739546742494403e-07,0.0011935668518405754,,trans
Nomo1,7.0,53289099.0,CEL-7_36442524,7,56254113,56537917,1.1814855839718825e-07,0.0012008333124533216,2965014.0,trans
Naaa,5.0,92687119.0,rs3683611,5,100641822,101998196,1.1836765804540582e-07,0.0012026694573578258,7954703.0,trans
Nudc,8.0,30396900.0,rs3023009,4,129249415,129300960,1.1844593773501198e-07,0.0012030740794205358,,trans
Fah,7.0,91733669.0,rs6394492,7,94381203,94381203,1.1879818317788476e-07,0.0012062602490273849,2647534.0,trans
Dhdds,4.0,133524972.0,rs6355837,4,129390618,129630775,1.1899698179868125e-07,0.0012078867788614884,3894197.0,trans
Sgcb,5.0,74023988.0,gnf05.066.286,5,72415729,73519551,1.1910844844256916e-07,0.0012086260720291801,504437.0,cis
Ccr5,9.0,124036312.0,rs8254393,9,123878248,124039192,1.1914945828068436e-07,0.001208650173063557,0.0,cis
Jund,8.0,73222848.0,rs6293022,8,74935354,74935354,1.192884334847204e-07,0.0012096676954307726,1712506.0,cis
Gm10403,14.0,16288945.0,rs13482054,14,11312993,19569109,1.1969954396472098e-07,0.0012134433051106137,0.0,cis
Rd3,1.0,193801254.0,mCV23575714,1,194086272,194439430,1.197558532377697e-07,0.0012136208686296197,285018.0,cis
Hpcal1,12.0,17697620.0,rs3657682,12,15739388,16592330,1.1991136298260855e-07,0.0012148033016420412,1105290.0,cis
Rnps1,6.0,7932358.0,rs13482864,17,9565936,10166446,1.2080389112307394e-07,0.0012234491702406076,,trans
Nsun7,5.0,66651364.0,rs4225252,5,67053114,67538358,1.2094212884119412e-07,0.0012244527902931532,401750.0,cis
Hspa8,9.0,40609356.0,rs13480122,9,30964211,32308040,1.209859469446146e-07,0.0012245001389740804,8301316.0,trans
Steap3,1.0,122123000.0,rs13459051,1,132747530,134993250,1.2144133963916735e-07,0.001228711660922812,10624530.0,trans
Kifap3,1.0,165709724.0,rs4222799,1,169153243,169907834,1.2162177035372886e-07,0.0012301393657767508,3443519.0,trans
Mcm6,1.0,130228167.0,rs6202860,1,147391348,148385403,1.2168101164464912e-07,0.0012302827086826426,17163181.0,trans
Coq2,5.0,101083740.0,rs13478430,5,103696017,104357982,1.2171459482487587e-07,0.0012302827086826426,2612277.0,trans
Actr5,2.0,158450649.0,rs13476805,2,139549796,147753900,1.220553550107505e-07,0.0012333285984181682,10696749.0,trans
Sbsn,7.0,31536490.0,rs8251849,7,31505578,31794283,1.2342502488046612e-07,0.0012467659528290756,0.0,cis
Ap5s1,2.0,131036176.0,rs8264884,2,130881868,131487026,1.2380380741457003e-07,0.0012501885106948193,0.0,cis
Gm24871,1.0,173433179.0,rs13476241,1,174792335,175262195,1.2386590162027404e-07,0.0012504119277573823,1359156.0,cis
Gadd45gip1,8.0,87356181.0,rs13479883,8,89785659,90415071,1.244153699099315e-07,0.00125555359850623,2429478.0,trans
Elac1,18.0,73894692.0,rs13483437,18,74004343,74004343,1.2454709852654696e-07,0.0012564776393005571,109651.0,cis
Sntg2,12.0,30859858.0,rs3707174,12,30398066,31568401,1.2537719941516484e-07,0.0012644442533382302,0.0,cis
Mcm6,1.0,130228167.0,rs6406033,1,138462986,141128164,1.2542452416938938e-07,0.0012645138845128227,8234819.0,trans
Klhl20,1.0,163018509.0,UT_1_169.988189,1,168323143,169017891,1.2561114243089674e-07,0.0012659873575775532,5304634.0,trans
Arhgap26,18.0,39152799.0,rs13483314,18,40103728,41821108,1.2571896620885654e-07,0.001266500891614811,950929.0,cis
Ppil4,10.0,7512719.0,CEL-10_14286032,10,14292789,18617183,1.2574306307296705e-07,0.001266500891614811,6780070.0,trans
Spint1,2.0,119063141.0,rs6411422,2,128199226,129125488,1.2668761756836368e-07,0.0012756038801541995,9136085.0,trans
Snord118,12.0,13170434.0,UT_11_70.128831,11,70371167,72266233,1.2696193831107736e-07,0.001277954671291154,,trans
Gm5070,3.0,95214268.0,CEL-17_21879142,17,23322637,26350810,1.271402480273464e-07,0.0012793378474554242,,trans
Mettl18,1.0,165925044.0,rs4222799,1,169153243,169907834,1.273703255221703e-07,0.0012808889777285927,3228199.0,trans
Zfp738,13.0,67770426.0,gnf13.057.762,13,59805606,59805606,1.273762866131079e-07,0.0012808889777285927,7964820.0,trans
Pold3,7.0,107230621.0,rs13459173,7,112784815,114369537,1.2742351018399137e-07,0.0012809521060660202,5554194.0,trans
Spock1,13.0,57522556.0,rs3698807,13,56048266,56582797,1.2777618379938003e-07,0.0012840848094070863,939759.0,cis
Eif3m,2.0,104839813.0,D2Mit12,2,102941479,103740090,1.2799945384564462e-07,0.0012859154791528655,1099723.0,cis
Extl1,4.0,133912288.0,rs3023009,4,129249415,129300960,1.2827986561588967e-07,0.001288318849695445,4611328.0,trans
LOC102640399,7.0,66948590.0,rs3680765,7,56652493,56652493,1.2833980826307918e-07,0.0012885072096705228,10296097.0,trans
Zdhhc2,8.0,41509169.0,rs13479735,8,46649263,46649263,1.2856899433227265e-07,0.001290394075349553,5140094.0,trans
Gdf1,8.0,72839673.0,UT_6_76.003706,8,77908172,78222251,1.2875981842819638e-07,0.0012918948308721435,5068499.0,trans
Kif1c,11.0,70543641.0,rs13481070,11,64909099,67090601,1.2919972969731256e-07,0.001295599442470637,3453040.0,trans
Fmo2,1.0,164805178.0,UT_1_169.988189,1,168323143,169017891,1.292118756157176e-07,0.001295599442470637,3517965.0,trans
Car2,3.0,14886706.0,rs6351478,3,12565617,15195544,1.2947832362933897e-07,0.0012978551209301913,0.0,cis
Zfp932,5.0,110436056.0,CEL-5_106241511,5,109222883,110483930,1.2985288880307565e-07,0.0013008381312426456,0.0,cis
Gm19924,12.0,20202456.0,rs13481357,12,27578331,28255508,1.2985908165046114e-07,0.0013008381312426456,7375875.0,trans
Leprotl1,8.0,35198626.0,rs13479673,8,30344779,31698372,1.3006822845010174e-07,0.0013025161465977887,3500254.0,trans
4932438H23Rik,16.0,91054180.0,rs4215932,16,88934053,89451583,1.3014031054057128e-07,0.0013028209476497654,1602597.0,cis
Ankrd45,1.0,163072871.0,UT_1_169.988189,1,168323143,169017891,1.3030746618789266e-07,0.0013040770205903643,5250272.0,trans
Plvap,8.0,74021664.0,rs3717251,8,64089398,64687181,1.304640734400458e-07,0.0013052267588249985,9334483.0,trans
Fmo2,1.0,164805178.0,rs13476187,1,156052564,156052564,1.308854098572167e-07,0.0013090233960044821,8752614.0,trans
Hist1h2ao,13.0,23625780.0,rs6371333,11,57945936,57945936,1.309975813454945e-07,0.00130972654544621,,trans
Snrpe,1.0,135500448.0,rs6202860,1,147391348,148385403,1.312109396062616e-07,0.0013114405975544758,11890900.0,trans
Man2b1,8.0,87607168.0,rs3719174,8,83396538,84339460,1.3145379414406556e-07,0.0013134482730365628,3267708.0,trans
Rnps1,6.0,7932358.0,rs13482873,17,11606730,21646617,1.3182808093422383e-07,0.0013167674802164692,,trans
1700001O22Rik,2.0,30651083.0,rs3699934,2,35957196,37285190,1.3210346772735206e-07,0.0013190970191962967,5306113.0,trans
Slc35f5,1.0,127457600.0,gnf01.132.831,1,135115364,135695643,1.3216022206639314e-07,0.0013192426504452005,7657764.0,trans
Phgdh,3.0,98117093.0,rs3698196,3,85931836,87487048,1.3235551874580928e-07,0.001320770697543145,10630045.0,trans
Gtf2h4,17.0,35804677.0,rs13482967,17,37015393,39314866,1.327378352703962e-07,0.001323988643089217,1210716.0,cis
A430033K04Rik,5.0,139064104.0,rs6284348,5,144381934,144381934,1.3276263477463477e-07,0.001323988643089217,5317830.0,trans
Jund,8.0,73222848.0,rs13479813,8,70431892,70720690,1.3309060916764396e-07,0.0013268364370199474,2502158.0,trans
Tmem132b,5.0,126229605.0,rs3663155,5,128047890,128047890,1.3324133554838098e-07,0.0013279159192089792,1818285.0,cis
Pyroxd2,19.0,42801409.0,rs3677115,19,40657509,41716546,1.333810093505735e-07,0.0013288845961941945,1084863.0,cis
Plekhh2,17.0,84911235.0,gnf17.082.284,17,81351601,81351601,1.3388110074746044e-07,0.001332807218208733,3559634.0,trans
Unc13a,8.0,74150642.0,UT_6_76.003706,8,77908172,78222251,1.3390253571517087e-07,0.001332807218208733,3757530.0,trans
Unc13a,8.0,74150642.0,rs13479846,8,79783027,79924634,1.3390253571517087e-07,0.001332807218208733,5632385.0,trans
Eif3m,2.0,104839813.0,rs13476676,2,103939709,106028947,1.3410953715428426e-07,0.0013344430436938097,0.0,cis
Trim21,7.0,109706438.0,rs13479441,7,111297536,111297536,1.3452996072909662e-07,0.0013382007884983312,1591098.0,cis
Gnptab,10.0,87841877.0,gnf10.081.801,10,82278517,84148125,1.3507258357094974e-07,0.0013431713025341499,3693752.0,trans
G730007D18Rik,12.0,20900799.0,rs6238712,12,28507708,29676794,1.3513383059711907e-07,0.0013433533436785767,7606909.0,trans
Dpp7,2.0,25207807.0,rs13476350,2,11707492,11707492,1.3546511982915379e-07,0.0013462188818712704,13500315.0,trans
Pcsk5,19.0,17507883.0,rs13483545,19,17198568,18018146,1.3625840566749094e-07,0.001353672350202746,0.0,cis
Ccdc42,11.0,68400717.0,rs13481068,11,64596125,64596125,1.3653125321600363e-07,0.001355952382872097,3804592.0,trans
Steap3,1.0,122123000.0,rs6302966,1,122017245,122817184,1.3693642707912695e-07,0.0013584919017475357,0.0,cis
Wrn,8.0,34344845.0,rs3697344,8,34630321,35274784,1.369380180598386e-07,0.0013584919017475357,285476.0,cis
Wrn,8.0,34344845.0,rs6182243,8,35372423,36878789,1.369380180598386e-07,0.0013584919017475357,1027578.0,cis
Mst1r,9.0,107809220.0,rs3657415,9,105983686,106321565,1.3696065585991428e-07,0.0013584919017475357,1487655.0,cis
Hspb6,7.0,31338040.0,rs8251849,7,31505578,31794283,1.371815375143136e-07,0.001360251515039148,167538.0,cis
Cyb5r4,4.0,18771349.0,rs3693091,9,90299276,94380583,1.3761012276551046e-07,0.001363640085055114,,trans
Pacrg,17.0,10595878.0,rs13482868,17,10586984,11481618,1.376104532169207e-07,0.001363640085055114,0.0,cis
Mrpl41,7.0,26667040.0,CEL-2_24053663,2,23949161,26223875,1.3795018875346975e-07,0.0013665737969196423,,trans
Alad,4.0,62170202.0,rs3023981,4,69760186,71596921,1.3820286637709505e-07,0.0013686435039800236,7589984.0,trans
H2-Q2,17.0,35479278.0,CEL-17_20354682,17,21827381,23003494,1.3961593954983274e-07,0.0013821998339272744,12475784.0,trans
9630014M24Rik,18.0,38761188.0,rs13483314,18,40103728,41821108,1.3981330965193086e-07,0.0013833947650501368,1342540.0,cis
Cd59a,2.0,103936010.0,rs13481861,13,68711508,69092648,1.3982508039684293e-07,0.0013833947650501368,,trans
Ncaph,2.0,126929562.0,rs3686617,2,122383806,125564678,1.404050257043516e-07,0.0013882834563971745,1364884.0,cis
Trav15n-1,14.0,53793956.0,rs6278789,14,50409368,52650880,1.4040795286008274e-07,0.0013882834563971745,1143076.0,cis
Zfp760,17.0,21844702.0,CEL-17_21879142,17,23322637,26350810,1.4047377915294015e-07,0.0013884954719792799,1477935.0,cis
Snord118,12.0,13170434.0,rs6217738,11,72486318,72978471,1.4065012977056734e-07,0.001389799472409475,,trans
Neu2,1.0,89340227.0,rs6234856,1,89812969,89812969,1.4089182195261693e-07,0.0013913118077552944,472742.0,cis
Mela,8.0,125949778.0,rs3674339,9,85386930,85749877,1.4089212779474793e-07,0.0013913118077552944,,trans
Cyp2r1,7.0,121693678.0,rs13479460,7,118818343,118818343,1.4094994256185369e-07,0.0013914435111399143,2875335.0,trans
Sat2,11.0,69435554.0,gnf11.079.978,11,75282894,76408655,1.4108804985342325e-07,0.0013923675210299011,5847340.0,trans
Kcnh1,1.0,194014754.0,rs3654502,1,194704348,195301070,1.41872074719672e-07,0.0013996633590809386,689594.0,cis
Kmt2d,15.0,98662104.0,rs13482734,15,98553459,98553459,1.4195604142791254e-07,0.0014000502301414635,108645.0,cis
Gm25156,7.0,66608653.0,rs13479238,7,56717300,62761533,1.420972279170588e-07,0.0014010010131199973,3847120.0,trans
Cox18,5.0,90643753.0,rs13478398,5,94154652,97939375,1.4219710685666022e-07,0.001401544055441296,3510899.0,trans
Rrs1,1.0,9535507.0,D1Mit1,1,11505583,11505583,1.4225215715010716e-07,0.0014016450481521832,1970076.0,cis
Serpina3n,12.0,105644939.0,gnf12.100.410,12,103431463,103766711,1.4386739110197283e-07,0.001416893650584827,1878228.0,cis
Serpina1a,12.0,105091669.0,gnf12.101.501,12,104522187,105392393,1.4389031162746643e-07,0.001416893650584827,0.0,cis
9330160F10Rik,11.0,68871220.0,UT_11_68.607315,11,68849650,69141399,1.441816931470455e-07,0.0014188696825322604,0.0,cis
9330160F10Rik,11.0,68871220.0,rs3715924,11,67192419,67351936,1.441816931470455e-07,0.0014188696825322604,1519284.0,cis
Abca3,17.0,24488991.0,rs13482967,17,37015393,39314866,1.443144848660861e-07,0.001419729868873252,12526402.0,trans
Adar,3.0,89518982.0,rs3682996,1,175676881,177366983,1.4443611726739862e-07,0.0014204797663170993,,trans
Alox15,11.0,70157649.0,rs3677986,11,67961048,68740438,1.4453615379456306e-07,0.0014210168711414788,1417211.0,cis
Rnasel,1.0,155600060.0,rs3693161,1,162215219,163901483,1.4466124396189666e-07,0.0014217998776378251,6615159.0,trans
9630014M24Rik,18.0,38761188.0,rs13483292,18,34134969,34134969,1.4564291399209955e-07,0.0014308572674901234,4626219.0,trans
Sgcg,14.0,61839896.0,CEL-14_49073718,14,57704960,59236690,1.4567426467011467e-07,0.0014308572674901234,2603206.0,trans
H2-Q7,17.0,35576100.0,CEL-17_21879142,17,23322637,26350810,1.4579614374130564e-07,0.0014316049175849398,9225290.0,trans
Arsb,13.0,94541714.0,rs13481944,13,93772828,96283662,1.4617750387591235e-07,0.001434890495384136,0.0,cis
Tstd2,4.0,46127618.0,rs3694836,4,45985764,46553371,1.4622248347559087e-07,0.001434890495384136,0.0,cis
Rmdn3,2.0,118962737.0,rs3686617,2,122383806,125564678,1.467633069348873e-07,0.001439746016074987,3421069.0,trans
Kif1c,11.0,70543641.0,rs13481068,11,64596125,64596125,1.4726274634667763e-07,0.001443892291940663,5947516.0,trans
Lcmt2,2.0,120964276.0,rs6411422,2,128199226,129125488,1.4727827415874072e-07,0.001443892291940663,7234950.0,trans
Mroh7,4.0,106353243.0,rs13477881,4,103313312,104187378,1.4741877547371473e-07,0.0014448169652830085,2165865.0,trans
Paxbp1,16.0,91015021.0,rs4216581,16,89533120,90609837,1.4765595541224318e-07,0.00144668828728173,405184.0,cis
Ogg1,6.0,113276996.0,rs6334121,6,110884644,110884644,1.4825872232059866e-07,0.0014521392263553022,2392352.0,trans
Itgb1,8.0,131209681.0,rs3697596,8,130354209,130601776,1.484579239242361e-07,0.001453635217874899,607905.0,cis
Dbndd2,2.0,164311640.0,rs6177049,2,165608228,166960449,1.488112834781416e-07,0.001456639248325789,1296588.0,cis
Nudc,8.0,30396900.0,rs6355837,4,129390618,129630775,1.489980353234914e-07,0.0014580110700562184,,trans
Cryz,3.0,154260163.0,rs6391253,3,143405392,144305924,1.493581739312688e-07,0.0014610781687748012,9954239.0,trans
Dcaf8,1.0,174078215.0,rs13476267,1,182213911,184421782,1.4963049243636412e-07,0.0014629451058341216,8135696.0,trans
Fam20b,1.0,158608702.0,rs3653666,1,160477203,161687298,1.496425474719347e-07,0.0014629451058341216,1868501.0,cis
Ddit4l,3.0,137286700.0,UT_3_142.481798,3,138220054,138220054,1.497133447040324e-07,0.0014631799945438318,933354.0,cis
Lrrc61,6.0,48504951.0,rs3716680,6,51745790,51745790,1.501342467573399e-07,0.0014668353159687608,3240839.0,trans
1500011B03Rik,5.0,115258208.0,rs6331425,5,112371951,113588568,1.5043379708222854e-07,0.001469303099555137,1669640.0,cis
Zfp788,7.0,48888901.0,rs6206014,7,47861154,47861154,1.5084765644544473e-07,0.0014728854629311766,1027747.0,cis
Coq2,5.0,101083740.0,rs13478392,5,92179790,93586010,1.5099159125329616e-07,0.0014738308537851216,7497730.0,trans
Cbs,17.0,31749585.0,rs3672987,17,33247165,35667114,1.5124315796625947e-07,0.0014758259235813248,1497580.0,cis
BC026585,1.0,159388711.0,rs4222763,1,165315111,168178248,1.5138573977327666e-07,0.0014767566095451252,5926400.0,trans
Tjap1,17.0,46394823.0,rs13483001,17,45461962,45461962,1.5209875483907587e-07,0.001483249514628545,932861.0,cis
Tcea1,1.0,4847895.0,rs3677817,1,5176059,5176059,1.5230871394053017e-07,0.001484834158029413,328164.0,cis
Tm4sf5,11.0,70318779.0,rs3695202,11,64515287,64515287,1.5241796275261128e-07,0.0014854363108968778,5803492.0,trans
Fgf1,18.0,38998834.0,rs13483308,18,38428527,38428527,1.5254503467650474e-07,0.0014862117352511272,570307.0,cis
Ift27,15.0,77989890.0,rs3667755,15,78741347,81745213,1.5331320390181323e-07,0.0014932307980297958,751457.0,cis
Rnls,19.0,33209345.0,rs3672117,19,32961544,32961544,1.546289486403494e-07,0.0015055770750688848,247801.0,cis
Dph7,2.0,24817943.0,rs6193345,2,23199300,23199300,1.5471909465429824e-07,0.0015059860840832048,1618643.0,cis
Phgdh,3.0,98117093.0,D3Mit189,3,100779519,100779519,1.5522406672301244e-07,0.001510323090911714,2662426.0,trans
C530030P08Rik,11.0,32625889.0,rs6292290,11,18482775,19143737,1.552612171830994e-07,0.001510323090911714,13482152.0,trans
Jmjd7,2.0,119853242.0,rs13476709,2,114022898,115248630,1.5584409096278488e-07,0.0015155218248392747,4604612.0,trans
Fars2,13.0,36209280.0,rs4229685,13,35965561,37063969,1.5648687652275244e-07,0.0015207866225402462,0.0,cis
Nfu1,6.0,86959883.0,rs13478852,6,80236329,80236329,1.5652295222667363e-07,0.0015207866225402462,6723554.0,trans
Wdr83os,8.0,87604673.0,rs13479859,8,84568955,85463661,1.56531317099444e-07,0.0015207866225402462,2141012.0,trans
Gm26499,7.0,66632952.0,rs3680765,7,56652493,56652493,1.5666220183454002e-07,0.0015212854605344422,9980459.0,trans
P4ha3,7.0,107434030.0,rs3662937,7,111381490,112061872,1.5667991773960353e-07,0.0015212854605344422,3947460.0,trans
Hdhd3,4.0,62160046.0,rs3023981,4,69760186,71596921,1.5736615927012064e-07,0.001527474454064468,7600140.0,trans
Cyb5r3,15.0,82983925.0,rs3667755,15,78741347,81745213,1.5746796749860693e-07,0.0015279885666107085,1238712.0,cis
Gsap,5.0,20692085.0,rs6256752,5,20753293,22574279,1.5760076994453604e-07,0.0015288030190946614,61208.0,cis
Vwa8,14.0,79249038.0,rs13482263,14,78783158,78783158,1.577507168121751e-07,0.0015294166144006886,465880.0,cis
Plekhm2,4.0,141181650.0,rs13478023,4,140528838,140755878,1.5776599330540904e-07,0.0015294166144006886,425772.0,cis
Cyb5d2,11.0,72590751.0,gnf11.079.978,11,75282894,76408655,1.5785569376370384e-07,0.0015294166144006886,2692143.0,trans
Csrp1,1.0,137616638.0,rs13459051,1,132747530,134993250,1.5785957634443524e-07,0.0015294166144006886,2623388.0,trans
Arhgef2,3.0,88425060.0,UT_3_93.299511,3,90413739,95488017,1.5853716084874934e-07,0.0015355058305577935,1988679.0,cis
Hfm1,5.0,107330908.0,rs6297352,5,103545840,103545840,1.5972462216950534e-07,0.001546528142149002,3785068.0,trans
Mrps5,2.0,127413155.0,rs6411422,2,128199226,129125488,1.6014271179899892e-07,0.0015500965230459856,786071.0,cis
Glul,1.0,155747075.0,rs13476118,1,135891044,138214494,1.603181912742707e-07,0.0015513150852029332,17532581.0,trans
Nelfb,2.0,25055236.0,CEL-2_24053663,2,23949161,26223875,1.605197152184037e-07,0.0015527848345081759,0.0,cis
Bex4,1.0,152116052.0,gnfX.118.600,20,134859903,134859903,1.6064421232369234e-07,0.0015535087876253966,,trans
Cd320,17.0,33980036.0,rs13482930,17,26950947,27588409,1.6125812699373305e-07,0.0015589637400326905,6391627.0,trans
Gm15526,8.0,110214308.0,rs3657415,9,105983686,106321565,1.6194408248068102e-07,0.001565111561863892,,trans
Dbndd2,2.0,164311640.0,D2Mit50,2,162502591,162502591,1.6210034224726276e-07,0.001566137913366001,1809049.0,cis
Klhl20,1.0,163018509.0,rs4222763,1,165315111,168178248,1.6220352368638092e-07,0.0015666509714006886,2296602.0,trans
Mrps5,2.0,127413155.0,rs8264884,2,130881868,131487026,1.6256953056313815e-07,0.001569524588892437,3468713.0,trans
Acp1,12.0,31578191.0,rs4229294,12,26992470,26992470,1.6260138450763013e-07,0.001569524588892437,4585721.0,trans
Acaa1a,9.0,119250412.0,rs13459114,9,121825028,121825028,1.6416350757963714e-07,0.0015841143499823308,2574616.0,trans
Npl,1.0,155350145.0,rs13476163,1,148717645,153539523,1.6469073451408626e-07,0.0015887118453014068,1810622.0,cis
Trim21,7.0,109706438.0,rs13459173,7,112784815,114369537,1.648190986559319e-07,0.001589460007407741,3078377.0,trans
AI504432,3.0,106842422.0,rs13477320,3,108822023,108995324,1.6491587780976183e-07,0.001589903207251454,1979601.0,cis
Mul1,4.0,137990587.0,rs13478021,4,140166294,140166294,1.6524196978839589e-07,0.001592556187304617,2175707.0,trans
Abca3,17.0,24488991.0,rs13482947,17,31769796,31769796,1.6561834909990565e-07,0.0015956920393241476,7280805.0,trans
Mro,18.0,74019039.0,rs13483437,18,74004343,74004343,1.663164167035259e-07,0.0016019243936909707,14696.0,cis
Sfr1,19.0,47785109.0,CEL-19_44215541,19,44953380,46310146,1.664218543199336e-07,0.0016024465823176672,1474963.0,cis
Mtrr,13.0,68699657.0,rs6280864,13,70216413,70216413,1.6653251775449282e-07,0.001603018752593037,1516756.0,cis
Trim3,7.0,112758984.0,rs13479416,7,103132457,103132457,1.6674774116255292e-07,0.0016044129406200497,9626527.0,trans
2310030G06Rik,9.0,50547796.0,UT_9_51.41601,9,49215836,49989194,1.667799261929356e-07,0.0016044129406200497,558602.0,cis
Gm23660,7.0,66666303.0,rs13479276,7,65717523,66413236,1.672375679209643e-07,0.0016083208631317465,253067.0,cis
Nmrk1,19.0,18706506.0,rs13483545,19,17198568,18018146,1.6736601060393378e-07,0.0016090614549999853,688360.0,cis
Rpl34-ps1,13.0,116943968.0,rs4221957,3,129527944,132189066,1.6758896091299637e-07,0.0016107099116111768,,trans
Ucp3,7.0,107621500.0,CEL-7_88290939,7,108094541,111033533,1.6772280896046783e-07,0.001611006469379333,473041.0,cis
Ucp3,7.0,107621500.0,rs3023151,7,103823533,107944155,1.6772280896046783e-07,0.001611006469379333,0.0,cis
Cep112,11.0,108295448.0,rs3686516,11,105905728,105905728,1.678392719402308e-07,0.0016114144156036314,2389720.0,trans
Fmn2,1.0,176431675.0,NES13029525,1,174201925,174420752,1.6786829876328127e-07,0.0016114144156036314,2010923.0,trans
Pfdn6,17.0,34075864.0,CEL-17_20354682,17,21827381,23003494,1.6792680783230345e-07,0.0016114815892205342,11072370.0,trans
Nup210,6.0,90963062.0,rs3701169,6,89298447,89615026,1.685814733539702e-07,0.0016164750671306567,1348036.0,cis
Klhl7,5.0,23606423.0,rs13478144,5,23827219,23827219,1.6858372760189395e-07,0.0016164750671306567,220796.0,cis
Creg1,1.0,167693911.0,rs13476208,1,163955813,164935095,1.686021732626059e-07,0.0016164750671306567,2758816.0,trans
Fmo2,1.0,164805178.0,CEL-1_152888326,1,154761280,155750989,1.6878878314258394e-07,0.0016177683995455333,9054189.0,trans
Gm26337,7.0,66678425.0,rs3680765,7,56652493,56652493,1.6884977979398645e-07,0.0016178573593154495,10025932.0,trans
Olfml1,7.0,114710960.0,rs13479460,7,118818343,118818343,1.6932085084565e-07,0.0016218742457484547,4107383.0,trans
Odf4,11.0,68735337.0,rs13481068,11,64596125,64596125,1.697517719783908e-07,0.0016255042066585519,4139212.0,trans
4930505A04Rik,11.0,30326004.0,rs3023251,11,20853304,27484969,1.6990857077075677e-07,0.001626507816336172,2841035.0,trans
Apoa2,1.0,173155220.0,rs3682996,1,175676881,177366983,1.701444476039308e-07,0.0016282410479638938,2521661.0,trans
Iqcc,4.0,129292370.0,rs6355837,4,129390618,129630775,1.7019372196428596e-07,0.0016282410479638938,98248.0,cis
LOC102642717,11.0,58660660.0,rs6371333,11,57945936,57945936,1.702957051655484e-07,0.0016283079766484666,714724.0,cis
Sfi1,11.0,3031884.0,rs6316136,4,142959727,144118897,1.7030481605844023e-07,0.0016283079766484666,,trans
Hpgd,8.0,58773390.0,UT_6_76.003706,8,77908172,78222251,1.7129711648633543e-07,0.0016371425766603747,19134782.0,trans
Mrpl41,7.0,26667040.0,rs6193345,2,23199300,23199300,1.713499240972126e-07,0.0016371425766603747,,trans
Mro,18.0,74019039.0,rs3663078,18,71528336,73070073,1.713858219797633e-07,0.0016371425766603747,948966.0,cis
Dnah8,17.0,30761299.0,rs3672987,17,33247165,35667114,1.7161176581643233e-07,0.0016388004810569282,2485866.0,trans
Hpgd,8.0,58773390.0,rs3717251,8,64089398,64687181,1.7255486440855015e-07,0.0016472510217345625,5316008.0,trans
Lad1,1.0,137715175.0,rs13476118,1,135891044,138214494,1.7260199813176007e-07,0.0016472510217345625,0.0,cis
Lcorl,5.0,46090530.0,rs13478217,5,44555834,45362659,1.727674623183147e-07,0.0016483273066390436,727871.0,cis
Ociad1,5.0,73684063.0,rs4225252,5,67053114,67538358,1.7285897734799856e-07,0.0016486976216060199,6145705.0,trans
9330160F10Rik,11.0,68871220.0,rs3677986,11,67961048,68740438,1.732052001608776e-07,0.0016514963271173735,130782.0,cis
Actr5,2.0,158450649.0,rs6265656,2,156689630,158441351,1.7328299372351334e-07,0.0016517346577282458,9298.0,cis
Ywhae,11.0,75546430.0,gnf11.079.978,11,75282894,76408655,1.7382930223696493e-07,0.0016564373704931812,0.0,cis
Pold3,7.0,107230621.0,rs3662937,7,111381490,112061872,1.7392223514337104e-07,0.001656818271817307,4150869.0,trans
AI504432,3.0,106842422.0,rs3702359,3,106932111,107274051,1.740583224153855e-07,0.001657425923057526,89689.0,cis
Nubp2,17.0,25019562.0,rs13482942,17,30022647,31061912,1.7409198232118154e-07,0.001657425923057526,5003085.0,trans
Rps15a,7.0,125247888.0,rs13479476,7,124032278,124032278,1.7416497811014297e-07,0.0016576164243342578,1215610.0,cis
Gm13937,2.0,110049329.0,D19Mit89,19,42573794,42573794,1.743160702256155e-07,0.0016579969257493085,,trans
Haus7,20.0,70682652.0,rs13483768,20,55423039,55423039,1.7432186591482214e-07,0.0016579969257493085,15259613.0,trans
Zfp932,5.0,110436056.0,rs13478442,5,106769482,107112542,1.74363951699701e-07,0.0016579969257493085,3323514.0,trans
Trappc12,12.0,29375877.0,rs4229294,12,26992470,26992470,1.744706867430753e-07,0.0016585077452816645,2383407.0,trans
Kcnj10,1.0,174271341.0,rs3682996,1,175676881,177366983,1.7472953656714712e-07,0.0016603434151993169,1405540.0,cis
Bloc1s6,2.0,122564241.0,rs13476723,2,117118532,118639998,1.7476994076314012e-07,0.0016603434151993169,3924243.0,trans
Hspa12b,2.0,130953148.0,rs3708635,2,125704535,127840968,1.7502350547272964e-07,0.0016622475398573545,3112180.0,trans
Fcrls,3.0,87054680.0,rs13477204,3,75866499,81433732,1.7512657692225477e-07,0.001662721665632278,5620948.0,trans
Gm8526,13.0,88618191.0,mCV25009162,5,145297027,147394031,1.7571934682361555e-07,0.0016678434857766815,,trans
Eqtn,4.0,94573984.0,rs6258088,4,82262282,87106965,1.7616976447724445e-07,0.0016716114697346925,7467019.0,trans
Iqcc,4.0,129292370.0,CEL-4_130248229,4,131555157,131555157,1.7624331178469443e-07,0.0016718022659383634,2262787.0,trans
Stard4,18.0,33361075.0,rs6367886,18,24961159,25622263,1.7722374516158702e-07,0.00168059284508256,7738812.0,trans
Nupl2,5.0,23670781.0,rs3706626,5,24621790,24621790,1.773578494906963e-07,0.0016813548854327333,951009.0,cis
Zfp65,13.0,67806246.0,D13Mit224,13,64187020,64187020,1.7744747818693183e-07,0.001681592644462383,3619226.0,trans
Apobec3,15.0,79722856.0,rs6342608,15,77990182,78589640,1.7749043432600723e-07,0.001681592644462383,1133216.0,cis
Zfp704,3.0,9427020.0,rs3668064,3,9269819,9483989,1.776332479544511e-07,0.0016824361792723145,0.0,cis
Crocc,4.0,140572552.0,rs13478023,4,140528838,140755878,1.7790799922343057e-07,0.0016842039009366066,0.0,cis
Coq9,8.0,97362317.0,rs3675233,8,92275914,93011882,1.779343622994539e-07,0.0016842039009366066,4350435.0,trans
Cst3,2.0,148697458.0,gnf02.161.674,2,158566515,158683924,1.7798139334331697e-07,0.0016842039009366066,9869057.0,trans
Tnni1,1.0,137696016.0,rs6302966,1,122017245,122817184,1.780848764785731e-07,0.0016842740851378672,14878832.0,trans
Gm10590,4.0,42472325.0,rs3707178,4,47049015,47049015,1.7809648642109991e-07,0.0016842740851378672,4576690.0,trans
Trim30d,7.0,111620222.0,rs4226783,7,100081465,102651418,1.7827989635979223e-07,0.0016854398495431075,8968804.0,trans
Entpd2,2.0,25251423.0,rs13476358,2,16227339,18741508,1.7832750603894667e-07,0.0016854398495431075,6509915.0,trans
Zfp951,5.0,105242188.0,CEL-5_106241511,5,109222883,110483930,1.784757812589133e-07,0.001686219908956791,3980695.0,trans
2310030G06Rik,9.0,50547796.0,gnf09.044.659,9,50175753,50652205,1.7851784064199662e-07,0.001686219908956791,0.0,cis
Prss41,17.0,23973752.0,rs6242153,17,32068298,32078991,1.7971671466878248e-07,0.0016970316838717371,8094546.0,trans
Gm13937,2.0,110049329.0,rs13483633,19,42643144,44650782,1.8017881630478854e-07,0.0017005316590905937,,trans
Tor3a,1.0,158583751.0,rs13476187,1,156052564,156052564,1.801960798128643e-07,0.0017005316590905937,2531187.0,trans
Neo1,9.0,58722486.0,rs13480201,9,53636371,53636371,1.8044728108035983e-07,0.0017021023599987381,5086115.0,trans
Usmg5,19.0,47157954.0,rs13483653,19,48078038,48078038,1.8047133443403755e-07,0.0017021023599987381,920084.0,cis
Nubp2,17.0,25019562.0,CEL-17_20354682,17,21827381,23003494,1.8069432218722932e-07,0.0017036918285847206,2016068.0,trans
Sfrp1,8.0,24521990.0,CEL-8_23309075,8,25612807,25612807,1.8112769493895927e-07,0.0017072633746141516,1090817.0,cis
Gm22980,4.0,116826698.0,rs3659850,4,110966848,114284494,1.8158187862770803e-07,0.0017109808709742725,2542204.0,trans
Iqcc,4.0,129292370.0,rs13478001,4,135998441,137764129,1.8163147671198154e-07,0.0017109808709742725,6706071.0,trans
Nsdhl,20.0,70163860.0,gnfX.076.619,20,89920839,90523799,1.820179559919495e-07,0.001714105390751994,19756979.0,trans
Rasal1,5.0,121098831.0,gnf05.120.578,5,127039910,127039910,1.820904883801557e-07,0.0017142724088616479,5941079.0,trans
Dnah3,7.0,127230225.0,rs6241342,7,126326146,126553480,1.8215249260292312e-07,0.001714340239953221,676745.0,cis
Gm23254,7.0,66854274.0,rs4226649,7,73194873,73194873,1.829443534742728e-07,0.0017207575374411936,6340599.0,trans
Gm23254,7.0,66854274.0,rs6345670,7,70840460,72948115,1.829443534742728e-07,0.0017207575374411936,3986186.0,trans
Coa3,11.0,101139282.0,rs13481186,11,100224674,100513550,1.8311784525032074e-07,0.0017218716844700677,625732.0,cis
Akap1,11.0,88692106.0,rs3720112,11,87668082,88249193,1.834444171553491e-07,0.0017244241540658443,442913.0,cis
C4a,17.0,34946039.0,rs3672987,17,33247165,35667114,1.8364862100660003e-07,0.0017256268000271813,0.0,cis
Lrba,3.0,86028602.0,rs13477251,3,88658602,90219227,1.8368267467994752e-07,0.0017256268000271813,2630000.0,trans
Tnni1,1.0,137696016.0,D1Mit218,1,129336687,129336687,1.839323092573017e-07,0.0017274532643925704,8359329.0,trans
Mul1,4.0,137990587.0,D4Mit339,4,133923341,133923341,1.8408799198781323e-07,0.001728396521426885,4067246.0,trans
Gm13375,2.0,20891520.0,rs13476413,2,31678178,33073858,1.8420035706736693e-07,0.0017289326263762173,10786658.0,trans
Hist1h2ao,13.0,23625780.0,rs3023260,11,57088038,57644775,1.8450716046247962e-07,0.001731159532678114,,trans
Nlrp1c-ps,11.0,71055932.0,rs3662476,11,76761052,76824057,1.8454828513810234e-07,0.001731159532678114,5705120.0,trans
Nupl2,5.0,23670781.0,rs13478144,5,23827219,23827219,1.8468220206062033e-07,0.0017317422870582497,156438.0,cis
Unc45a,7.0,87470178.0,rs6188470,7,90865515,90865515,1.8472111989329573e-07,0.0017317422870582497,3395337.0,trans
Pou6f2,13.0,18216794.0,rs6173994,11,52342339,53868159,1.8492909579979014e-07,0.001733172660197436,,trans
Ivd,2.0,118687718.0,rs8264884,2,130881868,131487026,1.8521346597541405e-07,0.0017351087330580472,12194150.0,trans
Gm24306,7.0,66604906.0,rs3693478,7,67179979,70463288,1.8524660040500764e-07,0.0017351087330580472,575073.0,cis
Zfp30,7.0,30569609.0,CEL-7_20141278,7,31950331,35185656,1.8591427381215797e-07,0.0017408412732703219,1380722.0,cis
Rnf208,2.0,25098458.0,rs6193345,2,23199300,23199300,1.8649274860974396e-07,0.0017457354057970277,1899158.0,cis
4930466F19Rik,4.0,42594761.0,rs3707178,4,47049015,47049015,1.8713501743756438e-07,0.0017512235996792,4454254.0,trans
Trappc12,12.0,29375877.0,rs13481357,12,27578331,28255508,1.8764991264121298e-07,0.0017555168956231127,1120369.0,cis
Galnt11,5.0,24728711.0,gnf05.017.151,5,22716675,23652258,1.8817508268397075e-07,0.0017599037198024348,1076453.0,cis
Comt,16.0,18407622.0,rs4165425,16,23797302,23797302,1.8865329877912405e-07,0.0017634343096340965,5389680.0,trans
B2m,2.0,121973423.0,rs3708635,2,125704535,127840968,1.8866532271258394e-07,0.0017634343096340965,3731112.0,trans
Gm23933,7.0,66645190.0,rs4226649,7,73194873,73194873,1.8885729841925558e-07,0.0017641745031901222,6549683.0,trans
Gm23933,7.0,66645190.0,rs6345670,7,70840460,72948115,1.8885729841925558e-07,0.0017641745031901222,4195270.0,trans
Ndufc2,7.0,104548587.0,rs3672782,7,95155270,96589291,1.8938355481830285e-07,0.0017685623404714353,7959296.0,trans
Trim30d,7.0,111620222.0,rs3023151,7,103823533,107944155,1.895792118349025e-07,0.0017693331693576476,3676067.0,trans
Trim30d,7.0,111620222.0,CEL-7_88290939,7,108094541,111033533,1.895792118349025e-07,0.0017693331693576476,586689.0,cis
C4a,17.0,34946039.0,rs13482967,17,37015393,39314866,1.9076436150866985e-07,0.0017798631257375057,2069354.0,trans
Usmg5,19.0,47157954.0,D19Mit89,19,42573794,42573794,1.9085381983238582e-07,0.0017801668690852921,4584160.0,trans
Mul1,4.0,137990587.0,CEL-4_130248229,4,131555157,131555157,1.9111885473731836e-07,0.0017821076134335576,6435430.0,trans
Gmpr,13.0,45602826.0,rs3688207,13,45454657,45641522,1.91537904560022e-07,0.0017854829013704823,0.0,cis
Use1,8.0,73890841.0,rs13479814,8,70845435,74265398,1.916106089260751e-07,0.0017856285682845826,0.0,cis
Sc5d,9.0,42062260.0,rs3702448,9,41870632,44817799,1.9172518540477485e-07,0.0017861642404888344,0.0,cis
Gm24306,7.0,66604906.0,gnf07.050.858,7,63779524,65367119,1.918510662253302e-07,0.0017868048767318478,1237787.0,cis
4833403I15Rik,18.0,47009693.0,rs13483354,18,50106592,53549150,1.9230054001557428e-07,0.0017904580177595436,3096899.0,trans
Adar,3.0,89518982.0,rs13476241,1,174792335,175262195,1.927866876350562e-07,0.0017943568690345557,,trans
4932438H23Rik,16.0,91054180.0,rs4219239,16,91670409,91670409,1.9283400215222085e-07,0.0017943568690345557,616229.0,cis
Hspa12b,2.0,130953148.0,rs13476784,2,134345046,135758395,1.93087073217284e-07,0.0017957459966259437,3391898.0,trans
Scly,1.0,93194915.0,rs13475970,1,90246345,91918244,1.9309809008239135e-07,0.0017957459966259437,1276671.0,cis
Gm17087,17.0,8758803.0,rs13480605,10,45532637,45532637,1.9322099119522677e-07,0.0017963549410749092,,trans
9030617O03Rik,12.0,102017316.0,rs13481620,12,104269892,104269892,1.9366600558831782e-07,0.0017999572868274485,2252576.0,trans
Scn9a,2.0,66320634.0,rs6314726,2,63950899,64580035,1.9375794272386987e-07,0.0018002769210094774,1740599.0,cis
Gtf2h4,17.0,35804677.0,rs3672987,17,33247165,35667114,1.9396475748221006e-07,0.0018016634190772874,137563.0,cis
Klc1,12.0,112997090.0,rs4229611,12,114496727,114496727,1.9454304751599107e-07,0.0018064985596528496,1499637.0,cis
Eno3,11.0,70470706.0,rs3662476,11,76761052,76824057,1.9575920731234923e-07,0.0018172522393124836,6290346.0,trans
Gfer,17.0,24830135.0,CEL-17_20354682,17,21827381,23003494,1.9666202226570885e-07,0.0018250915903332719,1826641.0,cis
Mkl2,16.0,13415590.0,rs4165287,16,22028919,22028919,1.9699118251544535e-07,0.0018276041564079441,8613329.0,trans
Kptn,7.0,16705244.0,rs13479126,7,12778970,12916540,1.974260219267369e-07,0.0018308765550658402,3788704.0,trans
Ugdh,5.0,65804458.0,rs13478294,5,63821509,65070490,1.9746095171935706e-07,0.0018308765550658402,733968.0,cis
Cntn2,1.0,134406004.0,rs13459051,1,132747530,134993250,1.9777961306483808e-07,0.0018332878556985468,0.0,cis
Adal,2.0,120966172.0,rs3686617,2,122383806,125564678,1.982220130849069e-07,0.001836844364798824,1417634.0,cis
H2-Ke6,17.0,34162978.0,rs13482934,17,27985170,29917068,1.9983800006225128e-07,0.0018512707096521976,4245910.0,trans
Gm23254,7.0,66854274.0,D7Mit199,7,73078958,73078958,2.0043665919699698e-07,0.0018562669231513252,6224684.0,trans
Polr1a,6.0,71859067.0,rs13478780,6,59473346,60541372,2.005843241201791e-07,0.0018567506450019135,11317695.0,trans
Nudcd1,15.0,44206775.0,rs13482547,15,45108963,50907093,2.006275383356163e-07,0.0018567506450019135,902188.0,cis
Trim30d,7.0,111620222.0,rs3658777,7,96762673,96762673,2.006669447663985e-07,0.0018567506450019135,14857549.0,trans
Slc35f5,1.0,127457600.0,rs13476012,1,101801486,105621440,2.0184048515400965e-07,0.0018665051794916805,21836160.0,trans
Slc35f5,1.0,127457600.0,rs13476033,1,107790532,108029792,2.0184048515400965e-07,0.0018665051794916805,19427808.0,trans
5330438I03Rik,1.0,168238877.0,UT_1_169.988189,1,168323143,169017891,2.0197282400363698e-07,0.0018671770439951782,84266.0,cis
Fbln7,2.0,128689714.0,rs6411422,2,128199226,129125488,2.022664374565578e-07,0.0018693390055087376,0.0,cis
Glul,1.0,155747075.0,rs13476148,1,144862429,144862429,2.024377040041558e-07,0.0018699343655220488,10884646.0,trans
Gm4793,1.0,137481350.0,rs6202860,1,147391348,148385403,2.0245040222812545e-07,0.0018699343655220488,9909998.0,trans
6330403K07Rik,11.0,70845443.0,gnf11.079.978,11,75282894,76408655,2.0251531283617227e-07,0.0018699818071048417,4437451.0,trans
Csrp1,1.0,137616638.0,gnf01.132.831,1,135115364,135695643,2.026477595572249e-07,0.0018706526502759407,1920995.0,cis
Lrrc51,7.0,109061507.0,rs13479416,7,103132457,103132457,2.032999034608936e-07,0.0018761190358897212,5929050.0,trans
Arhgef19,4.0,140798799.0,rs3023025,4,142772319,142772319,2.033811400129787e-07,0.0018763152284572298,1973520.0,cis
Commd7,2.0,153442669.0,rs13476784,2,134345046,135758395,2.0363479788719267e-07,0.001878101528391403,17684274.0,trans
Gabrb2,11.0,42233259.0,D11Mit20,11,44552713,46029522,2.0405847695199745e-07,0.0018814544001344617,2319454.0,trans
Lrrc27,7.0,146398887.0,rs13479559,7,146654035,146866297,2.043982115750792e-07,0.0018840315419070448,255148.0,cis
Fopnl,16.0,14299337.0,rs4164131,16,14378705,15051845,2.0452087817314782e-07,0.0018840792085101474,79368.0,cis
Dnal4,15.0,79591883.0,rs3667755,15,78741347,81745213,2.0452383275809212e-07,0.0018840792085101474,0.0,cis
Nmi,2.0,51804025.0,rs6265423,2,47020131,48251340,2.0462495741587168e-07,0.0018844558671021992,3552685.0,trans
LOC102639173,7.0,108985265.0,CEL-7_88290939,7,108094541,111033533,2.047643176153682e-07,0.0018846296944506587,0.0,cis
LOC102639173,7.0,108985265.0,rs3023151,7,103823533,107944155,2.047643176153682e-07,0.0018846296944506587,1041110.0,cis
Ccdc42,11.0,68400717.0,rs13481087,11,69415411,70265537,2.0564187997676657e-07,0.0018921500096234249,1014694.0,cis
Nkx6-2,7.0,146765198.0,rs6159179,7,143800091,144635621,2.0571613045548914e-07,0.0018922766504297333,2129577.0,trans
Lonp2,8.0,89148006.0,rs13479859,8,84568955,85463661,2.0608751207781945e-07,0.0018951355696261198,3684345.0,trans
Rpl3,15.0,79908225.0,rs13482681,15,83867917,84968203,2.0620934059916695e-07,0.0018956986473505748,3959692.0,trans
Bloc1s6,2.0,122564241.0,rs3708635,2,125704535,127840968,2.0687367324477773e-07,0.00190124721209712,3140294.0,trans
Haus8,8.0,73775023.0,rs13479813,8,70431892,70720690,2.069360818216741e-07,0.001901262232824968,3054333.0,trans
Lrba,3.0,86028602.0,UT_3_90.000791,3,87719794,88310086,2.0749876060499829e-07,0.001905286043119999,1691192.0,cis
Mcm6,1.0,130228167.0,rs13476036,1,108755358,110723533,2.0753654854585343e-07,0.001905286043119999,19504634.0,trans
Pm20d1,1.0,133693972.0,gnf01.128.089,1,130357592,130357592,2.075567474537327e-07,0.001905286043119999,3336380.0,trans
Zfp951,5.0,105242188.0,rs13478434,5,104572764,106233590,2.0774146394929343e-07,0.0019061718585974402,0.0,cis
Rcbtb2,14.0,73542352.0,rs13482248,14,72506627,72653812,2.0778315049572864e-07,0.0019061718585974402,888540.0,cis
Gm3579,8.0,93410675.0,rs6386918,4,139323756,140081803,2.0783603916436732e-07,0.0019061718585974402,,trans
Usf1,1.0,173341515.0,NES13029525,1,174201925,174420752,2.083207048639155e-07,0.0019100570087090141,860410.0,cis
Gm22980,4.0,116826698.0,rs3664637,4,108237103,110787831,2.0853101151536922e-07,0.0019114250678796778,6038867.0,trans
Pacrg,17.0,10595878.0,gnf17.005.541,17,8688392,9032964,2.0933118155879e-07,0.001918197514094768,1562914.0,cis
Nlrp1c-ps,11.0,71055932.0,UT_11_68.607315,11,68849650,69141399,2.0961171898046144e-07,0.0019196436354577953,1914533.0,cis
Nlrp1c-ps,11.0,71055932.0,rs3715924,11,67192419,67351936,2.0961171898046144e-07,0.0019196436354577953,3703996.0,trans
Zkscan16,4.0,58958999.0,rs13477725,4,57626582,58332266,2.0983931756770013e-07,0.0019206325146219189,626733.0,cis
Arhgef19,4.0,140798799.0,rs6234904,4,138152372,139225623,2.0984248440811394e-07,0.0019206325146219189,1573176.0,cis
1500011K16Rik,2.0,127617124.0,rs4223510,2,131679415,131819271,2.101760952244037e-07,0.0019231233200060324,4062291.0,trans
C630016N16Rik,7.0,31514598.0,rs8251849,7,31505578,31794283,2.1090433881986334e-07,0.0019292225255088276,0.0,cis
Kcnj11,7.0,53352532.0,rs13479226,7,52843651,53422379,2.1156526700882412e-07,0.0019347025855323988,0.0,cis
Zfp738,13.0,67770426.0,rs6280864,13,70216413,70216413,2.1212009624643942e-07,0.0019392094823197073,2445987.0,trans
LOC102632102,12.0,18192957.0,rs3657682,12,15739388,16592330,2.123537323355558e-07,0.0019407782444222073,1600627.0,cis
Mcmdc2,1.0,9898719.0,rs6269442,1,3482276,4811063,2.124420621759816e-07,0.0019410184712173684,5087656.0,trans
Fancl,11.0,26287084.0,rs13480894,11,17845701,18067657,2.1277546679759348e-07,0.0019429297988813156,8219427.0,trans
Fancl,11.0,26287084.0,rs13480888,11,16853390,17636603,2.1277546679759348e-07,0.0019429297988813156,8650481.0,trans
C630016N16Rik,7.0,31514598.0,rs4226520,7,30566471,31205553,2.1327585131315194e-07,0.0019469307099999433,309045.0,cis
Lcmt2,2.0,120964276.0,rs13476709,2,114022898,115248630,2.1338841282379967e-07,0.0019473900007720942,5715646.0,trans
Pcsk5,19.0,17507883.0,rs4136257,19,15440659,15599162,2.1423171442205077e-07,0.001954515838039749,1908721.0,cis
Larp1,11.0,57873979.0,rs6199956,11,50558769,51384701,2.148632490065071e-07,0.001959706054119249,6489278.0,trans
Dthd1,5.0,63209761.0,gnf05.061.650,5,67739262,67964306,2.1516844107343537e-07,0.0019619176357591494,4529501.0,trans
Klhl7,5.0,23606423.0,CEL-5_24068097,5,25161103,25303743,2.1528555687306626e-07,0.0019624135385642835,1554680.0,cis
Ntn4,10.0,93103946.0,CEL-10_87391383,10,87106144,88138481,2.1548602359328417e-07,0.0019636687079666146,4965465.0,trans
Ogg1,6.0,113276996.0,rs13478992,6,116847501,116847501,2.1558926712819222e-07,0.001964037434462625,3570505.0,trans
Acy1,9.0,106335321.0,rs13480398,9,105676712,105823505,2.1609846387195617e-07,0.0019681031395340945,511816.0,cis
Plscr4,9.0,92352216.0,rs3700596,9,86198704,86456295,2.1708907224239498e-07,0.0019765496280932503,5895921.0,trans
Prtg,9.0,72655024.0,rs13459110,9,71331038,72952359,2.1757005378272924e-07,0.001980352508222687,0.0,cis
Abhd10,16.0,45730030.0,rs4188825,16,56652577,57425569,2.183210691793474e-07,0.0019866103464153246,10922547.0,trans
Sbsn,7.0,31536490.0,rs6239372,7,35483870,35699898,2.187177596782625e-07,0.00198964130700544,3947380.0,trans
Igtp,11.0,58013058.0,D11Mit349,11,55602850,55602850,2.1919312151165675e-07,0.0019933859582134477,2410208.0,trans
Acyp2,11.0,30405991.0,rs13480937,11,30059387,33390350,2.2070005125286907e-07,0.002005924042881207,0.0,cis
Acyp2,11.0,30405991.0,rs13480932,11,28975003,29445002,2.2070005125286907e-07,0.002005924042881207,960989.0,cis
Sord,2.0,122060560.0,rs13476723,2,117118532,118639998,2.2150844828501072e-07,0.002012686751535549,3420562.0,trans
Ssc5d,7.0,4877446.0,UT_3_150.551162,3,146294051,146395300,2.2174183627669172e-07,0.002014222359525114,,trans
Hdhd3,4.0,62160046.0,CEL-4_51526276,4,52294103,54911506,2.2245718623704916e-07,0.0020195475470894987,7248540.0,trans
Hdhd3,4.0,62160046.0,rs13477695,4,49784163,50695666,2.2245718623704916e-07,0.0020195475470894987,11464380.0,trans
9030617O03Rik,12.0,102017316.0,gnf12.101.501,12,104522187,105392393,2.22833682339385e-07,0.0020223786390062976,2504871.0,trans
Zfand1,2.0,134588560.0,rs13476993,3,16964502,16964502,2.2388379918169959e-07,0.0020313199165472888,,trans
Gprc5b,7.0,126115561.0,rs6241342,7,126326146,126553480,2.2397085876716383e-07,0.002031520628684099,210585.0,cis
Rbm46,3.0,82641155.0,UT_3_93.299511,3,90413739,95488017,2.2474484972069216e-07,0.002037950207804412,7772584.0,trans
Rd3,1.0,193801254.0,rs3654502,1,194704348,195301070,2.252478523547488e-07,0.002041919494195065,903094.0,cis
Unc13a,8.0,74150642.0,rs3659789,8,58485097,63851355,2.2567559397965596e-07,0.002045204421534438,10299287.0,trans
Gm23254,7.0,66854274.0,rs3693478,7,67179979,70463288,2.2587548597692962e-07,0.002046357563363022,325705.0,cis
Zfp9,6.0,118411992.0,rs13479001,6,119516194,119957168,2.259336603665612e-07,0.002046357563363022,1104202.0,cis
Chrna7,7.0,70243574.0,rs4226649,7,73194873,73194873,2.2631214486182856e-07,0.002048599406891235,2951299.0,trans
Chrna7,7.0,70243574.0,rs6345670,7,70840460,72948115,2.2631214486182856e-07,0.002048599406891235,596886.0,cis
Ndufc2,7.0,104548587.0,D7Mit301,7,98732421,98732421,2.266101703868312e-07,0.0020500898728840825,5816166.0,trans
Slc7a11,3.0,49696436.0,rs3670626,3,42213855,42213855,2.2661144918969377e-07,0.0020500898728840825,7482581.0,trans
Mrpl35,6.0,71762997.0,rs13478852,6,80236329,80236329,2.266733935343926e-07,0.0020500898728840825,8473332.0,trans
Zfp945,17.0,22984461.0,rs13482864,17,9565936,10166446,2.2712834050660623e-07,0.002053610824367726,12818015.0,trans
Ankfy1,11.0,72503504.0,rs3677986,11,67961048,68740438,2.2746955812193325e-07,0.0020561017393488108,3763066.0,trans
Usmg5,19.0,47157954.0,rs3660360,19,48448365,48448365,2.2788331077523268e-07,0.0020591721682778536,1290411.0,cis
Prmt3,7.0,57033716.0,rs13479276,7,65717523,66413236,2.2794088778498173e-07,0.0020591721682778536,8683807.0,trans
Unc13a,8.0,74150642.0,rs4227253,8,77650955,77650955,2.2864547963171814e-07,0.0020649337577511024,3500313.0,trans
Gmpr,13.0,45602826.0,rs6196305,13,45402973,45402973,2.2871068117619984e-07,0.0020649337577511024,199853.0,cis
Myd88,9.0,119245052.0,rs8254361,9,119247088,120169737,2.288400584965385e-07,0.002065505746292095,2036.0,cis
Pofut1,2.0,153067268.0,CEL-2_135876979,2,135953692,136253017,2.2916917767025226e-07,0.002067879750798484,16814251.0,trans
Capns1,7.0,30971961.0,rs13479163,7,27852866,27852866,2.2930930191384205e-07,0.002068547505565318,3119095.0,trans
Smarcd3,5.0,24098440.0,rs6260804,5,24008816,24391317,2.2984809615956604e-07,0.0020728101508412475,0.0,cis
Gm24306,7.0,66604906.0,D7Mit199,7,73078958,73078958,2.2995233914038132e-07,0.00207285288753617,6474052.0,trans
Arsb,13.0,94541714.0,rs6328703,13,91841957,93493822,2.2999025860336888e-07,0.00207285288753617,1047892.0,cis
Ddit4l,3.0,137286700.0,rs13477425,3,134595339,136479848,2.3005161242652508e-07,0.00207285288753617,806852.0,cis
Fam183b,11.0,58606305.0,rs6371333,11,57945936,57945936,2.3048068427814913e-07,0.002076121027661703,660369.0,cis
Got1l1,8.0,28307931.0,mCV24506226,8,31744603,33820606,2.3075631160549713e-07,0.0020780054885022182,3436672.0,trans
Tarsl2,7.0,72789800.0,rs13479306,7,73604599,75261560,2.3102530859878842e-07,0.0020798291744945877,814799.0,cis
Wdr83os,8.0,87604673.0,rs3698182,8,86111850,88831890,2.3116984039398054e-07,0.00208053162275545,0.0,cis
Spag8,4.0,43664332.0,rs13477674,4,43562053,44330250,2.315553108585279e-07,0.0020828024716625895,0.0,cis
Spag8,4.0,43664332.0,rs13477670,4,42803507,43197670,2.315553108585279e-07,0.0020828024716625895,466662.0,cis
Mmd2,5.0,143038319.0,rs13478563,5,141863413,142082180,2.3175635052366361e-07,0.0020836223341238304,956139.0,cis
Dnah3,7.0,127230225.0,rs6366212,7,126261041,126312422,2.3177966567211064e-07,0.0020836223341238304,917803.0,cis
Fbln7,2.0,128689714.0,rs8264884,2,130881868,131487026,2.3239028424294586e-07,0.0020885114456217733,2192154.0,trans
Dhx35,2.0,158620556.0,gnf02.161.674,2,158566515,158683924,2.327144237685726e-07,0.0020908238765191037,0.0,cis
Gm25134,7.0,19827479.0,gnf12.057.133,12,60071017,60243672,2.3364374322718071e-07,0.002098570660560238,,trans
Prdx2,8.0,87493521.0,rs3698182,8,86111850,88831890,2.3395275128243072e-07,0.00210074300601209,0.0,cis
Itfg3,17.0,26349644.0,rs13482930,17,26950947,27588409,2.3434495182815476e-07,0.002103660904694341,601303.0,cis
Sord,2.0,122060560.0,rs3686617,2,122383806,125564678,2.3522312642459805e-07,0.0021108967727422327,323246.0,cis
Ogg1,6.0,113276996.0,rs13478933,6,101797293,103078877,2.352859680155235e-07,0.0021108967727422327,10198119.0,trans
Mbd4,6.0,115792347.0,rs13478992,6,116847501,116847501,2.3560511687694242e-07,0.002113154046506205,1055154.0,cis
Tmem87b,2.0,128644047.0,rs8264884,2,130881868,131487026,2.3644601458371068e-07,0.0021200882765128907,2237821.0,trans
Thbs1,2.0,117937629.0,rs13476740,2,121412769,122144319,2.3651517766330894e-07,0.002120100772984851,3475140.0,trans
Cenpb,2.0,131003025.0,rs3708635,2,125704535,127840968,2.3658557916172054e-07,0.0021201243601924684,3162057.0,trans
Ncaph,2.0,126929562.0,rs6411422,2,128199226,129125488,2.3684247680457627e-07,0.0021218187110848504,1269664.0,cis
Nmi,2.0,51804025.0,rs3711308,2,46084534,46848832,2.3705250385671543e-07,0.002122407881015195,4955193.0,trans
Gm10654,8.0,73455693.0,rs4227253,8,77650955,77650955,2.3707794240888102e-07,0.002122407881015195,4195262.0,trans
Pip5k1b,19.0,24369284.0,D19Mit40,19,25410811,25410811,2.371117707776068e-07,0.002122407881015195,1041527.0,cis
2810025M15Rik,1.0,159342483.0,rs3693161,1,162215219,163901483,2.376534947148713e-07,0.0021266484155379834,2872736.0,trans
Mfsd4,1.0,133919383.0,rs6406033,1,138462986,141128164,2.3845913552045645e-07,0.002133247516368943,4543603.0,trans
Gm13033,4.0,132440462.0,rs6386918,4,139323756,140081803,2.3902087202938513e-07,0.0021376615081553454,6883294.0,trans
Paip1,13.0,120217729.0,rs13482038,13,120059029,120203851,2.4063928120759925e-07,0.002151520532353664,13878.0,cis
A930017M01Rik,15.0,44712926.0,gnf15.011.180,15,14320273,16094380,2.407784699037688e-07,0.0021521499223654626,28618546.0,trans
Cyp2u1,3.0,130994047.0,rs13477412,3,132350866,133905167,2.409313601831303e-07,0.002152286623304288,1356819.0,cis
Cyp2u1,3.0,130994047.0,UT_3_141.310761,3,137054608,137879711,2.409313601831303e-07,0.002152286623304288,6060561.0,trans
Mrpl35,6.0,71762997.0,rs13478780,6,59473346,60541372,2.4140478260972863e-07,0.0021559001780710107,11221625.0,trans
C330024D21Rik,5.0,67858153.0,gnf05.061.650,5,67739262,67964306,2.416780356346859e-07,0.0021577245388085483,0.0,cis
Lypd3,7.0,25421552.0,rs13476609,2,83092617,91849773,2.420632099704194e-07,0.0021605468175812438,,trans
Scn9a,2.0,66320634.0,rs3709716,2,62490365,62717694,2.4250300182221556e-07,0.002162738249817228,3602940.0,trans
Scn9a,2.0,66320634.0,rs3664317,2,63687213,63687213,2.4250300182221556e-07,0.002162738249817228,2633421.0,trans
Rgsl1,1.0,155626517.0,rs6181202,1,156456243,159872935,2.4256073348366246e-07,0.002162738249817228,829726.0,cis
Scn9a,2.0,66320634.0,rs6302554,2,64696669,65496551,2.4263510725512595e-07,0.002162738249817228,824083.0,cis
Arhgap4,20.0,71139695.0,rs13483769,20,55907642,56198835,2.4265439505038673e-07,0.002162738249817228,14940860.0,trans
Ninj2,6.0,120043316.0,rs13478993,6,117050639,119361486,2.4275932973081154e-07,0.00216305725953514,681830.0,cis
Ssc5d,7.0,4877446.0,gnf03.152.088,3,148269915,148269915,2.438273259071355e-07,0.0021719548063029097,,trans
Igtp,11.0,58013058.0,rs6371333,11,57945936,57945936,2.441077657633886e-07,0.002173833923455472,67122.0,cis
Gm14414,10.0,56074254.0,rs13477940,4,118271128,118641059,2.442617994272392e-07,0.0021741949408738037,,trans
Ddx59,1.0,138311848.0,gnf01.132.831,1,135115364,135695643,2.442873027731586e-07,0.0021741949408738037,2616205.0,trans
Gm10509,17.0,21828827.0,rs13482868,17,10586984,11481618,2.450856678213923e-07,0.002180680121178941,10347209.0,trans
Zfp131,13.0,,rs13482038,13,120059029,120203851,2.4539892698405946e-07,0.002182846551071924,,unknown
Eqtn,4.0,94573984.0,rs13477860,4,97010926,101102849,2.4667883894145934e-07,0.0021936077727888587,2436942.0,trans
Akirin2,4.0,34497864.0,CEL-4_34185403,4,34041019,35257017,2.4688808723293385e-07,0.0021948247141063203,0.0,cis
Ivd,2.0,118687718.0,rs3675388,2,152495773,153967020,2.4695600414518785e-07,0.0021948247141063203,33808055.0,trans
Gm22980,4.0,116826698.0,rs13477940,4,118271128,118641059,2.4728158808414655e-07,0.002197094171138169,1444430.0,cis
Stxbp4,11.0,90338792.0,rs13481150,11,89612737,89761882,2.4745413531212706e-07,0.0021980029960235116,576910.0,cis
Dock10,1.0,80497763.0,mCV23431007,1,80322428,80719280,2.4761941921671936e-07,0.002198846807059078,0.0,cis
AA388235,17.0,34118437.0,rs13482981,17,40708059,43226181,2.487570555554502e-07,0.002208322125091163,6589622.0,trans
Ppp1r11,17.0,37085693.0,rs13482967,17,37015393,39314866,2.490463485782397e-07,0.0022092426035641294,0.0,cis
B2m,2.0,121973423.0,UT_2_119.151187,2,118706767,121192484,2.4911381685867617e-07,0.0022092426035641294,780939.0,cis
Bcl2l11,2.0,127951774.0,rs8264884,2,130881868,131487026,2.491375869117159e-07,0.0022092426035641294,2930094.0,trans
Senp3,11.0,69486612.0,rs6217738,11,72486318,72978471,2.491432184115267e-07,0.0022092426035641294,2999706.0,trans
Cd82,2.0,93259268.0,rs4223268,2,93260018,93260018,2.4981529598706515e-07,0.0022145744435145827,750.0,cis
Mpg,11.0,32126511.0,rs3707185,11,19879676,20329768,2.499898042492171e-07,0.0022154936361652986,11796743.0,trans
Akap1,11.0,88692106.0,rs3659504,11,88522934,89402038,2.5052113527613823e-07,0.002219573695822977,0.0,cis
Zfp65,13.0,67806246.0,rs4229817,13,66981471,67600532,2.506456040885153e-07,0.0022200477372601645,205714.0,cis
Chp1,2.0,119373443.0,rs13476723,2,117118532,118639998,2.509724258633897e-07,0.002222010078556792,733445.0,cis
Kcnip3,2.0,127282232.0,rs3708635,2,125704535,127840968,2.510092082596894e-07,0.002222010078556792,0.0,cis
Tmem203,2.0,25110974.0,rs13459062,2,31027541,31290124,2.512433284849132e-07,0.002223349172577066,5916567.0,trans
Ildr2,1.0,168184552.0,rs3653666,1,160477203,161687298,2.5130261840915667e-07,0.002223349172577066,6497254.0,trans
Trim12c,7.0,111488390.0,rs3662937,7,111381490,112061872,2.514255635988608e-07,0.00222380800034003,0.0,cis
Sfrp1,8.0,24521990.0,rs13459102,8,26133139,27552604,2.518431879817807e-07,0.002226872209612401,1611149.0,cis
Fam183b,11.0,58606305.0,D11Mit349,11,55602850,55602850,2.5222982483141035e-07,0.0022296607636614254,3003455.0,trans
Pdzrn4,15.0,92427799.0,D15Mit34,15,90583806,91504598,2.5248773723288245e-07,0.0022309485200359374,923201.0,cis
Gm22748,12.0,17552955.0,rs13481357,12,27578331,28255508,2.525181272731556e-07,0.0022309485200359374,10025376.0,trans
Gm7222,20.0,131362718.0,rs13482934,17,27985170,29917068,2.533934801398425e-07,0.0022380500533017837,,trans
Far1,7.0,120657376.0,rs13479460,7,118818343,118818343,2.54095503650438e-07,0.0022430476364874593,1839033.0,cis
S100a10,3.0,93359039.0,UT_3_90.000791,3,87719794,88310086,2.541027085726557e-07,0.0022430476364874593,5048953.0,trans
Rgsl1,1.0,155626517.0,rs13476187,1,156052564,156052564,2.5462153691403267e-07,0.002246993476279068,426047.0,cis
Arhgef19,4.0,140798799.0,rs6386918,4,139323756,140081803,2.5504773760724093e-07,0.002250119897208363,716996.0,cis
Arhgap4,20.0,71139695.0,rs13483810,20,66607415,68130577,2.551257860128015e-07,0.0022501739005950493,3009118.0,trans
4932438A13Rik,3.0,36863797.0,petM-02707-1,3,37307265,38297775,2.5520010272952535e-07,0.002250191591767558,443468.0,cis
Coa5,1.0,37473931.0,rs13475810,1,36052584,37614783,2.5527164738164184e-07,0.002250191591767558,0.0,cis
Trim12a,7.0,111392519.0,D7Mit323,7,108024450,108024450,2.5598177291785905e-07,0.0022554844517092528,3368069.0,trans
Lad1,1.0,137715175.0,gnf01.132.831,1,135115364,135695643,2.5601628664078674e-07,0.0022554844517092528,2019532.0,trans
Stab2,10.0,86303943.0,rs6191721,10,91382291,92120896,2.5688624658432537e-07,0.0022625115864052304,5078348.0,trans
Gm25229,7.0,66669461.0,D7Mit199,7,73078958,73078958,2.580775837612064e-07,0.002272364481270598,6409497.0,trans
Gm16503,4.0,146914327.0,rs6316136,4,142959727,144118897,2.5851726627171287e-07,0.0022755953995043654,2795430.0,trans
Olfr1507,14.0,53109610.0,mCV23384307,14,49708958,49708958,2.589788471308781e-07,0.0022790172058141656,3400652.0,trans
LOC102637749,17.0,42864122.0,rs13482868,17,10586984,11481618,2.590722458364447e-07,0.002279197991020991,31382504.0,trans
Dbndd2,2.0,164311640.0,rs6219107,2,167301482,167301482,2.5958350349036876e-07,0.002283053771164986,2989842.0,trans
Pgbd1,13.0,21513144.0,rs3676630,13,20529561,20529561,2.601792854142134e-07,0.0022870077923982527,983583.0,cis
Pgbd1,13.0,21513144.0,rs13481721,13,20656484,21871443,2.601792854142134e-07,0.0022870077923982527,0.0,cis
Srp9,2.0,87366206.0,NES13029525,1,174201925,174420752,2.606467428103319e-07,0.0022904484568240357,,trans
Pdzrn4,15.0,92427799.0,rs13482715,15,92839469,93134854,2.6071713852966433e-07,0.0022904484568240357,411670.0,cis
Psmd6,14.0,14944698.0,rs3658866,14,23778000,23778000,2.6106161652997906e-07,0.0022928308872426236,8833302.0,trans
Nucb1,7.0,52748246.0,gnf07.032.889,7,48180543,51065291,2.612995720126959e-07,0.0022942766855530423,1682955.0,cis
Gm6728,6.0,136434677.0,rs13478428,5,103062844,103441851,2.615832111365835e-07,0.0022961226739687405,,trans
Tnnt2,1.0,137732931.0,gnf01.128.089,1,130357592,130357592,2.618795401020873e-07,0.0022980789842952437,7375339.0,trans
Arl3,19.0,46605599.0,rs13483668,19,52068624,52068624,2.620258668162321e-07,0.002298339033890556,5463025.0,trans
Pfdn2,1.0,173275830.0,NES13029525,1,174201925,174420752,2.620561078924259e-07,0.002298339033890556,926095.0,cis
D17H6S56E-5,17.0,35133669.0,rs3703662,9,68191195,68496533,2.631421858132039e-07,0.0023072175576011257,,trans
Rpl29,2.0,134629629.0,rs13480398,9,105676712,105823505,2.646305687374132e-07,0.0023196175078137845,,trans
Fam78b,1.0,168931606.0,rs3653666,1,160477203,161687298,2.6526036767975457e-07,0.0023238442222105866,7244308.0,trans
Use1,8.0,73890841.0,rs13479813,8,70431892,70720690,2.6530015068123947e-07,0.0023238442222105866,3170151.0,trans
Slc35a5,16.0,45139686.0,D16Mit12,16,39118134,39118134,2.653356142532272e-07,0.0023238442222105866,6021552.0,trans
Tmem203,2.0,25110974.0,rs13476358,2,16227339,18741508,2.6551334822232484e-07,0.0023247500138262604,6369466.0,trans
Pgpep1,8.0,73172976.0,rs4227253,8,77650955,77650955,2.6651889216865044e-07,0.0023329013101491608,4477979.0,trans
Gpr161,1.0,167236353.0,rs4222799,1,169153243,169907834,2.666275826637686e-07,0.0023331998771810177,1916890.0,cis
Arhgap4,20.0,71139695.0,rs13483785,20,61595305,61868816,2.667048644345546e-07,0.002333223503186345,9270879.0,trans
Mss51,14.0,21302091.0,gnf14.013.298,14,20733677,23539821,2.670851957392763e-07,0.002335897553655724,0.0,cis
Lincenc1,13.0,98264754.0,rs3655295,13,103442135,103588230,2.6736971110254975e-07,0.0023377323479985682,5177381.0,trans
Scnm1,3.0,94933641.0,rs6243021,3,84948288,85493836,2.6777038066737935e-07,0.0023405814211332233,9439805.0,trans
Hist1h4c,13.0,23790007.0,rs3714148,13,19994021,19994021,2.688383863820221e-07,0.0023492604598159086,3795986.0,trans
5930422O12Rik,8.0,34539268.0,D8Mit189,8,35339349,35339349,2.6908221013193956e-07,0.002350734498617499,800081.0,cis
Alad,4.0,62170202.0,rs13477746,4,65605269,66843059,2.6917120585990335e-07,0.00235085549581147,3435067.0,trans
Cd99l2,20.0,68673240.0,rs13483818,20,69187247,70591777,2.694285979046468e-07,0.0023524467347375033,514007.0,cis
Ssc5d,7.0,4877446.0,rs3688244,3,145095424,145095424,2.69923432840485e-07,0.002356109678978695,,trans
Zfp788,7.0,48888901.0,rs3719256,7,51794017,52261292,2.703646181255686e-07,0.002359302412890578,2905116.0,trans
4930429B21Rik,3.0,32264411.0,gnf03.025.352,3,28293134,31752412,2.706013664720241e-07,0.0023607098707121195,511999.0,cis
Fgf7,2.0,125860520.0,rs13476740,2,121412769,122144319,2.707937462288958e-07,0.00236172958280934,3716201.0,trans
Hps1,19.0,42829686.0,rs13483653,19,48078038,48078038,2.716270268824608e-07,0.00236833679036626,5248352.0,trans
Ccdc171,4.0,83171500.0,CEL-4_85931631,4,87303085,87557344,2.719394732527011e-07,0.0023704003874208054,4131585.0,trans
Luzp1,4.0,136025688.0,CEL-4_130248229,4,131555157,131555157,2.7270445595350474e-07,0.002376406335502623,4470531.0,trans
Senp3,11.0,69486612.0,rs3715924,11,67192419,67351936,2.730779928212392e-07,0.0023783364390332173,2134676.0,trans
Senp3,11.0,69486612.0,UT_11_68.607315,11,68849650,69141399,2.730779928212392e-07,0.0023783364390332173,345213.0,cis
Myg1,15.0,102162149.0,rs3686133,15,102190853,102190853,2.7330471907019363e-07,0.002379648595438078,28704.0,cis
Gabbr1,17.0,37182911.0,rs13482930,17,26950947,27588409,2.7341512547690525e-07,0.0023799475132207223,9594502.0,trans
Nsun7,5.0,66651364.0,rs3707918,5,73733816,74027160,2.7367025842043356e-07,0.0023815056893620947,7082452.0,trans
Trim12a,7.0,111392519.0,rs3724540,7,114542346,114746367,2.7495440353444697e-07,0.0023917900634307624,3149827.0,trans
Impa1,3.0,10313540.0,rs6405415,3,10327102,11015895,2.7500499322115985e-07,0.0023917900634307624,13562.0,cis
Gm22980,4.0,116826698.0,rs13477919,4,104961980,107061697,2.7521102233195077e-07,0.0023929166988159462,9765001.0,trans
Arhgap4,20.0,71139695.0,rs13483868,20,81842526,87440159,2.754902444435203e-07,0.0023946789329598035,10702831.0,trans
Rbp1,9.0,98323380.0,rs3690580,9,95251199,96808717,2.756603513341872e-07,0.002395491975420798,1514663.0,cis
Trim3,7.0,112758984.0,rs13479441,7,111297536,111297536,2.7575613457171974e-07,0.002395658872181025,1461448.0,cis
Efnb3,11.0,69367607.0,rs13481068,11,64596125,64596125,2.7598096058857143e-07,0.0023969464370286104,4771482.0,trans
Olfr1507,14.0,53109610.0,rs6175724,14,46697706,47011325,2.761515545763234e-07,0.002397762402536001,6098285.0,trans
Sgcg,14.0,61839896.0,rs13482251,14,73363689,73375489,2.7659863293419554e-07,0.0024009779012903686,11523793.0,trans
Arsa,15.0,89302534.0,rs4230970,15,89413298,89873514,2.76845537346784e-07,0.0024024545146328733,110764.0,cis
Myg1,15.0,102162149.0,rs13482751,15,102781961,103129754,2.771945459867393e-07,0.0024040392296584908,619812.0,cis
Got1l1,8.0,28307931.0,rs3680402,8,33934049,34520656,2.771978390028683e-07,0.0024040392296584908,5626118.0,trans
Slc6a16,7.0,52514432.0,rs8260975,7,53682778,53682778,2.7726605692637773e-07,0.0024040392296584908,1168346.0,cis
Lrrc8b,5.0,105844794.0,rs13478434,5,104572764,106233590,2.773355332567115e-07,0.0024040392296584908,0.0,cis
N28178,4.0,42930123.0,rs3694836,4,45985764,46553371,2.778033636328166e-07,0.0024074274811201556,3055641.0,trans
Magt1,20.0,103165556.0,CEL-X_93828383,20,99620143,101637649,2.8000216140682105e-07,0.002425810162711275,1527907.0,cis
Zfp593,4.0,133799221.0,rs13478001,4,135998441,137764129,2.802453266382037e-07,0.0024272446538855454,2199220.0,trans
Gsap,5.0,20692085.0,gnf05.017.151,5,22716675,23652258,2.804548128925159e-07,0.0024283867333105063,2024590.0,trans
Gm24495,7.0,66762568.0,rs3693478,7,67179979,70463288,2.8085815888729706e-07,0.002431206298313644,417411.0,cis
Rnf122,8.0,32222318.0,rs13459102,8,26133139,27552604,2.812859951244338e-07,0.0024342362408377766,4669714.0,trans
Mina,16.0,59471668.0,rs4193040,16,60576914,60978161,2.8177863768488295e-07,0.0024372133330094066,1105246.0,cis
Mysm1,4.0,94608732.0,CEL-4_95227224,4,96563640,96653621,2.8178582225249964e-07,0.0024372133330094066,1954908.0,cis
Gm13033,4.0,132440462.0,rs6355837,4,129390618,129630775,2.8210182535376375e-07,0.0024392721064265097,2809687.0,trans
Rsg1,4.0,140770276.0,rs6386918,4,139323756,140081803,2.842402390260231e-07,0.0024570833690912134,688473.0,cis
Pm20d1,1.0,133693972.0,gnf01.127.292,1,129548234,130226591,2.8469171121271385e-07,0.0024589959917995542,3467381.0,trans
Pm20d1,1.0,133693972.0,gnf01.126.387,1,128625711,129064813,2.8469171121271385e-07,0.0024589959917995542,4629159.0,trans
Mettl17,14.0,52504517.0,mCV23384307,14,49708958,49708958,2.8469730169486343e-07,0.0024589959917995542,2795559.0,trans
Lyplal1,1.0,187911759.0,rs3667164,1,190511531,190735358,2.848524256044766e-07,0.0024596567446375996,2599772.0,trans
Snord53,17.0,71990219.0,rs13483086,17,69149198,69322298,2.8540027109385493e-07,0.0024637072873379216,2667921.0,trans
Kcnh1,1.0,194014754.0,rs13476313,1,195987784,196289270,2.8619933631926703e-07,0.002469923642091426,1973030.0,cis
Manba,3.0,135148575.0,UT_3_142.481798,3,138220054,138220054,2.8630006716420347e-07,0.0024701115474263734,3071479.0,trans
C530030P08Rik,11.0,32625889.0,rs13480872,11,11669289,12248051,2.8654451158896014e-07,0.002471538925171371,20377838.0,trans
March8,6.0,116288056.0,rs6204829,6,115865552,116706746,2.8676030963179983e-07,0.002472387540713737,0.0,cis
Lcmt2,2.0,120964276.0,rs13476784,2,134345046,135758395,2.8680095871391286e-07,0.002472387540713737,13380770.0,trans
Tmem237,1.0,59157434.0,rs3686293,1,58173264,58643671,2.8735300205104816e-07,0.002476464059064211,513763.0,cis
Dpp7,2.0,25207807.0,rs13476464,2,43538350,44257293,2.8782779664821007e-07,0.0024793780760549995,18330543.0,trans
H2-Q2,17.0,35479278.0,CEL-17_29648158,17,31179361,31326531,2.878496333956214e-07,0.0024793780760549995,4152747.0,trans
Ppp1r3e,14.0,55495156.0,rs6175724,14,46697706,47011325,2.8793802076051974e-07,0.0024794567262926104,8483831.0,trans
Med8,4.0,118081942.0,rs3675629,4,120731448,121366806,2.8844499467973903e-07,0.002483138822793261,2649506.0,trans
Rfwd2,1.0,161162457.0,rs3693161,1,162215219,163901483,2.889786919845886e-07,0.00248704888392454,1052762.0,cis
Unc13a,8.0,74150642.0,rs13479842,8,78352527,78791132,2.9018852948351694e-07,0.002496774286313174,4201885.0,trans
1700001O22Rik,2.0,30651083.0,rs13476456,2,41533579,42341481,2.9026848120798085e-07,0.0024967755068629667,10882496.0,trans
T2,17.0,8589494.0,gnf17.005.541,17,8688392,9032964,2.906865099685843e-07,0.0024993933759622595,98898.0,cis
Naaa,5.0,92687119.0,rs6297352,5,103545840,103545840,2.9075656068412745e-07,0.0024993933759622595,10858721.0,trans
Casd1,6.0,4551066.0,rs13478602,6,3797192,8298428,2.908125083469902e-07,0.0024993933759622595,0.0,cis
T2,17.0,8589494.0,rs13482864,17,9565936,10166446,2.9089891935021984e-07,0.0024994493749801064,976442.0,cis
Acyp2,11.0,30405991.0,rs13480951,11,33538734,34315729,2.9131973612641897e-07,0.0025023778214406244,3132743.0,trans
Mns1,9.0,72286342.0,rs13459110,9,71331038,72952359,2.9356456970511194e-07,0.002520697194852749,0.0,cis
Fggy,4.0,95246152.0,rs6238712,12,28507708,29676794,2.9361357472890233e-07,0.002520697194852749,,trans
Sbsn,7.0,31536490.0,rs4226520,7,30566471,31205553,2.9391588802183274e-07,0.002522600318520127,330937.0,cis
Alox15,11.0,70157649.0,rs3695202,11,64515287,64515287,2.9404898405793884e-07,0.002523050450773951,5642362.0,trans
Ifih1,2.0,62435358.0,rs13476533,2,60939727,61778205,2.9429755928569513e-07,0.0025244909192161814,657153.0,cis
Alad,4.0,62170202.0,rs3707178,4,47049015,47049015,2.946990827863181e-07,0.002527242231920226,15121187.0,trans
Pold3,7.0,107230621.0,rs3686975,7,117123258,117123258,2.951219455316305e-07,0.0025299669510095673,9892637.0,trans
Nhp2,11.0,51433275.0,rs13481045,11,58057820,58381052,2.95178551111481e-07,0.0025299669510095673,6624545.0,trans
Cyp2r1,7.0,121693678.0,rs13479477,7,124381994,124381994,2.953200563453142e-07,0.0025304865043630238,2688316.0,trans
AU022252,4.0,118898244.0,rs13477942,4,119150596,120476226,2.960830112945055e-07,0.0025363292839966677,252352.0,cis
Mcmdc2,1.0,9898719.0,rs6253968,1,21628545,21932522,2.9636162574378064e-07,0.002538021005311584,11729826.0,trans
Phgdh,3.0,98117093.0,UT_3_90.000791,3,87719794,88310086,2.9666103206526267e-07,0.0025398898121338676,9807007.0,trans
Mad1l1,5.0,140484643.0,mCV25017167,5,140893042,140917975,2.968486952054711e-07,0.002540801158918724,408399.0,cis
Plvap,8.0,74021664.0,rs13479842,8,78352527,78791132,2.9746201012324515e-07,0.0025453542691324035,4330863.0,trans
Ppp1r3e,14.0,55495156.0,rs3666583,14,52760254,54864244,2.9763595817942695e-07,0.0025455419544867636,630912.0,cis
Hdhd3,4.0,62160046.0,CEL-4_72665819,4,74037477,75249699,2.9764668129923413e-07,0.0025455419544867636,11877431.0,trans
Comt,16.0,18407622.0,rs4161352_UT,16,11886515,11886515,2.979119001327988e-07,0.0025464179201371267,6521107.0,trans
Comt,16.0,18407622.0,rs4161857,16,11503654,11503654,2.979119001327988e-07,0.0025464179201371267,6903968.0,trans
Gm9292,12.0,22888215.0,rs13481357,12,27578331,28255508,2.98265834978657e-07,0.002548746818273891,4690116.0,trans
Bai1,15.0,74346626.0,D15Mit189,15,82471605,82471605,2.987521556194158e-07,0.0025522054011460848,8124979.0,trans
Trpc3,3.0,36519404.0,petM-02707-1,3,37307265,38297775,2.989976616993686e-07,0.0025536054060866734,787861.0,cis
Kif1c,11.0,70543641.0,rs3695202,11,64515287,64515287,2.996547047565377e-07,0.0025585184409716005,6028354.0,trans
Htr5b,1.0,123406335.0,rs13476045,1,110960852,117320811,2.9991974653989703e-07,0.002560082714068889,6085524.0,trans
Cpt1c,7.0,52213854.0,CEL-7_36442524,7,56254113,56537917,3.000185879694353e-07,0.0025602278523979435,4040259.0,trans
Nxpe4,9.0,47970106.0,rs3702448,9,41870632,44817799,3.001977519592344e-07,0.002561058162364134,3152307.0,trans
Senp3,11.0,69486612.0,rs3677986,11,67961048,68740438,3.003255350805068e-07,0.002561449796737511,746174.0,cis
Tgm7,2.0,120919325.0,rs13476723,2,117118532,118639998,3.0057233860861976e-07,0.002562806764113747,2279327.0,trans
Dennd1b,1.0,140860363.0,rs13459051,1,132747530,134993250,3.006742914792282e-07,0.002562806764113747,5867113.0,trans
Glra2,20.0,161566949.0,CEL-X_154048891,20,160516970,160516970,3.0076191436305765e-07,0.002562806764113747,1049979.0,cis
Cep112,11.0,108295448.0,rs13481205,11,104772621,104772621,3.008123194111682e-07,0.002562806764113747,3522827.0,trans
Rcbtb2,14.0,73542352.0,rs3723413,14,71665657,71920112,3.009383175632647e-07,0.0025631821861725516,1622240.0,cis
AA415398,4.0,119202906.0,rs13477940,4,118271128,118641059,3.016888373767647e-07,0.0025684329912877167,561847.0,cis
Kcnip3,2.0,127282232.0,rs3686617,2,122383806,125564678,3.0171900536722004e-07,0.0025684329912877167,1717554.0,cis
Dthd1,5.0,63209761.0,rs6265085,5,65141992,66605987,3.0183077896642067e-07,0.002568685520511789,1932231.0,cis
5330438I03Rik,1.0,168238877.0,rs4222799,1,169153243,169907834,3.019555064401493e-07,0.0025690481244022103,914366.0,cis
Gm12321,11.0,70870674.0,rs3710199,9,47423231,47592920,3.021878353866326e-07,0.002570325759346341,,trans
Slc38a11,2.0,65154690.0,rs6391732,2,62841064,63410909,3.030930852714423e-07,0.0025773248224826646,1743781.0,cis
Xrcc3,12.0,113041403.0,rs4140265,12,114553845,114553845,3.037324957882603e-07,0.002582060154873571,1512442.0,cis
Efnb3,11.0,69367607.0,rs13481070,11,64909099,67090601,3.0384809734590686e-07,0.0025823411720678692,2277006.0,trans
Dvl2,11.0,69814119.0,rs13481087,11,69415411,70265537,3.0401778185749194e-07,0.0025830815514524016,0.0,cis
Gm17535,9.0,3034599.0,rs3675987,4,147659225,148197078,3.0415726105739835e-07,0.002583564959585571,,trans
Cyp2r1,7.0,121693678.0,gnf07.114.758,7,124952038,125798534,3.043723167134425e-07,0.002584689890659583,3258360.0,trans
Eqtn,4.0,94573984.0,rs13477804,4,81604581,81934380,3.044842424980753e-07,0.0025849386834694552,12639604.0,trans
Arid5b,10.0,67558341.0,rs13480652,10,74075171,75305586,3.0474055468343495e-07,0.002586412786430302,6516830.0,trans
Plxnd1,6.0,115904829.0,rs13478993,6,117050639,119361486,3.0485178933034027e-07,0.002586655112718382,1145810.0,cis
Gdf1,8.0,72839673.0,rs13479842,8,78352527,78791132,3.050709421289012e-07,0.0025878127404620073,5512854.0,trans
Tmem55b,14.0,51545745.0,rs6278789,14,50409368,52650880,3.05643240774082e-07,0.00259196454431159,0.0,cis
Coa3,11.0,101139282.0,D11Mit99,11,99510152,99510152,3.0600971783452916e-07,0.002594369129859737,1629130.0,cis
Odf4,11.0,68735337.0,rs3695202,11,64515287,64515287,3.065784384580378e-07,0.002598486581232572,4220050.0,trans
Armc7,11.0,115336991.0,rs13481251,11,116908503,116908503,3.0681571015282946e-07,0.002599793280049779,1571512.0,cis
LOC102631912,12.0,103206384.0,D12Mit231,12,101804026,101804026,3.0738401967857637e-07,0.0026039035503085534,1402358.0,cis
Gm4983,12.0,17999672.0,rs13481357,12,27578331,28255508,3.0823088515547044e-07,0.0026103706523617908,9578659.0,trans
Casd1,6.0,4551066.0,CEL-6_8231384,6,8447401,9131726,3.0862087606431645e-07,0.002612966084805514,3896335.0,trans
Kcnj3,2.0,55288381.0,rs3663027,2,57512265,57639378,3.09630680483308e-07,0.002620777664736684,2223884.0,trans
Kcna2,3.0,106915341.0,D3Mit189,3,100779519,100779519,3.0971105932178725e-07,0.002620777664736684,6135822.0,trans
Dnah8,17.0,30761299.0,CEL-17_20354682,17,21827381,23003494,3.098620154281607e-07,0.002621346009818088,7757805.0,trans
Zfp146,7.0,30946286.0,rs8251849,7,31505578,31794283,3.1129431117916954e-07,0.0026327508922593824,559292.0,cis
4932438H23Rik,16.0,91054180.0,rs4219613,16,92411850,92411850,3.118675505822119e-07,0.00263634645673646,1357670.0,cis
Gpnmb,6.0,48986624.0,CEL-6_51258475,6,51257406,51257406,3.118879903316099e-07,0.00263634645673646,2270782.0,trans
Cyb5r3,15.0,82983925.0,rs13482695,15,88301261,88301261,3.1248030303029804e-07,0.002640590401514503,5317336.0,trans
Gm10568,1.0,3670652.0,CEL-13_17259068,13,17979064,17979064,3.1264328300788585e-07,0.002640590401514503,,trans
Gm10568,1.0,3670652.0,rs6345767,13,19488035,19585659,3.1264328300788585e-07,0.002640590401514503,,trans
Mrps14,1.0,162125391.0,rs3693161,1,162215219,163901483,3.12772673082529e-07,0.0026409702273297703,89828.0,cis
Hdhd3,4.0,62160046.0,rs13477746,4,65605269,66843059,3.137400557554891e-07,0.0026484237280888522,3445223.0,trans
Idua,5.0,109098330.0,rs13478442,5,106769482,107112542,3.138639888501761e-07,0.0026487551834185044,1985788.0,cis
9630014M24Rik,18.0,38761188.0,rs13483328,18,43314323,45157191,3.1433006738611956e-07,0.002651973108762261,4553135.0,trans
Dnah7c,1.0,46487608.0,gnf01.044.538,1,47261017,53068366,3.1452301714948414e-07,0.0026528855585233892,773409.0,cis
5830403L16Rik,1.0,155696672.0,rs13476163,1,148717645,153539523,3.1466936177679174e-07,0.002653404525233368,2157149.0,trans
Tmem62,2.0,120802798.0,UT_2_119.151187,2,118706767,121192484,3.1670517549557383e-07,0.0026698515975859885,0.0,cis
Lrrc51,7.0,109061507.0,rs3686975,7,117123258,117123258,3.1711447145832183e-07,0.002672581819064609,8061751.0,trans
Gm25156,7.0,66608653.0,rs13479306,7,73604599,75261560,3.172006039769466e-07,0.002672587741999079,6995946.0,trans
Ggcx,6.0,72364327.0,mhcCD8b4,6,71278246,75834707,3.175998541119667e-07,0.002674962009161393,0.0,cis
Zkscan16,4.0,58958999.0,rs13477715,4,55060597,56036004,3.176534091541284e-07,0.002674962009161393,2922995.0,trans
Rsg1,4.0,140770276.0,rs6234904,4,138152372,139225623,3.18191057828851e-07,0.002678523029357568,1544653.0,cis
Mr1,1.0,156975008.0,rs3693161,1,162215219,163901483,3.1824752144022805e-07,0.002678523029357568,5240211.0,trans
Magt1,20.0,103165556.0,rs13483927,20,103404885,104017443,3.19478573301818e-07,0.0026881609422238968,239329.0,cis
1700001O22Rik,2.0,30651083.0,CEL-2_39972578,2,39868107,41295574,3.1981342985800737e-07,0.002690254920972217,9217024.0,trans
9330160F10Rik,11.0,68871220.0,rs13481087,11,69415411,70265537,3.1998454305862495e-07,0.0026909707431008074,544191.0,cis
Gm24306,7.0,66604906.0,rs4226649,7,73194873,73194873,3.209911436797208e-07,0.0026975640682557695,6589967.0,trans
Gm24306,7.0,66604906.0,rs6345670,7,70840460,72948115,3.209911436797208e-07,0.0026975640682557695,4235554.0,trans
4930452B06Rik,14.0,9263706.0,rs3658866,14,23778000,23778000,3.210272426436219e-07,0.0026975640682557695,14514294.0,trans
Olfr1191-ps1,2.0,88482905.0,rs3681694,2,112125008,113257559,3.2134992763279566e-07,0.002699550461375148,23642103.0,trans
Gng10,4.0,59048028.0,rs3712541,4,59848202,59848202,3.221848087183175e-07,0.0027058374164953144,800174.0,cis
Ppp1r12b,1.0,136646075.0,rs6267646,1,154395967,154628105,3.22649407824325e-07,0.0027090120548172152,17749892.0,trans
Ccnb1ip1,14.0,51409488.0,rs4230383,14,54987778,55236881,3.2334345419570555e-07,0.0027141109457626362,3578290.0,trans
Gm12689,4.0,98962591.0,rs13477860,4,97010926,101102849,3.2374753239056813e-07,0.0027167737917631503,0.0,cis
Dhdds,4.0,133524972.0,rs13478001,4,135998441,137764129,3.2437603808595656e-07,0.0027213180200533166,2473469.0,trans
Snap23,2.0,120393407.0,rs8264884,2,130881868,131487026,3.246585371541531e-07,0.002722957804456631,10488461.0,trans
AA388235,17.0,34118437.0,CEL-17_29648158,17,31179361,31326531,3.250872171030075e-07,0.002725822421297902,2791906.0,trans
Prtg,9.0,72655024.0,rs13480258,9,68739815,69455900,3.2577858771869407e-07,0.002730887546625579,3199124.0,trans
Zfp945,17.0,22984461.0,gnf17.005.541,17,8688392,9032964,3.2629834252264026e-07,0.002734511748513805,13951497.0,trans
Gmip,8.0,72332586.0,rs13479813,8,70431892,70720690,3.264790831794094e-07,0.0027352936947569553,1611896.0,cis
Cox7a2l,17.0,83901271.0,rs13483126,17,81620040,83617199,3.267302341169982e-07,0.002736664972880038,284072.0,cis
Tasp1,2.0,139659293.0,rs13476805,2,139549796,147753900,3.2785091591841575e-07,0.0027453166848859342,0.0,cis
Mroh7,4.0,106353243.0,gnf04.110.583,4,114507956,118116038,3.2817555706111e-07,0.0027472997653667087,8154713.0,trans
Soat1,1.0,158358239.0,rs6209248,1,160302634,160302634,3.303685531020869e-07,0.0027649184088280173,1944395.0,cis
Gbp9,5.0,105507413.0,rs13478434,5,104572764,106233590,3.3110588857517763e-07,0.002770348181079629,0.0,cis
Folh1,7.0,93867497.0,gnf07.079.162,7,91904303,93812508,3.316889282821457e-07,0.0027737567604517936,54989.0,cis
Arhgef19,4.0,140798799.0,D4Mit343,4,142301240,142301240,3.3169060168400725e-07,0.0027737567604517936,1502441.0,cis
Lgr6,1.0,136882930.0,rs13476118,1,135891044,138214494,3.336123243420998e-07,0.0027890815876229747,0.0,cis
D17H6S56E-5,17.0,35133669.0,rs13480258,9,68739815,69455900,3.3418206002333216e-07,0.0027930983003325366,,trans
Dph5,3.0,115591101.0,mCV25436350,3,112860455,117113353,3.344425202625187e-07,0.0027945286293398954,0.0,cis
Lincenc1,13.0,98264754.0,mCV24625340,13,84841126,87427648,3.345322434870899e-07,0.0027945319342412072,10837106.0,trans
Gm25089,7.0,66858017.0,rs13479306,7,73604599,75261560,3.3485588031475665e-07,0.0027964887248097545,6746582.0,trans
Evpl,11.0,116081873.0,rs13481243,11,114532622,116490388,3.356340698674576e-07,0.0028022395732321213,0.0,cis
Zfand1,2.0,134588560.0,rs13476987,3,15318017,16350289,3.3574254360024087e-07,0.00280239732607976,,trans
Gm12689,4.0,98962591.0,CEL-4_95227224,4,96563640,96653621,3.3598526849211483e-07,0.002803271349680672,2308970.0,trans
Hjurp,1.0,90155662.0,rs6298633,1,6820242,11259433,3.3602647053077856e-07,0.002803271349680672,78896229.0,trans
Gm11826,4.0,13409902.0,rs3677986,11,67961048,68740438,3.3714965817482596e-07,0.0028118916062984623,,trans
Nnat,2.0,157385846.0,rs13476784,2,134345046,135758395,3.3774014352188717e-07,0.0028160656146016313,21627451.0,trans
Mus81,19.0,5482851.0,rs13483502,19,4316396,4316396,3.393389852489407e-07,0.0028286427988598937,1166455.0,cis
1700001O22Rik,2.0,30651083.0,CEL-2_24053663,2,23949161,26223875,3.3966157586291567e-07,0.0028303635601166165,4427208.0,trans
Timm22,11.0,76220681.0,rs3662476,11,76761052,76824057,3.3972636302343674e-07,0.0028303635601166165,540371.0,cis
Tstd2,4.0,46127618.0,rs13477678,4,45502303,45717875,3.398422157907523e-07,0.002830574949824234,409743.0,cis
Plekhh2,17.0,84911235.0,rs3667644,17,89889852,89889852,3.39941967574078e-07,0.002830652156219847,4978617.0,trans
Scnm1,3.0,94933641.0,rs13477280,3,98086968,99356961,3.405682789235735e-07,0.0028351127472022093,3153327.0,trans
Usf1,1.0,173341515.0,rs8242766,1,172981863,174164127,3.407605725594086e-07,0.002835958879205873,0.0,cis
Rgl2,17.0,34066839.0,rs13482947,17,31769796,31769796,3.414520163736866e-07,0.0028409576029327565,2297043.0,trans
Trappc12,12.0,29375877.0,rs3707174,12,30398066,31568401,3.419247010888958e-07,0.0028441340274930247,1022189.0,cis
Zfp458,13.0,67355854.0,gnf13.057.762,13,59805606,59805606,3.4288853297321316e-07,0.0028513930458284203,7550248.0,trans
1700030K09Rik,8.0,74967825.0,rs6394046,8,64982540,69577204,3.4341170281530316e-07,0.002854984721714662,5390621.0,trans
Rasgef1a,6.0,118030382.0,rs13478980,6,113408783,113408783,3.4382856452624797e-07,0.0028572346733599006,4621599.0,trans
Gm25156,7.0,66608653.0,rs3680765,7,56652493,56652493,3.4386500215477324e-07,0.0028572346733599006,9956160.0,trans
Mrpl55,11.0,59015994.0,rs3668680,11,55886003,56329568,3.440249141079426e-07,0.0028578043648696035,2686426.0,trans
Mis12,11.0,70833113.0,UT_11_68.607315,11,68849650,69141399,3.4447483354668546e-07,0.0028600229666976783,1691714.0,cis
Mis12,11.0,70833113.0,rs3715924,11,67192419,67351936,3.4447483354668546e-07,0.0028600229666976783,3481177.0,trans
Soat1,1.0,158358239.0,rs13476187,1,156052564,156052564,3.4648760425648784e-07,0.002875970854335304,2305675.0,trans
Fv1,4.0,147243088.0,rs6316136,4,142959727,144118897,3.4702504921501184e-07,0.002879667799149786,3124191.0,trans
Ndufs2,1.0,173164984.0,rs8242766,1,172981863,174164127,3.4818487719865124e-07,0.0028885260447592035,0.0,cis
Uba2,7.0,34925707.0,rs13479188,7,36124857,37123347,3.48371953670742e-07,0.0028893118302612307,1199150.0,cis
Zfp52,17.0,21672503.0,rs13482873,17,11606730,21646617,3.4892988249231364e-07,0.0028931721427681244,25886.0,cis
Plekhh2,17.0,84911235.0,CEL-17_87616892,17,89401318,89401318,3.493120216696029e-07,0.0028955732258253456,4490083.0,trans
Klhl5,5.0,65498820.0,rs6265085,5,65141992,66605987,3.5036584053920855e-07,0.002903034429287694,0.0,cis
Serpina3n,12.0,105644939.0,rs6310820,12,101866284,103122572,3.50490503671412e-07,0.002903034429287694,2522367.0,trans
Serpina3n,12.0,105644939.0,rs6177548,12,101182677,101182677,3.50490503671412e-07,0.002903034429287694,4462262.0,trans
Leprotl1,8.0,35198626.0,rs13479702,8,37203160,37571455,3.5090455198962993e-07,0.0029056945860383735,2004534.0,trans
Hdhd3,4.0,62160046.0,rs3707178,4,47049015,47049015,3.5128936477982373e-07,0.0029081113117445847,15111031.0,trans
Cd59b,2.0,103910023.0,D2Mit12,2,102941479,103740090,3.5192801394313883e-07,0.002912619348150035,169933.0,cis
Fut10,8.0,32297804.0,gnf08.023.320,8,25963094,25963094,3.5202012410272257e-07,0.002912619348150035,6334710.0,trans
Gm10509,17.0,21828827.0,rs13482864,17,9565936,10166446,3.523894656606292e-07,0.002914904350513629,11662381.0,trans
Kcna2,3.0,106915341.0,rs3702359,3,106932111,107274051,3.5274677818715356e-07,0.002916857952765718,16770.0,cis
Pnpla3,15.0,83998258.0,rs6342608,15,77990182,78589640,3.5281211686191346e-07,0.002916857952765718,5408618.0,trans
Gm10560,4.0,155395712.0,rs6181146,4,153428156,153804167,3.5341613954299796e-07,0.0029210797269763715,1591545.0,cis
Dbndd2,2.0,164311640.0,rs6311474,2,161871394,162322314,3.5358599876007874e-07,0.00292171174066726,1989326.0,cis
Ankrd13d,19.0,4270180.0,gnf19.001.480,19,4609414,6372547,3.5403923712291957e-07,0.0029246843886871726,339234.0,cis
Zfp932,5.0,110436056.0,rs13459088,5,111078136,111778516,3.546337436016712e-07,0.002928822161559368,642080.0,cis
Alox15,11.0,70157649.0,rs6217738,11,72486318,72978471,3.547285280035941e-07,0.0029288317729154727,2328669.0,trans
Pla2g4e,2.0,119992148.0,rs13476784,2,134345046,135758395,3.5486782112947305e-07,0.0029292087704839596,14352898.0,trans
Zfp9,6.0,118411992.0,rs13478992,6,116847501,116847501,3.550580605673518e-07,0.0029297272542408623,1564491.0,cis
Pnpla3,15.0,83998258.0,rs3667755,15,78741347,81745213,3.5511793289401726e-07,0.0029297272542408623,2253045.0,trans
Mrpl48,4.0,88244872.0,rs3699086,7,103251219,103381987,3.5531070810263424e-07,0.0029305448290470296,,trans
Rsl1,13.0,67274118.0,rs13481874,13,73106373,73106373,3.565561232011083e-07,0.0029400416868226513,5832255.0,trans
Cryz,3.0,154260163.0,CEL-3_155734650,3,154789374,155204939,3.5807661042730385e-07,0.002951546434155803,529211.0,cis
Snrpe,1.0,135500448.0,rs13476148,1,144862429,144862429,3.58140064877012e-07,0.002951546434155803,9361981.0,trans
Gzmk,13.0,113961816.0,rs13464858,13,109069839,109760615,3.590317877385113e-07,0.002958116134599374,4201201.0,trans
Sh3bp1,15.0,78730216.0,rs13482677,15,82944825,83609704,3.594518974043908e-07,0.0029607977075266564,4214609.0,trans
Mus81,19.0,5482851.0,gnf19.001.480,19,4609414,6372547,3.6163767111019583e-07,0.002978017777926885,0.0,cis
Amdhd2,17.0,24292800.0,rs13482873,17,11606730,21646617,3.6225686991092886e-07,0.002982331732134083,2646183.0,trans
Neu2,1.0,89340227.0,rs13475979,1,93218894,93218894,3.627446609078242e-07,0.0029855618674282484,3878667.0,trans
Gnptab,10.0,87841877.0,rs13459122,10,80258109,82124986,3.6378895587251395e-07,0.00299336939237446,5716891.0,trans
Cx3cl1,8.0,97296080.0,rs4227313,8,93635988,98167503,3.63944809589489e-07,0.0029938643609410506,0.0,cis
Rnf169,7.0,107068767.0,D7Mit301,7,98732421,98732421,3.641053079078757e-07,0.0029943972664127623,8336346.0,trans
Spint1,2.0,119063141.0,rs8264884,2,130881868,131487026,3.650663141822623e-07,0.0030015115284962803,11818727.0,trans
LOC102639749,7.0,66641451.0,rs13479305,7,73316124,73426174,3.6552819843156677e-07,0.0030045194361613932,6674673.0,trans
Gjc2,11.0,58989068.0,rs13481045,11,58057820,58381052,3.6703613593512553e-07,0.003016121712702054,608016.0,cis
Ccnb1ip1,14.0,51409488.0,rs3707560,14,55368949,56009748,3.6893182271099856e-07,0.003030903390901976,3959461.0,trans
Cyb5r3,15.0,82983925.0,rs6342608,15,77990182,78589640,3.6974132490690125e-07,0.0030367562658147663,4394285.0,trans
Wrn,8.0,34344845.0,rs3680402,8,33934049,34520656,3.699197979349959e-07,0.003037424665330477,0.0,cis
Rabl2,15.0,89412964.0,rs13482695,15,88301261,88301261,3.702432302058402e-07,0.0030392826672653093,1111703.0,cis
Tox3,8.0,92770939.0,rs3675233,8,92275914,93011882,3.703919886892988e-07,0.0030397061941730076,0.0,cis
Nlrp1c-ps,11.0,71055932.0,rs13481070,11,64909099,67090601,3.7059427627023087e-07,0.0030405686824481015,3965331.0,trans
Trav15n-1,14.0,53793956.0,rs6175724,14,46697706,47011325,3.7151000844510014e-07,0.0030472826936698743,6782631.0,trans
Lrrc51,7.0,109061507.0,rs3662937,7,111381490,112061872,3.71874875543815e-07,0.0030494759404343335,2319983.0,trans
Rhobtb3,13.0,76006985.0,rs13481905,13,81246254,81246254,3.722293091910705e-07,0.0030515825029564132,5239269.0,trans
Lonp2,8.0,89148006.0,rs3698182,8,86111850,88831890,3.723666787754302e-07,0.0030519089095304643,316116.0,cis
Csrp1,1.0,137616638.0,rs13476163,1,148717645,153539523,3.7344723518773334e-07,0.003059963458403842,11101007.0,trans
Gabrb2,11.0,42233259.0,UT_11_44.038626,11,44227084,44227084,3.7453898274092834e-07,0.003068105463435561,1993825.0,cis
Neu2,1.0,89340227.0,mCV23431007,1,80322428,80719280,3.747825144036809e-07,0.0030692967069634596,8620947.0,trans
Ninj2,6.0,120043316.0,rs13479001,6,119516194,119957168,3.7571510073159744e-07,0.003076128891437301,86148.0,cis
Ppil4,10.0,7512719.0,rs4228112,10,12729007,13131982,3.7623170003571154e-07,0.003079552540705233,5216288.0,trans
Prss41,17.0,23973752.0,rs13482967,17,37015393,39314866,3.7817365943623773e-07,0.0030946382834924394,13041641.0,trans
Zfp593,4.0,133799221.0,rs6234904,4,138152372,139225623,3.785897368776926e-07,0.0030972329350443598,4353151.0,trans
Pank2,2.0,131087973.0,rs13476740,2,121412769,122144319,3.792949803233839e-07,0.0031019227431502015,8943654.0,trans
Slc7a11,3.0,49696436.0,mCV24401139,3,45974816,50925958,3.7936130177320003e-07,0.0031019227431502015,0.0,cis
1700001O22Rik,2.0,30651083.0,rs13476429,2,35252642,35252642,3.798509120429079e-07,0.0031051145559164582,4601559.0,trans
Glb1,9.0,114310237.0,RBMS3_AFFY_1452761,9,116482254,116482254,3.8143876590256027e-07,0.003117280015328873,2172017.0,trans
Nmrk1,19.0,18706506.0,rs13483541,19,15843736,16153409,3.8225257866977103e-07,0.0031222995443142914,2553097.0,trans
Nmrk1,19.0,18706506.0,rs3686467,19,16955951,16955951,3.8225257866977103e-07,0.0031222995443142914,1750555.0,cis
Ppt1,4.0,122513489.0,rs3675629,4,120731448,121366806,3.8284024594165954e-07,0.003126283441579272,1146683.0,cis
Neo1,9.0,58722486.0,mCV23098764,9,51521230,51995283,3.832384650924331e-07,0.0031287186249794024,6727203.0,trans
Dhx35,2.0,158620556.0,rs6265656,2,156689630,158441351,3.835913379490152e-07,0.0031300674389115775,179205.0,cis
Mad1l1,5.0,140484643.0,rs13478557,5,139970688,140361273,3.836507550782177e-07,0.0031300674389115775,123370.0,cis
Rps15a,7.0,125247888.0,rs13479477,7,124381994,124381994,3.837038415116094e-07,0.0031300674389115775,865894.0,cis
LOC102639173,7.0,108985265.0,rs3672782,7,95155270,96589291,3.838489623734901e-07,0.003130434983301495,12395974.0,trans
Gm25229,7.0,66669461.0,rs13479276,7,65717523,66413236,3.842714578390929e-07,0.003133063842461622,256225.0,cis
2810025M15Rik,1.0,159342483.0,rs6181202,1,156456243,159872935,3.8458802190775563e-07,0.003134332635472056,0.0,cis
Kcnj11,7.0,53352532.0,rs3719256,7,51794017,52261292,3.846274547600788e-07,0.003134332635472056,1091240.0,cis
Zfp945,17.0,22984461.0,CEL-17_20354682,17,21827381,23003494,3.847860519984406e-07,0.003134808476791043,0.0,cis
Vstm2b,7.0,48154570.0,rs3719256,7,51794017,52261292,3.8606616767113817e-07,0.0031432850045664735,3639447.0,trans
Camk4,18.0,33098814.0,gnf18.027.000,18,29688176,31285350,3.860846170135027e-07,0.0031432850045664735,1813464.0,cis
Pyroxd2,19.0,42801409.0,rs13483649,19,47218629,47938807,3.861279411412756e-07,0.0031432850045664735,4417220.0,trans
H2-T22,17.0,36175352.0,rs13482967,17,37015393,39314866,3.868862033074431e-07,0.0031486383405399066,840041.0,cis
Iglon5,7.0,50728277.0,rs13479226,7,52843651,53422379,3.8792286255639186e-07,0.0031562540121367597,2115374.0,trans
Serpina1a,12.0,105091669.0,rs8273308,12,105632191,105632191,3.8866060152890214e-07,0.0031609525418906117,540522.0,cis
Zfyve21,12.0,113052451.0,rs13481650,12,112426349,113741491,3.887211332073254e-07,0.0031609525418906117,0.0,cis
Dgat2,7.0,106302168.0,rs3699086,7,103251219,103381987,3.8880346171320274e-07,0.0031609525418906117,2920181.0,trans
Arl3,19.0,46605599.0,rs3677115,19,40657509,41716546,3.8914154082679127e-07,0.0031628791539974584,4889053.0,trans
Trim21,7.0,109706438.0,rs3662937,7,111381490,112061872,3.896322846534908e-07,0.0031656230226374277,1675052.0,cis
Pdzrn4,15.0,92427799.0,rs3657232,15,94145736,94682662,3.89681509232429e-07,0.0031656230226374277,1717937.0,cis
Mybbp1a,11.0,72254857.0,rs13476241,1,174792335,175262195,3.89878655078242e-07,0.003166402331226858,,trans
Wtip,7.0,34894566.0,rs8261944,7,31220797,31291333,3.9071349086415486e-07,0.003172244067555561,3603233.0,trans
Gabrb2,11.0,42233259.0,rs3706713,11,42844127,43546318,3.908007498889092e-07,0.003172244067555561,610868.0,cis
Lrrc2,9.0,110854049.0,rs3685576,9,108961892,109158530,3.929254762897317e-07,0.003188663728876751,1695519.0,cis
Aox3,1.0,58169980.0,rs6386920,1,54152567,54502962,3.9392948030800463e-07,0.003195982360661751,3667018.0,trans
Bcl2l11,2.0,127951774.0,rs6411422,2,128199226,129125488,3.9454356840834226e-07,0.0032001345976382487,247452.0,cis
Rsl1,13.0,67274118.0,gnf13.057.762,13,59805606,59805606,3.947779253264159e-07,0.0032012054887755725,7468512.0,trans
Adpgk,9.0,59139379.0,rs6206488,9,54760050,57112387,3.9550761628787236e-07,0.003206291386706439,2026992.0,trans
Gm12176,11.0,47355312.0,rs13482934,17,27985170,29917068,3.964666559517248e-07,0.0032132334461813295,,trans
Luzp1,4.0,136025688.0,rs13478001,4,135998441,137764129,3.9715701654566076e-07,0.003217352721669318,0.0,cis
Fam183b,11.0,58606305.0,rs4228731,11,55208056,55208056,3.973483703260811e-07,0.003217352721669318,3398249.0,trans
Fam183b,11.0,58606305.0,rs13481041,11,56515096,56515096,3.973483703260811e-07,0.003217352721669318,2091209.0,trans
Fgl1,8.0,42276788.0,rs13479702,8,37203160,37571455,3.9738628809490456e-07,0.003217352721669318,4705333.0,trans
D17H6S56E-5,17.0,35133669.0,rs13480288,9,77247379,77779277,3.996253736909624e-07,0.00323464387407898,,trans
Dnah7a,1.0,53453853.0,gnf01.044.538,1,47261017,53068366,3.9992880689352687e-07,0.0032356968108549094,385487.0,cis
C530030P08Rik,11.0,32625889.0,rs3714397,11,8736728,10903789,3.999623184154612e-07,0.0032356968108549094,21722100.0,trans
Kif1c,11.0,70543641.0,rs13481099,11,73923769,75078947,4.0138861903652093e-07,0.0032463960759604436,3380128.0,trans
Gm10590,4.0,42472325.0,CEL-4_34185403,4,34041019,35257017,4.018740334393853e-07,0.0032494819716524345,7215308.0,trans
S100a11,3.0,93324417.0,rs13477280,3,98086968,99356961,4.0311215871502377e-07,0.003258650986149898,4762551.0,trans
Apip,2.0,102913832.0,rs13476676,2,103939709,106028947,4.044476575962469e-07,0.003268602202230234,1025877.0,cis
Pcdhb8,18.0,37514925.0,rs13483308,18,38428527,38428527,4.051900108400301e-07,0.0032737559240340907,913602.0,cis
Slc22a6,19.0,8692529.0,D19Mit42,19,10157495,10157495,4.057073708802032e-07,0.0032770896083540767,1464966.0,cis
Mall,2.0,127530126.0,rs13476740,2,121412769,122144319,4.058410004052755e-07,0.003277322799526241,5385807.0,trans
Pgpep1,8.0,73172976.0,rs3719174,8,83396538,84339460,4.0596815654550336e-07,0.0032775036087496073,10223562.0,trans
Use1,8.0,73890841.0,rs6293022,8,74935354,74935354,4.065175584452273e-07,0.003281092362798808,1044513.0,cis
Tstd2,4.0,46127618.0,CEL-4_51526276,4,52294103,54911506,4.0835581002782353e-07,0.0032942294856311742,6166485.0,trans
Tstd2,4.0,46127618.0,rs13477695,4,49784163,50695666,4.0835581002782353e-07,0.0032942294856311742,3656545.0,trans
Comt,16.0,18407622.0,rs4153199,16,5651738,7962922,4.090068967753391e-07,0.0032986312382152516,10444700.0,trans
Adi1,12.0,29360072.0,rs13481357,12,27578331,28255508,4.093197883832536e-07,0.003300303888786591,1104564.0,cis
Ak1,2.0,32477265.0,rs13476413,2,31678178,33073858,4.0968183713926555e-07,0.0033023719243569422,0.0,cis
Kcna2,3.0,106915341.0,mCV25367221,3,100965174,101413916,4.1040433216637984e-07,0.003307343638869734,5501425.0,trans
Dvl2,11.0,69814119.0,UT_11_70.128831,11,70371167,72266233,4.1228432781181963e-07,0.0033216383920535784,557048.0,cis
Xaf1,11.0,72115165.0,rs13481099,11,73923769,75078947,4.1241311952268043e-07,0.0033218205463828613,1808604.0,cis
Stx6,1.0,157005872.0,rs3693161,1,162215219,163901483,4.12671937209334e-07,0.003323049643903711,5209347.0,trans
2210406O10Rik,5.0,36798417.0,D5Mit388,5,33660748,36814249,4.1315036787225677e-07,0.003325632666420734,0.0,cis
Olfr1191-ps1,2.0,88482905.0,rs13476723,2,117118532,118639998,4.132053179559125e-07,0.003325632666420734,28635627.0,trans
9630014M24Rik,18.0,38761188.0,rs3666799,18,32047327,34074322,4.145145945947611e-07,0.00333416737068116,4686866.0,trans
Serhl,15.0,82930643.0,rs13482686,15,85458426,85601259,4.145756655629857e-07,0.00333416737068116,2527783.0,trans
Card10,15.0,78605566.0,rs6342608,15,77990182,78589640,4.145854750357327e-07,0.00333416737068116,15926.0,cis
Pdik1l,4.0,133830917.0,CEL-4_130248229,4,131555157,131555157,4.1571246653947095e-07,0.003342371607811429,2275760.0,trans
9330160F10Rik,11.0,68871220.0,UT_11_70.128831,11,70371167,72266233,4.160379203132283e-07,0.003344128837827176,1499947.0,cis
Bai1,15.0,74346626.0,CEL-15_69098458,15,68661134,68744995,4.1673593315975833e-07,0.0033486219096292786,5601631.0,trans
Ncstn,1.0,173996152.0,rs13476267,1,182213911,184421782,4.1681097502849893e-07,0.0033486219096292786,8217759.0,trans
Ivd,2.0,118687718.0,rs6242654,2,107081147,109233749,4.1751910374149743e-07,0.0033534497682484667,9453969.0,trans
Rhobtb3,13.0,76006985.0,rs3664096,13,75901604,80877111,4.1790909166851477e-07,0.003355720546092411,0.0,cis
Kpna2,11.0,106849943.0,rs3669823,11,107825710,109281291,4.1811041617905774e-07,0.0033564756204323295,975767.0,cis
Nnat,2.0,157385846.0,rs6265656,2,156689630,158441351,4.18457295315464e-07,0.003358398480165357,0.0,cis
Stard4,18.0,33361075.0,rs8255038,18,34420259,36214168,4.1906989172168185e-07,0.0033624014274932232,1059184.0,cis
Tmem18,12.0,31269336.0,rs13481389,12,35563624,35563624,4.191710230583209e-07,0.0033624014274932232,4294288.0,trans
Lgr6,1.0,136882930.0,D1Mit91,1,128355210,128413910,4.1977947711642423e-07,0.003366418987943133,8469020.0,trans
Zfp949,9.0,88461997.0,rs3700596,9,86198704,86456295,4.2171277882983844e-07,0.0033810563740903363,2005702.0,trans
Ogg1,6.0,113276996.0,rs13478917,6,97419188,97878025,4.227503007861706e-07,0.003388506240406968,15398971.0,trans
Olfml1,7.0,114710960.0,rs3686975,7,117123258,117123258,4.2448323211568805e-07,0.003401524835997916,2412298.0,trans
Gm15446,5.0,110369445.0,rs3657810,5,113832345,114910446,4.258347252247808e-07,0.003411480955782178,3462900.0,trans
Iqcc,4.0,129292370.0,rs3023009,4,129249415,129300960,4.274422545055458e-07,0.0034234826298758835,0.0,cis
Klhdc9,1.0,173288580.0,rs3682996,1,175676881,177366983,4.2776642189534666e-07,0.0034252020526822197,2388301.0,trans
Szt2,4.0,118060348.0,rs13477942,4,119150596,120476226,4.2798043846619206e-07,0.0034260388239704506,1090248.0,cis
Cyb5d2,11.0,72590751.0,rs13481070,11,64909099,67090601,4.281223766212103e-07,0.0034262983176892472,5500150.0,trans
Ap5s1,2.0,131036176.0,rs6411422,2,128199226,129125488,4.2828899663823725e-07,0.003426755159111115,1910688.0,cis
Tnnt2,1.0,137732931.0,rs6267646,1,154395967,154628105,4.288699759312281e-07,0.003430526222206963,16663036.0,trans
Ipw,7.0,67009126.0,rs13479276,7,65717523,66413236,4.291900566891866e-07,0.003431976505292767,595890.0,cis
Gm10568,1.0,3670652.0,rs3693929,13,18463431,18955999,4.292706916877247e-07,0.003431976505292767,,trans
Cda,4.0,137894443.0,rs13478023,4,140528838,140755878,4.297366168004932e-07,0.003434823732210271,2634395.0,trans
Crk,11.0,75492812.0,gnf11.079.978,11,75282894,76408655,4.301195361316773e-07,0.0034370062206493116,0.0,cis
Rnasel,1.0,155600060.0,rs13476208,1,163955813,164935095,4.311026460276811e-07,0.0034439823822910347,8355753.0,trans
Lrrc10b,19.0,10531104.0,rs13483525,19,10518533,10670707,4.322026134608629e-07,0.00345188829227211,0.0,cis
H2-Q7,17.0,35576100.0,rs13482934,17,27985170,29917068,4.330391916335786e-07,0.0034576870829167144,5659032.0,trans
Ap3m2,8.0,23897827.0,gnf08.020.641,8,23259030,24259338,4.3391487880812477e-07,0.003463795108118857,0.0,cis
Rnf122,8.0,32222318.0,gnf08.023.320,8,25963094,25963094,4.340939274364692e-07,0.0034643404066946847,6259224.0,trans
Lrba,3.0,86028602.0,UT_3_93.299511,3,90413739,95488017,4.3454538925910916e-07,0.0034670588999413097,4385137.0,trans
Wsb2,5.0,117807314.0,rs3657810,5,113832345,114910446,4.3483120084649455e-07,0.003468454688811059,2896868.0,trans
Snord15a,7.0,106631295.0,rs3699086,7,103251219,103381987,4.3582083077856795e-07,0.0034754623802791067,3249308.0,trans
Vars2,17.0,35792579.0,rs13482934,17,27985170,29917068,4.3595065995168666e-07,0.0034756117481291853,5875511.0,trans
Gm9866,12.0,27825667.0,rs3657682,12,15739388,16592330,4.378134422868528e-07,0.0034895734695338213,11233337.0,trans
Inpp4b,8.0,83866461.0,rs3719174,8,83396538,84339460,4.3804140456614754e-07,0.003490501133558831,0.0,cis
Cd82,2.0,93259268.0,rs6312617,2,93528208,93528208,4.3832032129910186e-07,0.0034918342486009377,268940.0,cis
Ppp1r3e,14.0,55495156.0,rs6278789,14,50409368,52650880,4.3987338665230635e-07,0.0035033144761218273,2844276.0,trans
Nmrk1,19.0,18706506.0,rs4136257,19,15440659,15599162,4.411865532105615e-07,0.003512878703288535,3107344.0,trans
AI413582,17.0,27700714.0,rs3672987,17,33247165,35667114,4.4170955534749207e-07,0.003516148103849997,5546451.0,trans
Lonrf1,8.0,37280497.0,rs13479741,8,48186445,48186445,4.434140728929533e-07,0.0035288186856857044,10905948.0,trans
Lypd1,1.0,127768620.0,rs13476045,1,110960852,117320811,4.4376077324169603e-07,0.003530679665078532,10447809.0,trans
Alkbh6,7.0,31093772.0,rs13479163,7,27852866,27852866,4.4407939491587207e-07,0.0035317564296297806,3240906.0,trans
Psmb6,11.0,70338888.0,gnf11.079.978,11,75282894,76408655,4.441218950439964e-07,0.0035317564296297806,4944006.0,trans
H2-Ke6,17.0,34162978.0,rs6242153,17,32068298,32078991,4.446225482728628e-07,0.0035348392002046915,2083987.0,trans
Spg11,2.0,121879262.0,rs13476740,2,121412769,122144319,4.448770895416743e-07,0.003535382339915862,0.0,cis
Gm10509,17.0,21828827.0,gnf17.005.541,17,8688392,9032964,4.4491688422427036e-07,0.003535382339915862,12795863.0,trans
Fmo2,1.0,164805178.0,rs6181202,1,156456243,159872935,4.458760343592072e-07,0.003542104207514225,4932243.0,trans
Haus7,20.0,70682652.0,CEL-X_71438949,20,77128597,81087944,4.4668776049470833e-07,0.0035452441844820624,6445945.0,trans
Dennd1b,1.0,140860363.0,gnf01.127.292,1,129548234,130226591,4.4670878714883745e-07,0.0035452441844820624,10633772.0,trans
Dennd1b,1.0,140860363.0,gnf01.126.387,1,128625711,129064813,4.4670878714883745e-07,0.0035452441844820624,11795550.0,trans
Gdf1,8.0,72839673.0,rs3722665,8,75068927,77417178,4.4672458847644866e-07,0.0035452441844820624,2229254.0,trans
Ppdpf,2.0,180922010.0,rs13476942,2,180422342,180422342,4.469211419165972e-07,0.0035459045300764275,499668.0,cis
Mcmdc2,1.0,9898719.0,gnf01.013.065,1,16119467,18911762,4.47465242887308e-07,0.0035493213087950596,6220748.0,trans
Ythdc2,18.0,44988341.0,rs13483314,18,40103728,41821108,4.4813185629274087e-07,0.0035536665661361306,3167233.0,trans
2810001A02Rik,15.0,86044462.0,CEL-15_83283496,15,82755972,82755972,4.482402394489885e-07,0.0035536665661361306,3288490.0,trans
Abca17,17.0,24401224.0,rs13482930,17,26950947,27588409,4.493295634064501e-07,0.0035614002358163926,2549723.0,trans
Tmem150c,5.0,100506891.0,rs13478413,5,99431953,100477633,4.5061668533427233e-07,0.0035706973435574727,29258.0,cis
Leprotl1,8.0,35198626.0,CEL-8_25677705,8,28002388,28727629,4.5250156345801545e-07,0.0035832389870961243,6470997.0,trans
Gm24495,7.0,66762568.0,rs4226649,7,73194873,73194873,4.5264760309065e-07,0.0035832389870961243,6432305.0,trans
Gm24495,7.0,66762568.0,rs6345670,7,70840460,72948115,4.5264760309065e-07,0.0035832389870961243,4077892.0,trans
Gm23254,7.0,66854274.0,rs13479305,7,73316124,73426174,4.5265757750784165e-07,0.0035832389870961243,6461850.0,trans
Snord118,12.0,13170434.0,rs3695202,11,64515287,64515287,4.5424182604256073e-07,0.0035948702709434526,,trans
P4ha3,7.0,107434030.0,rs3686975,7,117123258,117123258,4.550394558703019e-07,0.003600271944679184,9689228.0,trans
Fam20b,1.0,158608702.0,rs3693161,1,162215219,163901483,4.5522373661858045e-07,0.003600819296249698,3606517.0,trans
Fancc,13.0,63406017.0,gnf13.057.501,13,59546202,59546202,4.554765795255312e-07,0.003601908560616627,3859815.0,trans
Ercc5,1.0,44204692.0,rs13475876,1,55184323,57882215,4.5608008396001764e-07,0.0036057696048241226,10979631.0,trans
Rsl1,13.0,67274118.0,rs3670719,13,69230931,70148388,4.565830688614072e-07,0.003608834191278785,1956813.0,cis
Gm5899,7.0,101345720.0,D7Mit301,7,98732421,98732421,4.574300028720967e-07,0.0036146151178658263,2613299.0,trans
Cntnap5a,1.0,117581714.0,D1Mit91,1,128355210,128413910,4.5814109422820883e-07,0.0036184018045060623,10773496.0,trans
Abhd10,16.0,45730030.0,rs4186333,16,51096872,51105989,4.582002229379169e-07,0.0036184018045060623,5366842.0,trans
Fam183b,11.0,58606305.0,rs3668680,11,55886003,56329568,4.582561970869439e-07,0.0036184018045060623,2276737.0,trans
Rnase6,14.0,51748765.0,rs6197032,14,40646888,42000002,4.5852151901314384e-07,0.003619583217965447,9748763.0,trans
Scn1b,7.0,31901543.0,rs4226520,7,30566471,31205553,4.5911874180772695e-07,0.0036233834102358865,695990.0,cis
Trim12a,7.0,111392519.0,rs3686975,7,117123258,117123258,4.614306005265017e-07,0.003640710247838261,5730739.0,trans
Zfp949,9.0,88461997.0,rs3725272,9,95050078,95050078,4.6183081276285114e-07,0.003642534568970224,6588081.0,trans
Alad,4.0,62170202.0,CEL-4_72665819,4,74037477,75249699,4.6197049805575537e-07,0.003642534568970224,11867275.0,trans
Zfp185,20.0,70242373.0,rs13483810,20,66607415,68130577,4.6201112124927347e-07,0.003642534568970224,2111796.0,trans
Nudc,8.0,30396900.0,rs13478001,4,135998441,137764129,4.6228144471241504e-07,0.003643747538757785,,trans
4931429I11Rik,9.0,40702957.0,UT_9_38.426043,9,37454776,39934734,4.6583538389848334e-07,0.0036708351582639322,768223.0,cis
Mul1,4.0,137990587.0,rs3664871,4,132410010,133808951,4.666266401347626e-07,0.003675218850654924,4181636.0,trans
Mul1,4.0,137990587.0,rs3663950,4,135285446,135525152,4.666266401347626e-07,0.003675218850654924,2465435.0,trans
Gm10654,8.0,73455693.0,rs3719174,8,83396538,84339460,4.670718009163434e-07,0.003677799070015034,9940845.0,trans
AW146154,7.0,48654748.0,rs3719256,7,51794017,52261292,4.6745119470206327e-07,0.003679860261151058,3139269.0,trans
Nupl2,5.0,23670781.0,gnf05.017.151,5,22716675,23652258,4.6799893348827373e-07,0.0036832453240749925,18523.0,cis
Wsb2,5.0,117807314.0,rs6331425,5,112371951,113588568,4.7075564225403295e-07,0.003704009347845752,4218746.0,trans
Mfsd4,1.0,133919383.0,rs13476118,1,135891044,138214494,4.750782508957571e-07,0.0037370806775515225,1971661.0,cis
Wdr83os,8.0,87604673.0,rs3719174,8,83396538,84339460,4.753630397762736e-07,0.003738255090062742,3265213.0,trans
Zfp658,7.0,50820009.0,gnf07.032.889,7,48180543,51065291,4.7548329916304905e-07,0.003738255090062742,0.0,cis
Tmem18,12.0,31269336.0,rs6238712,12,28507708,29676794,4.75586030606454e-07,0.003738255090062742,1592542.0,cis
Kazn,4.0,141658306.0,rs3675987,4,147659225,148197078,4.759935523336624e-07,0.003740518509648255,6000919.0,trans
Ppil4,10.0,7512719.0,rs4228121,10,13407602,14123191,4.7660882549347415e-07,0.0037444129635218026,5894883.0,trans
9630014M24Rik,18.0,38761188.0,rs13483310,18,38814808,39822463,4.772079518147978e-07,0.0037479877096923144,53620.0,cis
Iffo2,4.0,139087604.0,rs13478001,4,135998441,137764129,4.773034483907287e-07,0.0037479877096923144,1323475.0,cis
Pus7l,15.0,94353071.0,rs3657232,15,94145736,94682662,4.799365329320543e-07,0.003767718086154806,0.0,cis
Snapc5,9.0,64027104.0,rs3703662,9,68191195,68496533,4.809830450644444e-07,0.003774986379080821,4164091.0,trans
Tmem39b,4.0,129353599.0,rs3023009,4,129249415,129300960,4.842968537322358e-07,0.003799307057462834,52639.0,cis
Vstm2b,7.0,48154570.0,gnf07.032.889,7,48180543,51065291,4.843247112333802e-07,0.003799307057462834,25973.0,cis
Pgap2,7.0,109371588.0,rs3672782,7,95155270,96589291,4.850102597456129e-07,0.003803731079557208,12782297.0,trans
2810025M15Rik,1.0,159342483.0,rs6209248,1,160302634,160302634,4.871747572758004e-07,0.0038197487510413467,960151.0,cis
Fancl,11.0,26287084.0,rs6250760,11,12902701,14903307,4.884296863972176e-07,0.0038286286086234357,11383777.0,trans
Hspb6,7.0,31338040.0,rs13479163,7,27852866,27852866,4.886486794171803e-07,0.0038293857126067937,3485174.0,trans
Lrrc10b,19.0,10531104.0,D19Mit42,19,10157495,10157495,4.889907541589153e-07,0.0038311067484803896,373609.0,cis
Acap3,4.0,155265984.0,rs6316711,4,155235047,155235047,4.900346855063764e-07,0.003837811978873036,30937.0,cis
Gm9936,5.0,115307081.0,D5Mit188,5,118329639,118329639,4.900919419309695e-07,0.003837811978873036,3022558.0,trans
Rwdd3,3.0,120858783.0,rs3671119,3,126116579,126116579,4.902151766908525e-07,0.0038378163507244143,5257796.0,trans
Pold3,7.0,107230621.0,rs4226783,7,100081465,102651418,4.919708180128228e-07,0.0038501569949625555,4579203.0,trans
Josd2,7.0,51723426.0,rs6206014,7,47861154,47861154,4.920376240931335e-07,0.0038501569949625555,3862272.0,trans
Gm9866,12.0,27825667.0,rs3707174,12,30398066,31568401,4.935504413154971e-07,0.0038607592208186148,2572399.0,trans
Fbxw5,2.0,25356298.0,CEL-2_24053663,2,23949161,26223875,4.936393739887244e-07,0.0038607592208186148,0.0,cis
Mpg,11.0,32126511.0,rs3664950,11,35986497,36449998,4.938636644477645e-07,0.003861230093802599,3859986.0,trans
Vstm2b,7.0,48154570.0,rs4229294,12,26992470,26992470,4.939464299278297e-07,0.003861230093802599,,trans
Dnah7c,1.0,46487608.0,rs13475827,1,40990938,42216522,4.945472286254077e-07,0.003864960841741137,4271086.0,trans
Ccnb1ip1,14.0,51409488.0,D14Mit63,14,56051955,56051955,4.956050586636351e-07,0.003872260602663801,4642467.0,trans
Sybu,15.0,44503402.0,gnf15.011.180,15,14320273,16094380,4.962667094137874e-07,0.003876462063812624,28409022.0,trans
Adh6b,3.0,138015342.0,UT_3_142.481798,3,138220054,138220054,4.970840152316576e-07,0.003881876984116794,204712.0,cis
Pdik1l,4.0,133830917.0,D4Mit339,4,133923341,133923341,4.980123091407842e-07,0.003888155724413904,92424.0,cis
Dnajb13,7.0,107651527.0,rs3686975,7,117123258,117123258,4.98156375318046e-07,0.0038883101199209125,9471731.0,trans
H2-T22,17.0,36175352.0,rs3672987,17,33247165,35667114,4.983714212938213e-07,0.0038890183259768733,508238.0,cis
1700030K09Rik,8.0,74967825.0,rs13479846,8,79783027,79924634,4.993694516641436e-07,0.0038958346376199112,4815202.0,trans
Nrg4,9.0,55069105.0,rs6206488,9,54760050,57112387,5.01223884131048e-07,0.0039093271123047555,0.0,cis
Rnf122,8.0,32222318.0,rs3680402,8,33934049,34520656,5.023171636568962e-07,0.003916877680566268,1711731.0,cis
Slc35f5,1.0,127457600.0,rs13476118,1,135891044,138214494,5.026380968920445e-07,0.003918403524675598,8433444.0,trans
Efnb3,11.0,69367607.0,rs3677986,11,67961048,68740438,5.031937484614354e-07,0.003921757940652709,627169.0,cis
Htr5b,1.0,123406335.0,D1Mit218,1,129336687,129336687,5.084518221792976e-07,0.003961750982276704,5930352.0,trans
C330024D21Rik,5.0,67858153.0,rs6265085,5,65141992,66605987,5.087565385768486e-07,0.003963138186165066,1252166.0,cis
Gm13152,4.0,146881712.0,rs4224919,4,144563168,147520407,5.096600598249486e-07,0.003969188139389207,0.0,cis
Armc7,11.0,115336991.0,gnf11.125.992,11,117108177,117108177,5.108638462751253e-07,0.003977572938429056,1771186.0,cis
Entpd3,9.0,120448961.0,rs6299531,9,122834340,122834340,5.112465397647087e-07,0.003979077809730506,2385379.0,trans
Josd2,7.0,51723426.0,rs3668040,7,47556868,47652851,5.113115098704507e-07,0.003979077809730506,4070575.0,trans
Nsun7,5.0,66651364.0,rs6267669,5,66893863,66893863,5.116365061187234e-07,0.003980616760183393,242499.0,cis
Rsl1,13.0,67274118.0,rs6280864,13,70216413,70216413,5.138517580485719e-07,0.003996857791141818,2942295.0,trans
Abhd10,16.0,45730030.0,rs4186283,16,51051260,51051260,5.13988279492266e-07,0.003996925920730029,5321230.0,trans
Rnf150,8.0,85387255.0,rs3722665,8,75068927,77417178,5.144348149578797e-07,0.003999404178713667,7970077.0,trans
Rps18,17.0,34088944.0,gnf17.005.541,17,8688392,9032964,5.150904167262729e-07,0.004003506159260594,25055980.0,trans
Neo1,9.0,58722486.0,gnf09.058.846,9,64463047,66564041,5.153401214037665e-07,0.004004452077407108,5740561.0,trans
Stard4,18.0,33361075.0,rs13483260,18,25856428,27595372,5.158317530284404e-07,0.004007276953067388,5765703.0,trans
Nsun7,5.0,66651364.0,gnf05.066.286,5,72415729,73519551,5.163840973567082e-07,0.004010571960123073,5764365.0,trans
Cyp2r1,7.0,121693678.0,rs6366212,7,126261041,126312422,5.167115582722396e-07,0.004012119175408395,4567363.0,trans
Gm13304,4.0,42786392.0,rs6232550,4,40972607,40972607,5.176134062174296e-07,0.004018124469062718,1813785.0,cis
Ang,14.0,51710792.0,rs13482193,14,56241527,57409827,5.189138658232578e-07,0.004027220354366813,4530735.0,trans
4930485B16Rik,10.0,92331442.0,rs6221944,10,89118121,90880555,5.192799190088233e-07,0.004029061724491146,1450887.0,cis
Slc38a11,2.0,65154690.0,rs3709716,2,62490365,62717694,5.196166135680144e-07,0.004029675270507185,2436996.0,trans
Slc38a11,2.0,65154690.0,rs3664317,2,63687213,63687213,5.196166135680144e-07,0.004029675270507185,1467477.0,cis
Gm13242,4.0,146346156.0,rs3675987,4,147659225,148197078,5.203145692264909e-07,0.004034087959888903,1313069.0,cis
Rabl2,15.0,89412964.0,rs13482689,15,86437548,86803133,5.21566027577726e-07,0.004042788800490299,2609831.0,trans
Gm24495,7.0,66762568.0,D7Mit199,7,73078958,73078958,5.238365526574305e-07,0.004059382415114313,6316390.0,trans
Sybu,15.0,44503402.0,rs3697419,15,51102729,51649192,5.241670004180553e-07,0.004060937234462719,6599327.0,trans
Folh1,7.0,93867497.0,rs6394492,7,94381203,94381203,5.251002996680103e-07,0.004067160665864773,513706.0,cis
Smarcd3,5.0,24098440.0,rs13478144,5,23827219,23827219,5.258281437787079e-07,0.004071790058927651,271221.0,cis
BC051142,17.0,34535765.0,CEL-17_21879142,17,23322637,26350810,5.261587936674189e-07,0.004072663882945863,8184955.0,trans
9630014M24Rik,18.0,38761188.0,rs8255038,18,34420259,36214168,5.262013556324261e-07,0.004072663882945863,2547020.0,trans
Rps20,4.0,3761613.0,rs13477532,4,3630816,3649824,5.271164527410385e-07,0.004078737411552678,111789.0,cis
Gm25934,7.0,66606779.0,rs6405142,7,75725583,76126377,5.27747393593501e-07,0.004082133223244422,9118804.0,trans
Fancl,11.0,26287084.0,rs13480870,11,11016917,11457492,5.278162833548988e-07,0.004082133223244422,14829592.0,trans
Scn9a,2.0,66320634.0,rs6391732,2,62841064,63410909,5.28469251370104e-07,0.00408617310169251,2909725.0,trans
Sybu,15.0,44503402.0,rs13482529,15,38955763,42338284,5.290929834428841e-07,0.004089984984508136,2165118.0,trans
Snrpe,1.0,135500448.0,rs13476163,1,148717645,153539523,5.292383303992182e-07,0.004090097893570242,13217197.0,trans
Cbx7,15.0,79746237.0,rs13482677,15,82944825,83609704,5.300621034130705e-07,0.0040954525132208585,3198588.0,trans
Ccdc85a,11.0,28285692.0,rs3023251,11,20853304,27484969,5.31176726047945e-07,0.004103051143657607,800723.0,cis
Gm10476,12.0,18911782.0,rs6238712,12,28507708,29676794,5.315556965575866e-07,0.004104964913026309,9595926.0,trans
Scly,1.0,93194915.0,rs6234856,1,89812969,89812969,5.322407537002645e-07,0.00410924092345354,3381946.0,trans
Fancc,13.0,63406017.0,mCV22624058,13,59281898,59281898,5.331877949380065e-07,0.004115537010480918,4124119.0,trans
Gjc2,11.0,58989068.0,rs6313602,11,58819966,59042857,5.338872948260727e-07,0.004119919755834835,0.0,cis
Gabra2,5.0,71352296.0,gnf05.066.286,5,72415729,73519551,5.347352872502165e-07,0.004125445949237728,1063433.0,cis
Nudt7,8.0,116657515.0,rs3715791,8,110668470,110926165,5.349063788055633e-07,0.004125748461599276,5731350.0,trans
Trav15n-1,14.0,53793956.0,rs3707560,14,55368949,56009748,5.373483330586216e-07,0.004143561737596558,1574993.0,cis
Dnah7b,1.0,46346411.0,gnf01.044.538,1,47261017,53068366,5.38425498191251e-07,0.0041508447641665875,914606.0,cis
Fmo1,1.0,164759688.0,rs13476208,1,163955813,164935095,5.406956007427253e-07,0.004167318562609768,0.0,cis
Slc6a16,7.0,52514432.0,rs3719256,7,51794017,52261292,5.417733847116894e-07,0.004174596918447337,253140.0,cis
Dbndd2,2.0,164311640.0,rs6204809,2,161566038,161715339,5.428974838253844e-07,0.0041822284799994044,2596301.0,trans
Gm22748,12.0,17552955.0,rs4229294,12,26992470,26992470,5.44062646256374e-07,0.004190172538741047,9439515.0,trans
Wdr83os,8.0,87604673.0,rs13479879,8,89032866,89627140,5.443963052714994e-07,0.004191710326444408,1428193.0,cis
Ap3m2,8.0,23897827.0,rs3699118,8,18512782,22905816,5.458868500171604e-07,0.004202152885514751,992011.0,cis
Oscar,7.0,3561415.0,rs3675839,7,16621522,17545980,5.467745716254065e-07,0.004207951008698527,13060107.0,trans
Lrrc10b,19.0,10531104.0,rs6413006,19,10249021,10249021,5.481306453033577e-07,0.0042158778665827,282083.0,cis
S1pr1,3.0,115413353.0,rs3698700,3,112036749,112489448,5.481683051710436e-07,0.0042158778665827,2923905.0,trans
Pot1b,17.0,55791323.0,D17Mit274,17,53677833,53677833,5.482088589582826e-07,0.0042158778665827,2113490.0,trans
Mbd4,6.0,115792347.0,rs13479001,6,119516194,119957168,5.490977854096164e-07,0.004221676180204613,3723847.0,trans
Tmem39b,4.0,129353599.0,rs6355837,4,129390618,129630775,5.499686343869733e-07,0.004226180264892082,37019.0,cis
Arhgap26,18.0,39152799.0,rs6355722,18,45300265,46215512,5.500526197699449e-07,0.004226180264892082,6147466.0,trans
Rnasel,1.0,155600060.0,rs6202860,1,147391348,148385403,5.500888867968215e-07,0.004226180264892082,7214657.0,trans
Lrrc27,7.0,146398887.0,rs3663988,7,146505067,146505067,5.502290219216604e-07,0.004226219011129937,106180.0,cis
Gpn2,4.0,133140295.0,rs13478001,4,135998441,137764129,5.519345626208282e-07,0.0042382784109032574,2858146.0,trans
P4ha3,7.0,107434030.0,rs13479451,7,114512549,114512549,5.526135794159888e-07,0.004242451199674711,7078519.0,trans
Mcm6,1.0,130228167.0,rs13476148,1,144862429,144862429,5.539233981685108e-07,0.004249983732605421,14634262.0,trans
Gm9903,5.0,33972574.0,rs3703261,5,40028596,40028596,5.539702396991014e-07,0.004249983732605421,6056022.0,trans
Gm11826,4.0,13409902.0,UT_11_70.128831,11,70371167,72266233,5.540023071684816e-07,0.004249983732605421,,trans
C630016N16Rik,7.0,31514598.0,rs8261944,7,31220797,31291333,5.549485146506921e-07,0.004256198788910009,223265.0,cis
Fam154b,7.0,89781470.0,rs8260975,7,53682778,53682778,5.558618923094441e-07,0.0042621590707489455,36098692.0,trans
Tubg1,11.0,100981445.0,rs3661058,11,98780755,99441450,5.561613822841294e-07,0.004262366062420453,1539995.0,cis
Tubg1,11.0,100981445.0,rs13481185,11,99596170,99596170,5.561613822841294e-07,0.004262366062420453,1385275.0,cis
Nmbr,10.0,14480027.0,CEL-10_14286032,10,14292789,18617183,5.57366856383039e-07,0.00427055850452177,0.0,cis
Chpt1,10.0,87936058.0,rs13480679,10,84376304,85585850,5.585327739641108e-07,0.00427844392585721,2350208.0,trans
Mrpl30,1.0,37947398.0,UT_1_38.719268,1,38079088,38093585,5.594469807428553e-07,0.004284397816430991,131690.0,cis
Cdkn2aipnl,11.0,51781165.0,rs13481023,11,51824799,52067554,5.600481813662843e-07,0.004287011643308208,43634.0,cis
Abca3,17.0,24488991.0,rs13482942,17,30022647,31061912,5.600623585005804e-07,0.004287011643308208,5533656.0,trans
Tpra1,6.0,88852245.0,rs13478880,6,88537081,88960562,5.606544474893356e-07,0.004290494013053073,0.0,cis
Tagap,17.0,7159846.0,UT_17_3.221024,17,6039015,7955311,5.615504737675672e-07,0.004296300037335869,0.0,cis
Efnb3,11.0,69367607.0,rs3695202,11,64515287,64515287,5.623956495491965e-07,0.004301714271564044,4852320.0,trans
Eno3,11.0,70470706.0,rs13481117,11,79065732,79360701,5.645659991354456e-07,0.004317259517719199,8595026.0,trans
Scnm1,3.0,94933641.0,CEL-3_75140206,3,74542042,75418536,5.653025943888083e-07,0.004321835866759243,19515105.0,trans
Ugdh,5.0,65804458.0,CEL-5_67747877,5,69527299,71133299,5.671435901431801e-07,0.004334851249119079,3722841.0,trans
Rfk,19.0,17468573.0,gnf19.010.627,19,13033815,14870326,5.685634727409015e-07,0.004344642363250149,2598247.0,trans
Fam71e1,7.0,51751871.0,rs13479226,7,52843651,53422379,5.701738716246409e-07,0.004355884158218159,1091780.0,cis
Zfp708,13.0,67169851.0,rs13481861,13,68711508,69092648,5.704913184579652e-07,0.0043572452756932695,1541657.0,cis
Rgma,7.0,80520393.0,rs6265743,14,120110881,120370955,5.708441775031577e-07,0.0043588761307886146,,trans
Mbd4,6.0,115792347.0,rs13478993,6,117050639,119361486,5.710584285814575e-07,0.004359379203026583,1258292.0,cis
Eif3m,2.0,104839813.0,rs3695682,2,101560604,102471685,5.711887571449666e-07,0.004359379203026583,2368128.0,trans
Pnpla3,15.0,83998258.0,rs4230970,15,89413298,89873514,5.753126036243202e-07,0.004389781940527562,5415040.0,trans
Cx3cl1,8.0,97296080.0,rs13479914,8,93349658,93349658,5.76215889549578e-07,0.004395602144501321,3946422.0,trans
Tcea1,1.0,4847895.0,D1Mit294,1,11731388,12711281,5.766334409754214e-07,0.004397715039642459,6883493.0,trans
Pm20d1,1.0,133693972.0,D1Mit218,1,129336687,129336687,5.795079743531439e-07,0.004418560596400335,4357285.0,trans
C7,15.0,4938822.0,rs13459177,15,3927910,4349255,5.806505230185617e-07,0.004426103565666923,589567.0,cis
Tnni1,1.0,137696016.0,rs6267646,1,154395967,154628105,5.807802205975121e-07,0.004426103565666923,16699951.0,trans
Tjap1,17.0,46394823.0,D17Mit49,17,45448429,45448429,5.818109575634527e-07,0.004432878899103532,946394.0,cis
Wdr74,19.0,8810329.0,rs4232041,19,8782190,8814792,5.829252492354781e-07,0.004440287390222586,0.0,cis
Ptdss1,13.0,67033766.0,D13Mit224,13,64187020,64187020,5.831729107499881e-07,0.004441092542808307,2846746.0,trans
Scnm1,3.0,94933641.0,rs13477204,3,75866499,81433732,5.850631672985701e-07,0.004454061430430582,13499909.0,trans
Cyb5r3,15.0,82983925.0,rs4230970,15,89413298,89873514,5.854082047745937e-07,0.004454061430430582,6429373.0,trans
Asb3,11.0,30785452.0,rs13480932,11,28975003,29445002,5.854453928986856e-07,0.004454061430430582,1340450.0,cis
Asb3,11.0,30785452.0,rs13480937,11,30059387,33390350,5.854453928986856e-07,0.004454061430430582,0.0,cis
Asb3,11.0,30785452.0,rs13480935,11,29456156,29670526,5.856895060690705e-07,0.004454389445103737,1114926.0,cis
Htr5b,1.0,123406335.0,gnf01.127.292,1,129548234,130226591,5.85915663421601e-07,0.004454389445103737,6141899.0,trans
Htr5b,1.0,123406335.0,gnf01.126.387,1,128625711,129064813,5.85915663421601e-07,0.004454389445103737,5219376.0,trans
Nudt19,7.0,36332204.0,rs4226520,7,30566471,31205553,5.863288433014549e-07,0.0044564476445504144,5126651.0,trans
Mettl5,2.0,69709268.0,rs6275559,2,69562661,70077517,5.864957497294518e-07,0.004456633474214393,0.0,cis
Xrcc2,5.0,25195630.0,rs6260804,5,24008816,24391317,5.868170928329514e-07,0.004457992454048646,804313.0,cis
Plxnd1,6.0,115904829.0,rs6204829,6,115865552,116706746,5.879148302919293e-07,0.004463543748184951,0.0,cis
Gm23660,7.0,66666303.0,rs6345670,7,70840460,72948115,5.880306789673821e-07,0.004463543748184951,4174157.0,trans
Gm23660,7.0,66666303.0,rs4226649,7,73194873,73194873,5.880306789673821e-07,0.004463543748184951,6528570.0,trans
Lonrf1,8.0,37280497.0,D8Mit189,8,35339349,35339349,5.881185358830622e-07,0.004463543748184951,1941148.0,cis
LOC102639173,7.0,108985265.0,rs13459173,7,112784815,114369537,5.898777483276746e-07,0.004475521235041861,3799550.0,trans
Sgcb,5.0,74023988.0,CEL-5_67747877,5,69527299,71133299,5.899828165868517e-07,0.004475521235041861,2890689.0,trans
Ssr2,3.0,88383593.0,UT_3_90.000791,3,87719794,88310086,5.901526952943394e-07,0.004475724622208993,73507.0,cis
Acy1,9.0,106335321.0,rs3676408,9,107733463,108704749,5.915542093588726e-07,0.004485266383198401,1398142.0,cis
Plvap,8.0,74021664.0,rs3659789,8,58485097,63851355,5.921099504580074e-07,0.004488392277001702,10170309.0,trans
Gm12176,11.0,47355312.0,rs13482930,17,26950947,27588409,5.929735628054205e-07,0.0044938498584274865,,trans
Slitrk6,14.0,111147807.0,gnf14.109.204,14,114013474,115150447,5.935934869683633e-07,0.004497458452801811,2865667.0,trans
Trim30d,7.0,111620222.0,rs3724540,7,114542346,114746367,5.953325043082289e-07,0.00450954223972732,2922124.0,trans
Ift22,5.0,137384020.0,rs3708411,5,136726448,137393985,6.002054545534862e-07,0.004545353437352257,0.0,cis
Unc45a,7.0,87470178.0,rs3723790,7,77309844,77721399,6.007362403995164e-07,0.0045482720664388986,9748779.0,trans
Lamtor3,3.0,137581519.0,UT_3_141.310761,3,137054608,137879711,6.012719289252693e-07,0.0045501254675875315,0.0,cis
Lamtor3,3.0,137581519.0,rs13477412,3,132350866,133905167,6.012719289252693e-07,0.0045501254675875315,3676352.0,trans
Paqr8,1.0,20880689.0,rs6291839,1,14787218,15801732,6.022256568229415e-07,0.00455624066515819,5078957.0,trans
Tox3,8.0,92770939.0,gnf08.091.954,8,93172237,93194487,6.029734496606741e-07,0.0045607952456390745,401298.0,cis
Olfr1507,14.0,53109610.0,rs13482214,14,62215307,65159865,6.036542552431656e-07,0.004564841065777842,9105697.0,trans
Abcb8,5.0,23899514.0,gnf05.017.151,5,22716675,23652258,6.052930181403596e-07,0.0045761272650995275,247256.0,cis
Me3,7.0,96781232.0,rs3658777,7,96762673,96762673,6.069620203889757e-07,0.004587636570693803,18559.0,cis
Haus7,20.0,70682652.0,rs13483868,20,81842526,87440159,6.071887876564619e-07,0.004588242020224393,11159874.0,trans
Hspa8,9.0,40609356.0,rs3710199,9,47423231,47592920,6.073359391684803e-07,0.004588245703549852,6813875.0,trans
Tstd2,4.0,46127618.0,rs6398138,4,50881072,51294470,6.088318831918296e-07,0.0045984366586286395,4753454.0,trans
Hspb6,7.0,31338040.0,rs6239372,7,35483870,35699898,6.095802940299175e-07,0.004602978025374237,4145830.0,trans
Spock1,13.0,57522556.0,rs13481817,13,54980447,55500311,6.110406063746213e-07,0.004612891514886956,2022245.0,trans
Usmg5,19.0,47157954.0,CEL-19_48014568,19,48744594,48972883,6.124570181736887e-07,0.004622468885300003,1586640.0,cis
Kcnh1,1.0,194014754.0,mCV23575714,1,194086272,194439430,6.14332397141496e-07,0.004635504817044098,71518.0,cis
Foxred1,9.0,35011793.0,UT_9_35.918713,9,35020042,37007430,6.177099779126505e-07,0.004659866738287519,8249.0,cis
Heatr6,11.0,83567020.0,rs13481128,11,83521936,87177234,6.179316309099463e-07,0.004660415035255975,0.0,cis
Ermard,17.0,15190178.0,UT_17_3.221024,17,6039015,7955311,6.186899178696254e-07,0.004665009363791175,7234867.0,trans
Srp14,2.0,118301579.0,rs13476723,2,117118532,118639998,6.191389991698376e-07,0.0046667526579053775,0.0,cis
D17H6S56E-5,17.0,35133669.0,rs6217039,9,78046016,83013939,6.192194667839711e-07,0.0046667526579053775,,trans
Rnps1,6.0,7932358.0,CEL-17_29648158,17,31179361,31326531,6.194199809853837e-07,0.004667139493850161,,trans
Uba2,7.0,34925707.0,rs13479163,7,27852866,27852866,6.205980099033685e-07,0.004674889643468682,7072841.0,trans
Gm10718,9.0,3023547.0,rs3675987,4,147659225,148197078,6.22586720191962e-07,0.004688741356156588,,trans
Magt1,20.0,103165556.0,gnfX.086.039,20,99321995,99321995,6.231157438406506e-07,0.004691596051416397,3843561.0,trans
A430033K04Rik,5.0,139064104.0,D5Mit372,5,132603109,133025854,6.23387849301219e-07,0.004692515436328298,6038250.0,trans
8430419L09Rik,6.0,135148070.0,CEL-6_127435117,6,126754348,127119001,6.240103074941718e-07,0.004696071004118792,8029069.0,trans
Fancc,13.0,63406017.0,rs4184167,13,59454245,59454245,6.251905530550464e-07,0.004703821553761306,3951772.0,trans
Ap3m2,8.0,23897827.0,rs3661760,8,24557766,25314442,6.277908377595548e-07,0.004722249927109509,659939.0,cis
Sord,2.0,122060560.0,rs6322076,17,72598864,75262850,6.307928523938096e-07,0.004743690531432488,,trans
Serhl,15.0,82930643.0,rs3710055,15,87788314,87788314,6.327088772214828e-07,0.004756955928768378,4857671.0,trans
Cntn2,1.0,134406004.0,gnf01.132.831,1,135115364,135695643,6.34204200396206e-07,0.004767052709896234,709360.0,cis
Reep5,18.0,34504528.0,CEL-18_32012884,18,31715893,31860937,6.357902078386212e-07,0.004777826112988947,2643591.0,trans
Nmi,2.0,51804025.0,rs6209424,2,45522550,45926637,6.370910946910597e-07,0.004786452236432629,5877388.0,trans
Stab2,10.0,86303943.0,CEL-10_86185623,10,85914426,86348598,6.372571784223423e-07,0.004786550512267651,0.0,cis
Tm2d3,7.0,72836055.0,rs13479306,7,73604599,75261560,6.377743493983996e-07,0.0047892851858376394,768544.0,cis
Gm26499,7.0,66632952.0,rs6405142,7,75725583,76126377,6.397238989298147e-07,0.0048027722297623405,9092631.0,trans
Thnsl2,6.0,71078392.0,mhcCD8b4,6,71278246,75834707,6.403884212687558e-07,0.0048066076844623645,199854.0,cis
Trim12a,7.0,111392519.0,rs4226783,7,100081465,102651418,6.409804750108385e-07,0.004809897497083455,8741101.0,trans
Abhd10,16.0,45730030.0,rs4188505,16,56463020,56493761,6.420543012372924e-07,0.004816800070600794,10732990.0,trans
Prtg,9.0,72655024.0,rs6355445,9,69810186,70880254,6.423540527958911e-07,0.004817893487401842,1774770.0,cis
Mfap3,11.0,57332167.0,rs4228731,11,55208056,55208056,6.42691859874864e-07,0.00481811687231028,2124111.0,trans
Mfap3,11.0,57332167.0,rs13481041,11,56515096,56515096,6.42691859874864e-07,0.00481811687231028,817071.0,cis
Zfp951,5.0,105242188.0,rs13459088,5,111078136,111778516,6.44633896422842e-07,0.004830928537337195,5835948.0,trans
Plod3,5.0,137462889.0,rs8265855,5,138337848,139187687,6.447096594661314e-07,0.004830928537337195,874959.0,cis
Lcmt2,2.0,120964276.0,rs4223510,2,131679415,131819271,6.463853636730271e-07,0.004842325060075122,10715139.0,trans
Tbc1d24,17.0,24315500.0,CEL-17_21879142,17,23322637,26350810,6.474450389942153e-07,0.0048491023180193505,0.0,cis
Snapc5,9.0,64027104.0,rs4227706,9,62226500,64300970,6.482120974635109e-07,0.004853685274007888,0.0,cis
Cenpb,2.0,131003025.0,rs13476784,2,134345046,135758395,6.483816080321179e-07,0.004853792785649855,3342021.0,trans
Zfp125,12.0,20905683.0,rs6238712,12,28507708,29676794,6.50863639884296e-07,0.004870275570383425,7602025.0,trans
Fam183b,11.0,58606305.0,rs6313602,11,58819966,59042857,6.508947774777309e-07,0.004870275570383425,213661.0,cis
Ppt1,4.0,122513489.0,rs13477942,4,119150596,120476226,6.525569727635743e-07,0.004881545278229651,2037263.0,trans
Gm13139,4.0,146506202.0,rs4224919,4,144563168,147520407,6.528956207290196e-07,0.004882910980656276,0.0,cis
Srp9,2.0,87366206.0,rs13476241,1,174792335,175262195,6.535873244386041e-07,0.004886915851518694,,trans
Ppdpf,2.0,180922010.0,rs6305540,2,180825582,181542229,6.556255797312663e-07,0.004900984658324874,0.0,cis
Zfp943,17.0,22099725.0,CEL-17_21879142,17,23322637,26350810,6.566414343863263e-07,0.004907405838234069,1222912.0,cis
Olfr1191-ps1,2.0,88482905.0,UT_2_119.151187,2,118706767,121192484,6.583200891975198e-07,0.004918776200902629,30223862.0,trans
Me3,7.0,96781232.0,D7Mit301,7,98732421,98732421,6.587779847099539e-07,0.004920718152584297,1951189.0,cis
Rabl2,15.0,89412964.0,rs13482687,15,85776069,86099724,6.588945797220608e-07,0.004920718152584297,3313240.0,trans
Dtd1,2.0,144425716.0,CEL-2_135876979,2,135953692,136253017,6.605243002649589e-07,0.004931711836183004,8172699.0,trans
C330024D21Rik,5.0,67858153.0,rs4225252,5,67053114,67538358,6.634957559715002e-07,0.004952715760109088,319795.0,cis
Ucp3,7.0,107621500.0,rs4226783,7,100081465,102651418,6.64708124449299e-07,0.0049605819517761435,4970082.0,trans
Tm7sf3,6.0,146552011.0,rs6152631,6,144002632,144814489,6.659092953788515e-07,0.004968360846281798,1737522.0,cis
2310040G07Rik,5.0,77357393.0,rs3707918,5,73733816,74027160,6.669329263417698e-07,0.0049748117183096175,3330233.0,trans
Elac1,18.0,73894692.0,rs13483438,18,74378481,74433167,6.677821577266265e-07,0.0049794065069441625,483789.0,cis
Map2k1,9.0,64033588.0,gnf09.058.846,9,64463047,66564041,6.678983248366441e-07,0.0049794065069441625,429459.0,cis
Cntnap5a,1.0,117581714.0,rs13476083,1,123358516,128188953,6.681855830333326e-07,0.0049794065069441625,5776802.0,trans
Cntnap5a,1.0,117581714.0,rs13476098,1,128464783,128523838,6.681855830333326e-07,0.0049794065069441625,10883069.0,trans
Htr5b,1.0,123406335.0,gnf01.128.089,1,130357592,130357592,6.691320752633627e-07,0.004984385034368926,6951257.0,trans
1700019G17Rik,6.0,85849044.0,rs6238712,12,28507708,29676794,6.691723041306578e-07,0.004984385034368926,,trans
LOC102639173,7.0,108985265.0,rs13479441,7,111297536,111297536,6.700190140518722e-07,0.004989503845863703,2312271.0,trans
Scn9a,2.0,66320634.0,rs6318340,2,62000422,62483390,6.710297047045957e-07,0.004995841063623272,3837244.0,trans
Coa3,11.0,101139282.0,rs3661058,11,98780755,99441450,6.718813665685505e-07,0.004999801992928972,1697832.0,cis
Coa3,11.0,101139282.0,rs13481185,11,99596170,99596170,6.718813665685505e-07,0.004999801992928972,1543112.0,cis
Zfp260,7.0,30880095.0,rs13479163,7,27852866,27852866,6.732395305727282e-07,0.005008717346838439,3027229.0,trans
Has1,17.0,17980293.0,rs13482868,17,10586984,11481618,6.769130760823156e-07,0.005034850168844666,6498675.0,trans
Gm23254,7.0,66854274.0,gnf07.050.858,7,63779524,65367119,6.78912324825487e-07,0.005048520180605533,1487155.0,cis
Zranb1,7.0,140175700.0,rs3716088,7,140189839,140342976,6.794825420654586e-07,0.005049001993212287,14139.0,cis
Zfp708,13.0,67169851.0,rs13481845,13,63061924,64072990,6.795365389680774e-07,0.005049001993212287,3096861.0,trans
Zfp708,13.0,67169851.0,rs6220659,13,64303979,65397885,6.795365389680774e-07,0.005049001993212287,1771966.0,cis
Mks1,11.0,87666727.0,rs13481123,11,82070986,82421437,6.79622686701616e-07,0.005049001993212287,5245290.0,trans
Pgbd1,13.0,21513144.0,rs13481727,13,22255951,23956641,6.822095850514511e-07,0.005065814393636485,742807.0,cis
Pgbd1,13.0,21513144.0,D13Mit115,13,20587899,20587899,6.822095850514511e-07,0.005065814393636485,925245.0,cis
Rpph1,14.0,51427159.0,rs3666583,14,52760254,54864244,6.826312850394422e-07,0.005067742886144524,1333095.0,cis
Senp3,11.0,69486612.0,rs13481068,11,64596125,64596125,6.830670416499996e-07,0.005069774792897391,4890487.0,trans
Csrp1,1.0,137616638.0,rs6202860,1,147391348,148385403,6.84468373648948e-07,0.005078133197085346,9774710.0,trans
C330024D21Rik,5.0,67858153.0,rs6267669,5,66893863,66893863,6.84517843123901e-07,0.005078133197085346,964290.0,cis
Nmi,2.0,51804025.0,rs13476470,2,45047811,45193636,6.867348879867352e-07,0.0050933726471270434,6610389.0,trans
Gm20472,12.0,18779275.0,rs13481313,12,14876064,15561948,6.87295415875068e-07,0.005096321736388898,3217327.0,trans
Armcx1,20.0,131252509.0,rs6205221,20,126830239,128323972,6.880823863374144e-07,0.005100948110419299,2928537.0,trans
Snap23,2.0,120393407.0,rs6411422,2,128199226,129125488,6.89487018435973e-07,0.005109329364179809,7805819.0,trans
Mfap3,11.0,57332167.0,D11Mit349,11,55602850,55602850,6.895396003306973e-07,0.005109329364179809,1729317.0,cis
Fmo2,1.0,164805178.0,rs6267646,1,154395967,154628105,6.904305944117575e-07,0.005114719979963241,10177073.0,trans
Chrna7,7.0,70243574.0,rs13479305,7,73316124,73426174,6.917756313615538e-07,0.005123470803312948,3072550.0,trans
Plscr4,9.0,92352216.0,rs3690580,9,95251199,96808717,6.920897431901485e-07,0.005124583991026933,2898983.0,trans
Gm5899,7.0,101345720.0,rs13479395,7,97208893,98602160,6.929464886720157e-07,0.005128500077396219,2743560.0,trans
Gm5899,7.0,101345720.0,CEL-7_79063914,7,98979741,99797453,6.929464886720157e-07,0.005128500077396219,1548267.0,cis
Me1,13.0,62915449.0,rs3693091,9,90299276,94380583,6.93159402633599e-07,0.005128862497001426,,trans
Ang,14.0,51710792.0,rs13482156,14,45858402,46175355,6.960303632881381e-07,0.005148887657248243,5535437.0,trans
Chd3os,11.0,69154319.0,rs3677986,11,67961048,68740438,6.966083004585986e-07,0.005151944708162794,413881.0,cis
Ppp1r12b,1.0,136646075.0,mCV24201027,1,117626780,121957699,6.973738489804712e-07,0.00515385782390593,14688376.0,trans
Pla2g4e,2.0,119992148.0,rs8264884,2,130881868,131487026,6.976573958678554e-07,0.00515385782390593,10889720.0,trans
Hist1h2ao,13.0,23625780.0,rs13481041,11,56515096,56515096,6.977728451807768e-07,0.00515385782390593,,trans
Hist1h2ao,13.0,23625780.0,rs4228731,11,55208056,55208056,6.977728451807768e-07,0.00515385782390593,,trans
Ankfy1,11.0,72503504.0,UT_11_68.607315,11,68849650,69141399,6.978554417822273e-07,0.00515385782390593,3362105.0,trans
Ankfy1,11.0,72503504.0,rs3715924,11,67192419,67351936,6.978554417822273e-07,0.00515385782390593,5151568.0,trans
Tmem87b,2.0,128644047.0,rs3708635,2,125704535,127840968,6.988406795449589e-07,0.005159915970157128,803079.0,cis
Zfp369,13.0,65380122.0,D13Mit224,13,64187020,64187020,7.00528054606138e-07,0.005171154290842127,1193102.0,cis
Fancl,11.0,26287084.0,rs13480935,11,29456156,29670526,7.008756619138464e-07,0.0051724997517323,3169072.0,trans
C630016N16Rik,7.0,31514598.0,rs13479194,7,37555006,37568559,7.019727325626795e-07,0.005179374352885981,6040408.0,trans
Trim21,7.0,109706438.0,rs3672782,7,95155270,96589291,7.032244483812152e-07,0.005187386463447904,13117147.0,trans
Actr5,2.0,158450649.0,rs6291774,2,154372104,154520256,7.045630727187585e-07,0.005196035732398629,3930393.0,trans
Tubg1,11.0,100981445.0,D11Mit99,11,99510152,99510152,7.049145433002419e-07,0.005197402545056271,1471293.0,cis
S100a11,3.0,93324417.0,rs3699123,3,82199891,84792918,7.054310159226921e-07,0.005199985002816266,8531499.0,trans
Acyp2,11.0,30405991.0,rs13480929,11,28095396,28719020,7.075524300792237e-07,0.005214394056539509,1686971.0,cis
Wdhd1,14.0,47860619.0,rs3670380,14,47679977,49506930,7.097661108287998e-07,0.005229476132927289,0.0,cis
Gm20472,12.0,18779275.0,rs6238712,12,28507708,29676794,7.099890128626298e-07,0.005229886728959054,9728433.0,trans
Usmg5,19.0,47157954.0,rs3023496,19,48212356,48212356,7.142081829771341e-07,0.005259727318698937,1054402.0,cis
Snord53,17.0,71990219.0,rs6322076,17,72598864,75262850,7.156431769749574e-07,0.0052690548524525075,608645.0,cis
Lgr6,1.0,136882930.0,gnf01.126.387,1,128625711,129064813,7.165574165972115e-07,0.005272739367487748,7818117.0,trans
Lgr6,1.0,136882930.0,gnf01.127.292,1,129548234,130226591,7.165574165972115e-07,0.005272739367487748,6656339.0,trans
Golga7b,19.0,42322064.0,rs13483633,19,42643144,44650782,7.166492400170331e-07,0.005272739367487748,321080.0,cis
Dennd1b,1.0,140860363.0,rs8256197,1,130485641,130485675,7.174700925313664e-07,0.0052775375919058365,10374688.0,trans
Pgap2,7.0,109371588.0,rs3662937,7,111381490,112061872,7.18550997793525e-07,0.005284245996313713,2009902.0,trans
Plekhh2,17.0,84911235.0,gnf17.080.475,17,79560024,79883245,7.189379636661515e-07,0.005285849195412036,5027990.0,trans
Parvg,15.0,84155150.0,rs13482677,15,82944825,83609704,7.202514344110141e-07,0.005294261984417328,545446.0,cis
Cntn2,1.0,134406004.0,rs13476118,1,135891044,138214494,7.209413681966009e-07,0.005298088542627531,1485040.0,cis
Gm5899,7.0,101345720.0,rs13479416,7,103132457,103132457,7.212650531645171e-07,0.005299222428696853,1786737.0,cis
Med8,4.0,118081942.0,rs13477919,4,104961980,107061697,7.216710803863737e-07,0.005300960618848794,11020245.0,trans
Hspa8,9.0,40609356.0,rs13480169,9,45240527,46583651,7.233999307272754e-07,0.005312412373067816,4631171.0,trans
Lrrc27,7.0,146398887.0,rs6392543,7,145329119,146124556,7.235907541630518e-07,0.00531256663656691,274331.0,cis
Chil1,1.0,136079041.0,rs13476138,1,141417668,141417668,7.239268557391833e-07,0.005312686840958513,5338627.0,trans
Gm22289,7.0,67049641.0,rs8260975,7,53682778,53682778,7.239467683625751e-07,0.005312686840958513,13366863.0,trans
Ubald1,16.0,4874783.0,rs3682996,1,175676881,177366983,7.241881554213814e-07,0.005313211905923463,,trans
Zfp593,4.0,133799221.0,CEL-4_130248229,4,131555157,131555157,7.246144575838938e-07,0.005315093088703302,2244064.0,trans
Lama2,10.0,26701091.0,gnf10.025.923,10,27727882,27854963,7.251432503680169e-07,0.005317724988537871,1026791.0,cis
Ociad1,5.0,73684063.0,rs6267669,5,66893863,66893863,7.255639532506603e-07,0.005318860246493252,6790200.0,trans
Mut,17.0,41071656.0,rs13483008,17,47865727,48549496,7.256380946388201e-07,0.005318860246493252,6794071.0,trans
Ttc12,9.0,49245066.0,rs13480191,9,50964758,50964758,7.271139469213135e-07,0.005328429646926196,1719692.0,cis
Klc1,12.0,112997090.0,rs4140265,12,114553845,114553845,7.277709754253203e-07,0.005331995473693347,1556755.0,cis
Myo7a,7.0,105199570.0,rs6394492,7,94381203,94381203,7.281729676727786e-07,0.005333691551541025,10818367.0,trans
Cdh7,1.0,111878904.0,mCV24201027,1,117626780,121957699,7.288644077085641e-07,0.005337506474372068,5747876.0,trans
Olfr1191-ps1,2.0,88482905.0,rs6208879,2,109622852,111930241,7.294213345036053e-07,0.00534033479569206,21139947.0,trans
Btbd9,17.0,30357025.0,CEL-17_21879142,17,23322637,26350810,7.316891081750501e-07,0.00535568453856978,4006215.0,trans
Tox3,8.0,92770939.0,rs13479907,8,91905250,91905250,7.338037413843691e-07,0.005369906432851628,865689.0,cis
Cntn2,1.0,134406004.0,rs6406033,1,138462986,141128164,7.349682349568369e-07,0.005377170269160078,4056982.0,trans
Dsel,1.0,113755394.0,rs13476036,1,108755358,110723533,7.359918911917891e-07,0.005383400556387871,3031861.0,trans
Tctex1d2,16.0,32419788.0,rs4171718,16,34000948,34000948,7.370530223083992e-07,0.0053899019762353876,1581160.0,cis
Pqlc3,12.0,16995454.0,rs4229294,12,26992470,26992470,7.380373508171068e-07,0.005395838848488083,9997016.0,trans
Lad1,1.0,137715175.0,D1Mit91,1,128355210,128413910,7.387013193875064e-07,0.005399431321490524,9301265.0,trans
Sh3bp1,15.0,78730216.0,rs13482635,15,69276656,70046282,7.393096610799898e-07,0.005402615614452421,8683934.0,trans
1700019G17Rik,6.0,85849044.0,rs13481313,12,14876064,15561948,7.41883948687645e-07,0.005420161508035013,,trans
Cd99l2,20.0,68673240.0,rs13483824,20,71121918,76792464,7.421621519729026e-07,0.005420178789000583,2448678.0,trans
1700012P22Rik,4.0,144008094.0,rs13478024,4,140884373,142095184,7.424060849056256e-07,0.005420178789000583,1912910.0,cis
1700012P22Rik,4.0,144008094.0,rs3718552,4,142466392,142466392,7.424060849056256e-07,0.005420178789000583,1541702.0,cis
Fancd2,6.0,113481679.0,rs13478971,6,111249787,112015841,7.42716507483939e-07,0.005420441176722046,1465838.0,cis
Pyroxd2,19.0,42801409.0,rs3023496,19,48212356,48212356,7.427885550547845e-07,0.005420441176722046,5410947.0,trans
LOC100503822,12.0,56376368.0,rs13481462,12,55741344,56422769,7.44030504095944e-07,0.005428237993363036,0.0,cis
Dhx35,2.0,158620556.0,rs6291774,2,154372104,154520256,7.443141343817818e-07,0.005429041179400756,4100300.0,trans
Cyb5d2,11.0,72590751.0,rs13481068,11,64596125,64596125,7.447438822785236e-07,0.005430909527137509,7994626.0,trans
Foxred1,9.0,35011793.0,UT_9_38.426043,9,37454776,39934734,7.479306520181862e-07,0.005452877399801196,2442983.0,trans
D630004N19Rik,7.0,107694262.0,rs3699086,7,103251219,103381987,7.517530269438286e-07,0.005479467911358335,4312275.0,trans
Jade2,11.0,51626958.0,rs6199956,11,50558769,51384701,7.52081189856123e-07,0.0054805829348226615,242257.0,cis
Vstm2b,7.0,48154570.0,rs3668040,7,47556868,47652851,7.522943621113017e-07,0.005480859671595393,501719.0,cis
Cntnap3,13.0,64839855.0,rs13481861,13,68711508,69092648,7.526162659870454e-07,0.005481928262045859,3871653.0,trans
H2-Ke6,17.0,34162978.0,rs13482947,17,31769796,31769796,7.544196914827433e-07,0.0054937849934012925,2393182.0,trans
Clpb,7.0,108938806.0,D7Mit301,7,98732421,98732421,7.553115053309454e-07,0.005498999273237734,10206385.0,trans
Sgcb,5.0,74023988.0,rs3707918,5,73733816,74027160,7.57257041776517e-07,0.005511880904783732,0.0,cis
Epha6,16.0,59653309.0,rs4192837,16,60328964,60328964,7.58819312657883e-07,0.005521967500087833,675655.0,cis
Noxo1,17.0,24833219.0,rs13482873,17,11606730,21646617,7.594044418535968e-07,0.005524940346872616,3186602.0,trans
Fam78b,1.0,168931606.0,rs13476208,1,163955813,164935095,7.597795358934145e-07,0.005526384085270455,3996511.0,trans
Gm25229,7.0,66669461.0,rs6345670,7,70840460,72948115,7.603726683419175e-07,0.005528127709400718,4170999.0,trans
Gm25229,7.0,66669461.0,rs4226649,7,73194873,73194873,7.603726683419175e-07,0.005528127709400718,6525412.0,trans
Dbndd2,2.0,164311640.0,rs3671849,2,162978275,163577495,7.610669404451353e-07,0.005531889677965816,734145.0,cis
Rabl2,15.0,89412964.0,rs6405854,15,87307012,87307012,7.619223901992912e-07,0.005536821162235674,2105952.0,trans
Psmb6,11.0,70338888.0,rs3662476,11,76761052,76824057,7.681320926377337e-07,0.00558065019046798,6422164.0,trans
Zfp951,5.0,105242188.0,rs13478442,5,106769482,107112542,7.692401462352405e-07,0.005587402860429531,1527294.0,cis
Atf7ip,6.0,136556350.0,rs3664540,6,140066610,140119512,7.700912854639637e-07,0.005592286722064478,3510260.0,trans
Serpina3h,12.0,105474436.0,rs13481611,12,100818237,100818237,7.745963627057693e-07,0.005623696505527958,4656199.0,trans
Srd5a1,13.0,69712327.0,rs4229817,13,66981471,67600532,7.750716073433504e-07,0.005625841256942764,2111795.0,trans
Dgkh,14.0,78969871.0,gnf14.085.610,14,91322093,91322093,7.76236317444668e-07,0.005632988323314683,12352222.0,trans
T2,17.0,8589494.0,CEL-17_20354682,17,21827381,23003494,7.775096254435145e-07,0.0056409199647072545,13237887.0,trans
Mr1,1.0,156975008.0,rs13476208,1,163955813,164935095,7.817247731915438e-07,0.00567018635841962,6980805.0,trans
Xaf1,11.0,72115165.0,rs13481068,11,64596125,64596125,7.824576754836189e-07,0.005674186813371025,7519040.0,trans
Cryz,3.0,154260163.0,rs3695386,3,155445672,156802751,7.83438525415669e-07,0.005679983051512389,1185509.0,cis
Pi16,17.0,29455827.0,rs13482934,17,27985170,29917068,7.859063485106833e-07,0.005696554763322578,0.0,cis
Trmt61a,12.0,112916354.0,rs13481636,12,108786162,110330976,7.876016265496806e-07,0.005707520387921017,2585378.0,trans
Plxnd1,6.0,115904829.0,rs13478992,6,116847501,116847501,7.879155049842074e-07,0.00570847264984696,942672.0,cis
Rnps1,6.0,7932358.0,rs13482947,17,31769796,31769796,7.910649621653934e-07,0.005729963571514339,,trans
Gm25229,7.0,66669461.0,rs3693478,7,67179979,70463288,7.921447580799999e-07,0.005736456724637405,510518.0,cis
Tmem62,2.0,120802798.0,rs13476723,2,117118532,118639998,7.94868272149392e-07,0.005754847394089818,2162800.0,trans
Lsm12,11.0,102023815.0,rs3723163,11,103840961,104435021,7.972665111983421e-07,0.005770875106568359,1817146.0,cis
Arhgap26,18.0,39152799.0,rs13483328,18,43314323,45157191,7.982582863236196e-07,0.0057767173141867415,4161524.0,trans
Nelfb,2.0,25055236.0,mCV23574676,2,26733408,26733408,7.997296894272527e-07,0.0057860269175781425,1678172.0,cis
Fndc1,17.0,7932083.0,UT_17_3.221024,17,6039015,7955311,8.008962519210356e-07,0.005793127210711044,0.0,cis
Pign,1.0,107417716.0,rs13476004,1,99958651,100503509,8.028131486847198e-07,0.005805650363582435,6914207.0,trans
Ogg1,6.0,113276996.0,rs13478993,6,117050639,119361486,8.045838141721519e-07,0.005816524146887552,3773643.0,trans
Rgl2,17.0,34066839.0,CEL-17_21879142,17,23322637,26350810,8.046886425026138e-07,0.005816524146887552,7716029.0,trans
Mad1l1,5.0,140484643.0,rs13478566,5,142540280,143680350,8.081851589338639e-07,0.005839681091934986,2055637.0,trans
Kdm6b,11.0,69212010.0,UT_11_68.607315,11,68849650,69141399,8.08452295753894e-07,0.005839681091934986,70611.0,cis
Kdm6b,11.0,69212010.0,rs3715924,11,67192419,67351936,8.08452295753894e-07,0.005839681091934986,1860074.0,cis
Olfr1507,14.0,53109610.0,rs13482193,14,56241527,57409827,8.095308945512117e-07,0.005845970092445023,3131917.0,trans
Cntnap2,6.0,45010087.0,rs13478727,6,43776811,43906026,8.09696687268785e-07,0.005845970092445023,1104061.0,cis
Srp9,2.0,87366206.0,rs3681873,1,186269050,186269050,8.101521348830523e-07,0.005847908780498295,,trans
Gm5177,10.0,10332849.0,CEL-6_127435117,6,126754348,127119001,8.106904049156506e-07,0.005850444272004577,,trans
Pqlc3,12.0,16995454.0,rs13481357,12,27578331,28255508,8.111951016581013e-07,0.005852736364217416,10582877.0,trans
Gabra2,5.0,71352296.0,rs3707918,5,73733816,74027160,8.117563068841045e-07,0.005855435011609971,2381520.0,trans
Zkscan16,4.0,58958999.0,rs13477746,4,65605269,66843059,8.128112577284895e-07,0.005861693124964482,6646270.0,trans
Entpd3,9.0,120448961.0,rs13480459,9,122175148,122561240,8.150018648846627e-07,0.005874242589001191,1726187.0,cis
Ctse,1.0,133534891.0,rs13476098,1,128464783,128523838,8.151147418353166e-07,0.005874242589001191,5011053.0,trans
Ctse,1.0,133534891.0,rs13476083,1,123358516,128188953,8.151147418353166e-07,0.005874242589001191,5345938.0,trans
Gm25934,7.0,66606779.0,rs3680765,7,56652493,56652493,8.157439656003139e-07,0.005877423248287111,9954286.0,trans
Cml2,6.0,85815416.0,rs3657682,12,15739388,16592330,8.166667037018631e-07,0.005882716722375652,,trans
Tns1,1.0,74010486.0,rs4137302,1,65557819,69302878,8.21089892855465e-07,0.005913216845816169,4707608.0,trans
1700001L05Rik,15.0,83187990.0,rs13482677,15,82944825,83609704,8.219729799096166e-07,0.005916498725955518,0.0,cis
3632451O06Rik,14.0,50301235.0,rs13482193,14,56241527,57409827,8.221544118022157e-07,0.005916498725955518,5940292.0,trans
Mkl2,16.0,13415590.0,rs4165334,16,23467678,23737062,8.223263122735388e-07,0.005916498725955518,10052088.0,trans
Hps1,19.0,42829686.0,rs3660360,19,48448365,48448365,8.223646472832203e-07,0.005916498725955518,5618679.0,trans
B4galt3,1.0,173200485.0,rs13476267,1,182213911,184421782,8.224912135463727e-07,0.005916498725955518,9013426.0,trans
C4b,17.0,34865325.0,rs13482967,17,37015393,39314866,8.229587660600769e-07,0.005918501124948663,2150068.0,trans
Tm2d3,7.0,72836055.0,gnf07.050.858,7,63779524,65367119,8.23533561920535e-07,0.005921273691948027,7468936.0,trans
Hpgd,8.0,58773390.0,rs13479842,8,78352527,78791132,8.240695842707474e-07,0.005923766264137624,19579137.0,trans
Sft2d2,1.0,167104628.0,rs4222799,1,169153243,169907834,8.258050822464605e-07,0.0059348780565201134,2048615.0,trans
Fggy,4.0,95246152.0,rs13481313,12,14876064,15561948,8.273155670177107e-07,0.0059443679961180855,,trans
Gm26467,7.0,66837433.0,gnf07.050.858,7,63779524,65367119,8.277623257198531e-07,0.005946212324887915,1470314.0,cis
Rpl34-ps1,13.0,116943968.0,rs13477425,3,134595339,136479848,8.298935496820862e-07,0.005960153347878253,,trans
Clmp,9.0,40494047.0,rs6240566,9,40268402,40515147,8.301380829319127e-07,0.00596054119182781,0.0,cis
Zfp65,13.0,67806246.0,rs13481845,13,63061924,64072990,8.330246319526584e-07,0.005977771717370162,3733256.0,trans
Zfp65,13.0,67806246.0,rs6220659,13,64303979,65397885,8.330246319526584e-07,0.005977771717370162,2408361.0,trans
Abca3,17.0,24488991.0,rs6242153,17,32068298,32078991,8.331110588359929e-07,0.005977771717370162,7579307.0,trans
Acyp2,11.0,30405991.0,rs13480935,11,29456156,29670526,8.335618033515688e-07,0.0059796344416173895,735465.0,cis
Sntg1,1.0,8352742.0,D1Mit294,1,11731388,12711281,8.339300687908002e-07,0.0059807394724769305,3378646.0,trans
Kcnh1,1.0,194014754.0,rs13476316,1,197014646,197134686,8.340981955600259e-07,0.0059807394724769305,2999892.0,trans
Ywhae,11.0,75546430.0,rs3662476,11,76761052,76824057,8.346308067087196e-07,0.00598318711047037,1214622.0,cis
Rcbtb2,14.0,73542352.0,rs13482214,14,62215307,65159865,8.388671889958014e-07,0.00601217863194395,8382487.0,trans
Zfp953,13.0,67440245.0,rs4229817,13,66981471,67600532,8.394295359621851e-07,0.006014831016216137,0.0,cis
Gm5148,3.0,37613112.0,rs3664070,3,33813624,35458614,8.400106483263599e-07,0.006017616616151057,2154498.0,trans
Gm22748,12.0,17552955.0,rs6238712,12,28507708,29676794,8.418983370660158e-07,0.006029758769252917,10954753.0,trans
Rnf169,7.0,107068767.0,rs3672782,7,95155270,96589291,8.435063164032223e-07,0.006039892516284953,10479476.0,trans
1110032A03Rik,9.0,50570933.0,mCV23098764,9,51521230,51995283,8.437820518280685e-07,0.0060404843302891715,950297.0,cis
Sepn1,4.0,134093807.0,rs13478021,4,140166294,140166294,8.443070640681199e-07,0.006042859993235417,6072487.0,trans
Chac1,2.0,119176992.0,UT_2_119.151187,2,118706767,121192484,8.446004734030947e-07,0.006043577324237006,0.0,cis
Ptcd3,6.0,71830628.0,rs13478831,6,76132093,76390846,8.45115704310271e-07,0.0060458812186062,4301465.0,trans
Baalc,15.0,38765446.0,rs3660608,15,38818095,38822670,8.457288589560724e-07,0.006048884436924847,52649.0,cis
Glul,1.0,155747075.0,UT_1_169.988189,1,168323143,169017891,8.486261458580107e-07,0.006068219287731364,12576068.0,trans
Zfp949,9.0,88461997.0,rs3690580,9,95251199,96808717,8.48940869795454e-07,0.006069082546151964,6789202.0,trans
2610005L07Rik,18.0,4198214.0,rs3699325,8,17328897,18316446,8.511885906203053e-07,0.006083761257400228,,trans
Zfp788,7.0,48888901.0,rs3668040,7,47556868,47652851,8.55077040270397e-07,0.006110157483180208,1236050.0,cis
Pm20d1,1.0,133693972.0,rs13476083,1,123358516,128188953,8.561936351673474e-07,0.006115342709470894,5505019.0,trans
Pm20d1,1.0,133693972.0,rs13476098,1,128464783,128523838,8.561936351673474e-07,0.006115342709470894,5170134.0,trans
Zfp715,7.0,50551758.0,rs3719256,7,51794017,52261292,8.580449980235622e-07,0.006126834907826885,1242259.0,cis
Aldh7a1,18.0,56685390.0,rs13477369,3,119424850,119424850,8.581943194335352e-07,0.006126834907826885,,trans
Nkx6-2,7.0,146765198.0,gnf07.132.051,7,142424481,142793402,8.605389002588537e-07,0.006142171695297146,3971796.0,trans
N28178,4.0,42930123.0,rs6232550,4,40972607,40972607,8.610626968984724e-07,0.006144508444036466,1957516.0,cis
Pm20d1,1.0,133693972.0,rs8256197,1,130485641,130485675,8.623963728860722e-07,0.0061526220751655725,3208297.0,trans
Stx6,1.0,157005872.0,CEL-1_152888326,1,154761280,155750989,8.626945962600811e-07,0.006153346428032788,1254883.0,cis
F2rl2,13.0,96466875.0,rs6322774,13,90560308,91275495,8.650282711332417e-07,0.006168585417240211,5191380.0,trans
C530030P08Rik,11.0,32625889.0,rs3723987,11,19368928,19472318,8.697848964948824e-07,0.006201091775763706,13153571.0,trans
Ntn4,10.0,93103946.0,rs13480754,10,106921183,108174849,8.701682467826039e-07,0.006202411360238399,13817237.0,trans
1500011B03Rik,5.0,115258208.0,rs3663155,5,128047890,128047890,8.711248075525029e-07,0.00620781515972976,12789682.0,trans
Lgr6,1.0,136882930.0,rs6302966,1,122017245,122817184,8.722779716097718e-07,0.006214617214444727,14065746.0,trans
Fmn2,1.0,176431675.0,rs13476281,1,186146231,186146231,8.737664349201322e-07,0.0062238044952862975,9714556.0,trans
D630004N19Rik,7.0,107694262.0,rs3658777,7,96762673,96762673,8.7426126938853e-07,0.006225911624759655,10931589.0,trans
Rnf150,8.0,85387255.0,rs6394046,8,64982540,69577204,8.745041325030426e-07,0.006226223829862376,15810051.0,trans
Ift22,5.0,137384020.0,rs8265855,5,138337848,139187687,8.751254850887009e-07,0.006227056936238283,953828.0,cis
Gm4793,1.0,137481350.0,gnf01.132.831,1,135115364,135695643,8.752107192478894e-07,0.006227056936238283,1785707.0,cis
D330041H03Rik,17.0,24548972.0,rs13482934,17,27985170,29917068,8.752182933319983e-07,0.006227056936238283,3436198.0,trans
Esd,14.0,75132125.0,D14Mit115,14,73244748,73244748,8.759818067736018e-07,0.006231072109656314,1887377.0,cis
Gm5321,7.0,5970624.0,rs3664096,13,75901604,80877111,8.766681189026872e-07,0.0062345364306626815,,trans
Plekhm2,4.0,141181650.0,D4Mit343,4,142301240,142301240,8.796593475712372e-07,0.00625438715767013,1119590.0,cis
Dph7,2.0,24817943.0,CEL-2_24053663,2,23949161,26223875,8.829824093816011e-07,0.006275739790468745,0.0,cis
Ogg1,6.0,113276996.0,rs6204829,6,115865552,116706746,8.830637366293163e-07,0.006275739790468745,2588556.0,trans
Kdm6b,11.0,69212010.0,rs13481087,11,69415411,70265537,8.835158138867945e-07,0.006277526541758328,203401.0,cis
Haus7,20.0,70682652.0,rs13483756,20,50304196,51078618,8.860402504904316e-07,0.006293800259980435,19604034.0,trans
Wtip,7.0,34894566.0,rs8251849,7,31505578,31794283,8.862085852070994e-07,0.006293800259980435,3100283.0,trans
Pla2g4e,2.0,119992148.0,rs6242654,2,107081147,109233749,8.881750354051503e-07,0.006306334240505299,10758399.0,trans
Gm2382,9.0,88583443.0,rs3693091,9,90299276,94380583,8.885877603034235e-07,0.0063078330765530466,1715833.0,cis
Adal,2.0,120966172.0,rs13476716,2,115487885,116411066,8.899569559069408e-07,0.006316119407126295,4555106.0,trans
Cbs,17.0,31749585.0,rs13482981,17,40708059,43226181,8.913013281732219e-07,0.0063242258449608,8958474.0,trans
Far1,7.0,120657376.0,rs3657482,7,121209198,121509575,8.94502349111882e-07,0.00634549946410979,551822.0,cis
Eapp,12.0,55774448.0,gnf12.057.133,12,60071017,60243672,8.949698251631857e-07,0.006347376372481763,4296569.0,trans
Dnal4,15.0,79591883.0,D15Mit189,15,82471605,82471605,8.965769697462468e-07,0.00635733344607484,2879722.0,trans
Cnpy4,5.0,138628707.0,rs8265855,5,138337848,139187687,8.975758975124997e-07,0.0063629743182126285,0.0,cis
Mall,2.0,127530126.0,rs3686617,2,122383806,125564678,8.982312935904816e-07,0.0063661778675405825,1965448.0,cis
Clip3,7.0,31077220.0,rs4226520,7,30566471,31205553,8.984472718249058e-07,0.006366266314913898,0.0,cis
Zfp738,13.0,67770426.0,rs13481874,13,73106373,73106373,8.98781152036946e-07,0.006366808049712818,5335947.0,trans
Apobec3,15.0,79722856.0,rs3667755,15,78741347,81745213,8.989307570888215e-07,0.006366808049712818,0.0,cis
4930578G10Rik,4.0,42749077.0,rs3707178,4,47049015,47049015,8.993040711145081e-07,0.006368010395820177,4299938.0,trans
Gpatch1,7.0,36061563.0,rs13479194,7,37555006,37568559,8.99657355321385e-07,0.006369070397853033,1493443.0,cis
Zfp953,13.0,67440245.0,rs13481861,13,68711508,69092648,9.019463447710081e-07,0.006383830529264271,1271263.0,cis
Cntn2,1.0,134406004.0,rs8256197,1,130485641,130485675,9.032406442049512e-07,0.0063897134964212825,3920329.0,trans
S100a11,3.0,93324417.0,CEL-3_75140206,3,74542042,75418536,9.033367967531935e-07,0.0063897134964212825,17905881.0,trans
Atp4a,7.0,31497249.0,rs8261944,7,31220797,31291333,9.033902710241294e-07,0.0063897134964212825,205916.0,cis
Cryz,3.0,154260163.0,gnf03.160.792,3,156992821,156992821,9.046573035454853e-07,0.006397228910115942,2732658.0,trans
Dpp7,2.0,25207807.0,rs13476419,2,33305486,34748651,9.068784228592107e-07,0.006411486168844067,8097679.0,trans
Slc39a2,14.0,52513315.0,rs6278789,14,50409368,52650880,9.075522988942989e-07,0.006414800692728196,0.0,cis
Serpina3h,12.0,105474436.0,rs3724260,12,105957285,105957285,9.079287740956696e-07,0.006416012092507915,482849.0,cis
Gabbr1,17.0,37182911.0,rs13482934,17,27985170,29917068,9.084642405388188e-07,0.006418346226371155,7265843.0,trans
Hspa12b,2.0,130953148.0,rs3686617,2,122383806,125564678,9.092569812217451e-07,0.006422496551447778,5388470.0,trans
Car12,9.0,66561549.0,rs3703662,9,68191195,68496533,9.099960988740144e-07,0.006424872776155738,1629646.0,cis
Rassf8,6.0,145768029.0,rs3695746,6,147673993,148546939,9.10010600271335e-07,0.006424872776155738,1905964.0,cis
LOC102643030,4.0,98939362.0,rs3687764,4,95416080,95416080,9.102095088315056e-07,0.006424872776155738,3523282.0,trans
Fbxo44,4.0,147526910.0,rs3718552,4,142466392,142466392,9.126608007263307e-07,0.006438845788038762,5060518.0,trans
Fbxo44,4.0,147526910.0,rs13478024,4,140884373,142095184,9.126608007263307e-07,0.006438845788038762,5431726.0,trans
Lrrc2,9.0,110854049.0,rs3676408,9,107733463,108704749,9.129225987152277e-07,0.006438845788038762,2149300.0,trans
Parvg,15.0,84155150.0,rs13482689,15,86437548,86803133,9.130123359280301e-07,0.006438845788038762,2282398.0,trans
Def8,8.0,125966886.0,rs6400423,8,129106325,129935306,9.135566805128679e-07,0.006441232638443061,3139439.0,trans
Tex14,11.0,87241183.0,rs13476138,1,141417668,141417668,9.13920672251635e-07,0.006442347082260269,,trans
Larp1,11.0,57873979.0,rs6313602,11,58819966,59042857,9.192999467012984e-07,0.006477186237483868,945987.0,cis
Arhgef15,11.0,68756656.0,rs3715924,11,67192419,67351936,9.194841383581221e-07,0.006477186237483868,1404720.0,cis
Arhgef15,11.0,68756656.0,UT_11_68.607315,11,68849650,69141399,9.194841383581221e-07,0.006477186237483868,92994.0,cis
Pold3,7.0,107230621.0,rs3658777,7,96762673,96762673,9.202951141029269e-07,0.006481439595491043,10467948.0,trans
Zfp446,7.0,13563197.0,rs13479126,7,12778970,12916540,9.209025153245328e-07,0.006484257630188699,646657.0,cis
Card10,15.0,78605566.0,rs3667755,15,78741347,81745213,9.220021148452314e-07,0.006490539282834272,135781.0,cis
Crocc,4.0,140572552.0,rs6386918,4,139323756,140081803,9.225402164600098e-07,0.006492866269647898,490749.0,cis
Zfp933,4.0,147197095.0,rs13478048,4,149683530,150459961,9.256459388191374e-07,0.00651325913849102,2486435.0,trans
Ndufa2,18.0,36902000.0,rs13483299,18,36279726,37850372,9.261912206147289e-07,0.00651563048133738,0.0,cis
Nubp2,17.0,25019562.0,CEL-17_29648158,17,31179361,31326531,9.285755861430287e-07,0.006530935555614989,6159799.0,trans
Sfrp1,8.0,24521990.0,rs3699118,8,18512782,22905816,9.294193338937924e-07,0.006535400583237303,1616174.0,cis
Nphp1,2.0,127566468.0,rs3708635,2,125704535,127840968,9.319400507513849e-07,0.006550718312508298,0.0,cis
Paqr8,1.0,20880689.0,rs3655978,1,13373071,14464945,9.320165048016627e-07,0.006550718312508298,6415744.0,trans
Ephb2,4.0,136209523.0,D4Mit339,4,133923341,133923341,9.33790907339621e-07,0.00656171556594664,2286182.0,trans
Dlg4,11.0,69830717.0,gnf11.079.978,11,75282894,76408655,9.34261305991076e-07,0.006563546748853559,5452177.0,trans
Neu2,1.0,89340227.0,rs13475970,1,90246345,91918244,9.3592271450034e-07,0.00657374253544533,906118.0,cis
Jund,8.0,73222848.0,rs6394046,8,64982540,69577204,9.361356376194775e-07,0.006573762143552652,3645644.0,trans
Cyb5r4,4.0,18771349.0,rs3672897,9,83587154,84973161,9.411615692791038e-07,0.006606955593624079,,trans
Vps18,2.0,119114493.0,UT_2_119.151187,2,118706767,121192484,9.412849310086847e-07,0.006606955593624079,0.0,cis
Gm26467,7.0,66837433.0,rs13479305,7,73316124,73426174,9.431349769527932e-07,0.006617658901943987,6478691.0,trans
Acp1,12.0,31578191.0,gnf12.033.545,12,35806047,36104892,9.43232887580086e-07,0.006617658901943987,4227856.0,trans
Impa1,3.0,10313540.0,rs13476970,3,10018673,10018673,9.438549727546931e-07,0.006620538651342279,294867.0,cis
Mysm1,4.0,94608732.0,rs3687764,4,95416080,95416080,9.4465766681996e-07,0.006624683681472383,807348.0,cis
LOC102631912,12.0,103206384.0,gnf12.100.410,12,103431463,103766711,9.475194810220261e-07,0.0066412541355592184,225079.0,cis
N4bp2l1,5.0,151374219.0,rs3682996,1,175676881,177366983,9.475969340681324e-07,0.0066412541355592184,,trans
AA415398,4.0,119202906.0,UT_4_121.927901,4,122536809,123885163,9.478697133763295e-07,0.0066412541355592184,3333903.0,trans
AA415398,4.0,119202906.0,rs3677161,4,124517596,124745401,9.478697133763295e-07,0.0066412541355592184,5314690.0,trans
Zfp788,7.0,48888901.0,rs13479226,7,52843651,53422379,9.481912471688123e-07,0.006642019389437191,3954750.0,trans
Lad1,1.0,137715175.0,rs13459051,1,132747530,134993250,9.502209968214793e-07,0.006654747565419524,2721925.0,trans
Tmco6,18.0,36894722.0,rs3676196,18,43083464,43083464,9.505982045167053e-07,0.006655615745893617,6188742.0,trans
Focad,4.0,87767203.0,rs3687764,4,95416080,95416080,9.507704587954697e-07,0.006655615745893617,7648877.0,trans
Cdh7,1.0,111878904.0,rs4222552,1,108290875,108527642,9.521061570026024e-07,0.006663474902137054,3351262.0,trans
Gga3,11.0,115445569.0,gnf11.125.992,11,117108177,117108177,9.548668990443204e-07,0.006681301720773848,1662608.0,cis
LOC102637749,17.0,42864122.0,rs13482947,17,31769796,31769796,9.562978483647293e-07,0.006689817951239538,11094326.0,trans
Hdhd3,4.0,62160046.0,rs13477804,4,81604581,81934380,9.56619404377301e-07,0.006690571305842183,19444535.0,trans
Far1,7.0,120657376.0,rs3726501,7,118971889,119466660,9.579877047835189e-07,0.00669625926741903,1190716.0,cis
Far1,7.0,120657376.0,rs6280792,7,120195001,120696710,9.579877047835189e-07,0.00669625926741903,0.0,cis
Tmco6,18.0,36894722.0,rs8255038,18,34420259,36214168,9.582554682555952e-07,0.00669625926741903,680554.0,cis
C4b,17.0,34865325.0,rs3672987,17,33247165,35667114,9.582888588079367e-07,0.00669625926741903,0.0,cis
Trim3,7.0,112758984.0,CEL-7_88290939,7,108094541,111033533,9.593404734589087e-07,0.006700614311531654,1725451.0,cis
Trim3,7.0,112758984.0,rs3023151,7,103823533,107944155,9.593404734589087e-07,0.006700614311531654,4814829.0,trans
Xaf1,11.0,72115165.0,rs3695202,11,64515287,64515287,9.596907055157748e-07,0.006701564325251775,7599878.0,trans
Klhl1,14.0,96504484.0,rs3688189,14,96963866,100005238,9.60381922672816e-07,0.006704894498206834,459382.0,cis
Nit1,1.0,173268754.0,rs13476241,1,174792335,175262195,9.610742310110322e-07,0.006707971831184861,1523581.0,cis
Gatm,2.0,122420208.0,rs3686617,2,122383806,125564678,9.612515503653757e-07,0.006707971831184861,0.0,cis
Ndufaf1,2.0,119481182.0,UT_2_119.151187,2,118706767,121192484,9.621908861900255e-07,0.006713029425590884,0.0,cis
Tsc2,17.0,24732882.0,rs13482947,17,31769796,31769796,9.636903525705346e-07,0.006721991821532402,7036914.0,trans
Ehd3,17.0,74154204.0,rs6322076,17,72598864,75262850,9.670650734546077e-07,0.006744027695708276,0.0,cis
Ush1c,7.0,53450720.0,rs8260975,7,53682778,53682778,9.6756053825456e-07,0.006745979136737333,232058.0,cis
Gm22289,7.0,67049641.0,CEL-7_36442524,7,56254113,56537917,9.681142808385072e-07,0.006748335939173078,10511724.0,trans
Abhd10,16.0,45730030.0,rs4189478,16,57552272,59838934,9.710553258832124e-07,0.0067673289114447335,11822242.0,trans
Dnajc19,3.0,33956680.0,rs6274061,3,38788807,38788982,9.725903508690318e-07,0.0067765169879160205,4832127.0,trans
Cd59a,2.0,103936010.0,rs3670719,13,69230931,70148388,9.729039899252475e-07,0.006777192868938985,,trans
Gm22289,7.0,67049641.0,rs6405142,7,75725583,76126377,9.732945330511778e-07,0.006778404039074258,8675942.0,trans
Hdac1,17.0,78890904.0,rs6355837,4,129390618,129630775,9.748667561077732e-07,0.006786133751806803,,trans
Serpina3h,12.0,105474436.0,rs6310820,12,101866284,103122572,9.7505518353897e-07,0.006786133751806803,2351864.0,trans
Serpina3h,12.0,105474436.0,rs6177548,12,101182677,101182677,9.7505518353897e-07,0.006786133751806803,4291759.0,trans
Gm10568,1.0,3670652.0,rs3701757,13,16276331,17504406,9.76245907963071e-07,0.0067929096734938785,,trans
Jund,8.0,73222848.0,rs3722665,8,75068927,77417178,9.767804553611489e-07,0.006795117789063627,1846079.0,cis
Tmem18,12.0,31269336.0,gnf12.033.545,12,35806047,36104892,9.779444433038485e-07,0.006801702745611825,4536711.0,trans
Ildr2,1.0,168184552.0,rs13476267,1,182213911,184421782,9.784033355034782e-07,0.006802947820544748,14029359.0,trans
Actr5,2.0,158450649.0,gnf02.161.674,2,158566515,158683924,9.78558374209377e-07,0.006802947820544748,115866.0,cis
Sfi1,11.0,3031884.0,rs3023025,4,142772319,142772319,9.788301600489744e-07,0.006803325428384688,,trans
Rps19-ps3,4.0,147195886.0,rs6316136,4,142959727,144118897,9.791270246938454e-07,0.006803877139130474,3076989.0,trans
Wsb2,5.0,117807314.0,rs13459088,5,111078136,111778516,9.794795556195474e-07,0.006804815339565063,6028798.0,trans
Zfp457,13.0,67393386.0,gnf13.057.762,13,59805606,59805606,9.800983055027467e-07,0.00680760223664964,7587780.0,trans
Cnot8,8.0,74228125.0,rs6371333,11,57945936,57945936,9.805208241955781e-07,0.006809025209343481,,trans
Pih1d1,7.0,52409724.0,rs6206014,7,47861154,47861154,9.833269689435805e-07,0.00682586013112098,4548570.0,trans
Gm23933,7.0,66645190.0,rs13479305,7,73316124,73426174,9.833814849576124e-07,0.00682586013112098,6670934.0,trans
Fbxw5,2.0,25356298.0,rs6193345,2,23199300,23199300,9.863691086957086e-07,0.006845079097030956,2156998.0,trans
Srp54b,12.0,56181442.0,rs13481466,12,57107315,58773265,9.88526967400742e-07,0.006857940374288732,925873.0,cis
Sntg1,1.0,8352742.0,rs6298633,1,6820242,11259433,9.886608365184663e-07,0.006857940374288732,0.0,cis
Mela,8.0,125949778.0,rs6355445,9,69810186,70880254,9.919869412458695e-07,0.006876993129059033,,trans
Tmem107,11.0,68884311.0,rs3715924,11,67192419,67351936,9.9206701049613e-07,0.006876993129059033,1532375.0,cis
Tmem107,11.0,68884311.0,UT_11_68.607315,11,68849650,69141399,9.9206701049613e-07,0.006876993129059033,0.0,cis
Rbm46,3.0,82641155.0,rs3159432,3,100191842,100523616,9.92828161340679e-07,0.0068807447650591986,17550687.0,trans
Manba,3.0,135148575.0,rs4221957,3,129527944,132189066,9.937026240202503e-07,0.006885131220284559,2959509.0,trans
Baalc,15.0,38765446.0,rs13482529,15,38955763,42338284,9.939012553173292e-07,0.006885131220284559,190317.0,cis
Plscr4,9.0,92352216.0,rs3725272,9,95050078,95050078,9.943287195082653e-07,0.006886145535284546,2697862.0,trans
Epha6,16.0,59653309.0,rs4189478,16,57552272,59838934,9.944879101768223e-07,0.006886145535284546,0.0,cis
Serpina1a,12.0,105091669.0,rs3663596,12,106091063,106091063,9.953792100817052e-07,0.006890791988413306,999394.0,cis
Gm10590,4.0,42472325.0,rs13477695,4,49784163,50695666,9.958857151379995e-07,0.006891159594386954,7311838.0,trans
Gm10590,4.0,42472325.0,CEL-4_51526276,4,52294103,54911506,9.958857151379995e-07,0.006891159594386954,9821778.0,trans
Catsperg1,7.0,30482238.0,CEL-7_20141278,7,31950331,35185656,9.960931423581785e-07,0.006891159594386954,1468093.0,cis
Ssr2,3.0,88383593.0,rs13477251,3,88658602,90219227,9.979563430246319e-07,0.0069023002712302085,275009.0,cis
Trim12c,7.0,111488390.0,rs13459173,7,112784815,114369537,9.98144754903041e-07,0.0069023002712302085,1296425.0,cis
Serpina3n,12.0,105644939.0,D12Mit231,12,101804026,101804026,1.001709075491735e-06,0.006925417192552688,3840913.0,trans
Nmbr,10.0,14480027.0,rs4228121,10,13407602,14123191,1.0024440677461316e-06,0.006928967372469531,356836.0,cis
5830403L16Rik,1.0,155696672.0,rs6181202,1,156456243,159872935,1.0051064024563247e-06,0.006945834974450668,759571.0,cis
Tstd2,4.0,46127618.0,rs3707178,4,47049015,47049015,1.005853639919957e-06,0.006949463679444207,921397.0,cis
Nudt19,7.0,36332204.0,rs8251849,7,31505578,31794283,1.0068311000535242e-06,0.006954681044006416,4537921.0,trans
BC026585,1.0,159388711.0,rs13476138,1,141417668,141417668,1.0073627036440548e-06,0.0069568170329988915,17971043.0,trans
Prex1,2.0,166391845.0,rs6185704,2,164779025,164779025,1.0076222668342379e-06,0.006957073790833496,1612820.0,cis
Fam132a,4.0,155336427.0,rs6181146,4,153428156,153804167,1.0084990487993375e-06,0.0069615910488955695,1532260.0,cis
S100a11,3.0,93324417.0,rs13477204,3,75866499,81433732,1.0100844994671807e-06,0.006970997120056972,11890685.0,trans
3110052M02Rik,17.0,21794171.0,rs13482930,17,26950947,27588409,1.0107212393515356e-06,0.006973691437830979,5156776.0,trans
BC030307,10.0,86168557.0,CEL-10_86185623,10,85914426,86348598,1.010920731626705e-06,0.006973691437830979,0.0,cis
Ppm1m,9.0,106096503.0,rs3657415,9,105983686,106321565,1.0134274754864878e-06,0.006989442628038614,0.0,cis
Zfp27,7.0,30678356.0,rs13479163,7,27852866,27852866,1.0137026632853033e-06,0.006989799591919758,2825490.0,trans
Gm10509,17.0,21828827.0,CEL-17_20354682,17,21827381,23003494,1.0148250913030985e-06,0.006995997099665124,0.0,cis
Mns1,9.0,72286342.0,rs6355445,9,69810186,70880254,1.0184686178315749e-06,0.007019567986296411,1406088.0,cis
Cdh20,1.0,106665106.0,gnf01.103.869,1,105918405,107242004,1.021970090970578e-06,0.0070409740981817286,0.0,cis
Gba2,4.0,43579800.0,D4Mit286,4,43209772,43209772,1.022024561012448e-06,0.0070409740981817286,370028.0,cis
C530030P08Rik,11.0,32625889.0,rs3664950,11,35986497,36449998,1.022607727241971e-06,0.007043440594230135,3360608.0,trans
Mul1,4.0,137990587.0,rs13478023,4,140528838,140755878,1.0238193898265381e-06,0.007050233961484779,2538251.0,trans
Gprc5b,7.0,126115561.0,D7Mit330,7,126800204,127836780,1.0266588278335356e-06,0.007068231073118487,684643.0,cis
Nphp1,2.0,127566468.0,rs6411422,2,128199226,129125488,1.0278320785256983e-06,0.007074751600632247,632758.0,cis
Cdk5rap1,2.0,154161116.0,CEL-2_135876979,2,135953692,136253017,1.0285846466906874e-06,0.007078374263520724,17908099.0,trans
Vars2,17.0,35792579.0,rs13482930,17,26950947,27588409,1.0295844997799012e-06,0.007083696690565519,8204170.0,trans
Tgm7,2.0,120919325.0,UT_2_119.151187,2,118706767,121192484,1.0322489224498614e-06,0.007100466748762511,0.0,cis
Fam154b,7.0,89781470.0,rs13479334,7,80485399,81203871,1.0335522892205079e-06,0.007107869281024328,8577599.0,trans
Pop1,15.0,34425078.0,rs6278789,14,50409368,52650880,1.0344864442940117e-06,0.007111635838156588,,trans
Gm25874,7.0,66706485.0,gnf07.050.858,7,63779524,65367119,1.0345546320783005e-06,0.007111635838156588,1339366.0,cis
Jund,8.0,73222848.0,UT_6_76.003706,8,77908172,78222251,1.0347830805681449e-06,0.007111643561624682,4685324.0,trans
Zfp658,7.0,50820009.0,rs3719256,7,51794017,52261292,1.0350835251044045e-06,0.007112145972591335,974008.0,cis
Pgpep1,8.0,73172976.0,rs3717251,8,64089398,64687181,1.0381177852616257e-06,0.007131428315226795,8485795.0,trans
Nubp2,17.0,25019562.0,rs13482873,17,11606730,21646617,1.0387404211209884e-06,0.007134138993723024,3372945.0,trans
Actr6,10.0,89174715.0,rs6221944,10,89118121,90880555,1.0411454116559554e-06,0.0071490871270706415,0.0,cis
Olfml1,7.0,114710960.0,rs3724540,7,114542346,114746367,1.0417719774226699e-06,0.0071506174344524,0.0,cis
Klhl5,5.0,65498820.0,gnf05.061.650,5,67739262,67964306,1.0418254168988896e-06,0.0071506174344524,2240442.0,trans
Gm17764,1.0,82819046.0,rs13476187,1,156052564,156052564,1.0428248633139022e-06,0.0071559072151471444,73233518.0,trans
Gng10,4.0,59048028.0,rs13477735,4,61518987,61518987,1.0435985944576903e-06,0.007158128470015902,2470959.0,trans
Rgl2,17.0,34066839.0,gnf17.005.541,17,8688392,9032964,1.043606186736285e-06,0.007158128470015902,25033875.0,trans
Lcmt2,2.0,120964276.0,rs8264884,2,130881868,131487026,1.0443606860224161e-06,0.007161733393712588,9917592.0,trans
Ptcd3,6.0,71830628.0,rs13478800,6,64766249,65067887,1.046333453687257e-06,0.0071736892168509795,6762741.0,trans
Gmip,8.0,72332586.0,rs6293022,8,74935354,74935354,1.0468681277891732e-06,0.007175581527520765,2602768.0,trans
Slc22a6,19.0,8692529.0,rs6413006,19,10249021,10249021,1.0470681980563605e-06,0.007175581527520765,1556492.0,cis
Ncaph,2.0,126929562.0,rs13476740,2,121412769,122144319,1.0478445833745143e-06,0.007179329423376948,4785243.0,trans
Fars2,13.0,36209280.0,rs13481760,13,35701496,35701496,1.0482062347273717e-06,0.0071802347415585496,507784.0,cis
Sipa1l1,12.0,83270433.0,gnf12.078.433,12,81069516,83911344,1.050167069246449e-06,0.007192091703588244,0.0,cis
Dpp7,2.0,25207807.0,rs3709811,2,37512633,39670020,1.0515578741727787e-06,0.00720004046996792,12304826.0,trans
4932438H23Rik,16.0,91054180.0,rs4214924,16,88033028,88183108,1.0547316931163405e-06,0.007220191423437523,2871072.0,trans
BC018473,11.0,116616604.0,rs13481243,11,114532622,116490388,1.0574203492322715e-06,0.0072370130926971005,126216.0,cis
Rsg1,4.0,140770276.0,rs6316136,4,142959727,144118897,1.0585586826534793e-06,0.007243219274241218,2189451.0,trans
Haus8,8.0,73775023.0,rs6293022,8,74935354,74935354,1.0591474251545523e-06,0.007245662971641499,1160331.0,cis
Rpsa,3.0,149735535.0,gnf12.035.312,12,37595107,39358621,1.0608824349972997e-06,0.007255945539363256,,trans
Fam71e1,7.0,51751871.0,gnf07.032.889,7,48180543,51065291,1.0612240769075096e-06,0.007256695702356737,686580.0,cis
Gm10654,8.0,73455693.0,rs13479859,8,84568955,85463661,1.0618594572908052e-06,0.00725945369480345,11113262.0,trans
Ptpro,6.0,137200855.0,rs13479065,6,136698275,137509362,1.063415221537898e-06,0.007268501356279614,0.0,cis
AA415398,4.0,119202906.0,gnf04.110.583,4,114507956,118116038,1.0637905724783083e-06,0.007269478637784564,1086868.0,cis
Parp2,14.0,51427621.0,rs3666583,14,52760254,54864244,1.0656992597206054e-06,0.007279489519422201,1332633.0,cis
Cyp2r1,7.0,121693678.0,rs6241342,7,126326146,126553480,1.0657209108743058e-06,0.007279489519422201,4632468.0,trans
Snrpe,1.0,135500448.0,rs13476045,1,110960852,117320811,1.0663318321174709e-06,0.007282072492300205,18179637.0,trans
Spag8,4.0,43664332.0,rs3694836,4,45985764,46553371,1.0703173129907893e-06,0.0073076944683981345,2321432.0,trans
Has1,17.0,17980293.0,rs13482864,17,9565936,10166446,1.0713083590329762e-06,0.007312592893399918,7813847.0,trans
Eid1,2.0,125498831.0,rs3686617,2,122383806,125564678,1.071502254642677e-06,0.007312592893399918,0.0,cis
LOC102642717,11.0,58660660.0,rs3023260,11,57088038,57644775,1.0721975621014262e-06,0.0073157421709637675,1015885.0,cis
Gpnmb,6.0,48986624.0,rs3716680,6,51745790,51745790,1.0724408663369593e-06,0.00731580667134001,2759166.0,trans
Gm13375,2.0,20891520.0,rs13476350,2,11707492,11707492,1.0727237700669742e-06,0.007316141218240385,9184028.0,trans
Gabrb2,11.0,42233259.0,rs3664950,11,35986497,36449998,1.0743631280533655e-06,0.007325724829713465,5783261.0,trans
Bai1,15.0,74346626.0,CEL-15_83283496,15,82755972,82755972,1.0763155337418847e-06,0.007337438367421153,8409346.0,trans
Gm6970,19.0,47244959.0,rs13483649,19,47218629,47938807,1.0790929831059393e-06,0.007354770048314472,0.0,cis
Crnde,8.0,94849937.0,rs13479891,8,90839695,91839246,1.0801697032458216e-06,0.007360505049912576,3010691.0,trans
Gzmk,13.0,113961816.0,rs3657414,13,117326958,117893377,1.0807616037272551e-06,0.007362934609328663,3365142.0,trans
Trim30d,7.0,111620222.0,CEL-7_79063914,7,98979741,99797453,1.0823452640456255e-06,0.007370513502021222,11822769.0,trans
Trim30d,7.0,111620222.0,rs13479395,7,97208893,98602160,1.0823452640456255e-06,0.007370513502021222,13018062.0,trans
Surf4,2.0,26775559.0,rs6223362,6,92570487,93203461,1.0826802524080727e-06,0.0073711901674920035,,trans
Gm9936,5.0,115307081.0,CEL-5_106241511,5,109222883,110483930,1.0854112879367587e-06,0.0073881759488104454,4823151.0,trans
Mcmdc2,1.0,9898719.0,rs3670611,1,20623898,20623898,1.0880183816644555e-06,0.007403876182310217,10725179.0,trans
Sfr1,19.0,47785109.0,rs13483633,19,42643144,44650782,1.088191172147694e-06,0.007403876182310217,3134327.0,trans
Dnajc19,3.0,33956680.0,rs3151902,3,36502923,36502923,1.0886765838022481e-06,0.007405568238050094,2546243.0,trans
C1qbp,11.0,70791309.0,UT_11_70.128831,11,70371167,72266233,1.0911818227201255e-06,0.007418194958076019,0.0,cis
Adal,2.0,120966172.0,rs3708635,2,125704535,127840968,1.0912596246788595e-06,0.007418194958076019,4738363.0,trans
Coq9,8.0,97362317.0,rs13479907,8,91905250,91905250,1.0913380239012162e-06,0.007418194958076019,5457067.0,trans
Car2,3.0,14886706.0,rs13476987,3,15318017,16350289,1.0914813062231119e-06,0.007418194958076019,431311.0,cis
Snapin,3.0,90291841.0,UT_3_93.299511,3,90413739,95488017,1.0921894687560233e-06,0.007421395651885099,121898.0,cis
Crat,2.0,30255996.0,rs13476464,2,43538350,44257293,1.0935636898132358e-06,0.007426127263598754,13282354.0,trans
Smarcd3,5.0,24098440.0,CEL-5_24068097,5,25161103,25303743,1.0935913074805132e-06,0.007426127263598754,1062663.0,cis
Gm25134,7.0,19827479.0,rs3664781,12,60476553,65488803,1.0936655837272265e-06,0.007426127263598754,,trans
Zfp369,13.0,65380122.0,rs13481845,13,63061924,64072990,1.094072696285086e-06,0.007426127263598754,1307132.0,cis
Zfp369,13.0,65380122.0,rs6220659,13,64303979,65397885,1.094072696285086e-06,0.007426127263598754,0.0,cis
Sdhaf1,7.0,31106428.0,rs4226520,7,30566471,31205553,1.0974438276451383e-06,0.007447393315936352,0.0,cis
Mall,2.0,127530126.0,UT_2_119.151187,2,118706767,121192484,1.099025417245354e-06,0.007456508720076523,6337642.0,trans
Eqtn,4.0,94573984.0,CEL-4_74066970,4,75438628,75493224,1.101697737258642e-06,0.007473018796724908,19080760.0,trans
Tmco6,18.0,36894722.0,rs13483314,18,40103728,41821108,1.10198752060123e-06,0.007473364033365451,3209006.0,trans
Slitrk6,14.0,111147807.0,rs13482372,14,111514481,111514481,1.1029769089671636e-06,0.0074784526131483646,366674.0,cis
Myoc,1.0,164569297.0,rs3709811,2,37512633,39670020,1.1038551000231084e-06,0.007482785206166311,,trans
Far1,7.0,120657376.0,mCV24779699,7,122555415,123277780,1.1063818794680504e-06,0.0074982889104950054,1898039.0,cis
Pgm1,5.0,64484189.0,rs13478294,5,63821509,65070490,1.1085409183059947e-06,0.007510405212744775,0.0,cis
2810025M15Rik,1.0,159342483.0,UT_1_169.988189,1,168323143,169017891,1.1086497978060566e-06,0.007510405212744775,8980660.0,trans
Ulk4,9.0,120869386.0,rs8254393,9,123878248,124039192,1.1118804718783438e-06,0.007530660279009269,3008862.0,trans
Gm15446,5.0,110369445.0,rs3677428,5,107349228,107412225,1.114597772670801e-06,0.00754650735385058,2957220.0,trans
Hebp2,10.0,18259929.0,rs4228121,10,13407602,14123191,1.1147026980507423e-06,0.00754650735385058,4136738.0,trans
Lcmt2,2.0,120964276.0,CEL-2_135876979,2,135953692,136253017,1.1155558927597187e-06,0.007550649473099547,14989416.0,trans
Gm5177,10.0,10332849.0,gnf06.122.747,6,124006512,125515888,1.1182786951853196e-06,0.007567441518710257,,trans
5830428H23Rik,19.0,61134110.0,UT_4_59.889299,19,60157522,61116699,1.1186768254289757e-06,0.007568498543653556,17411.0,cis
Haus8,8.0,73775023.0,rs6394046,8,64982540,69577204,1.119509923978527e-06,0.007572497288475835,4197819.0,trans
Sult2b1,7.0,52985353.0,rs6206014,7,47861154,47861154,1.1206794339075727e-06,0.0075765228341170285,5124199.0,trans
Stab2,10.0,86303943.0,rs6221944,10,89118121,90880555,1.120685321428508e-06,0.0075765228341170285,2814178.0,trans
Ivd,2.0,118687718.0,rs6265656,2,156689630,158441351,1.120831610984513e-06,0.0075765228341170285,38001912.0,trans
Foxred1,9.0,35011793.0,rs3023208,9,40929720,40929720,1.1214779488151e-06,0.007579254210135501,5917927.0,trans
Otud7a,7.0,70589658.0,CEL-7_36442524,7,56254113,56537917,1.1231450451832362e-06,0.007588881481249339,14051741.0,trans
Pdik1l,4.0,133830917.0,rs3664871,4,132410010,133808951,1.1241109448333104e-06,0.007592128347855947,21966.0,cis
Pdik1l,4.0,133830917.0,rs3663950,4,135285446,135525152,1.1241109448333104e-06,0.007592128347855947,1454529.0,cis
Cntnap5a,1.0,117581714.0,rs13476045,1,110960852,117320811,1.1245156624052126e-06,0.007593222471488267,260903.0,cis
Tmem159,7.0,127245940.0,gnf07.114.758,7,124952038,125798534,1.124870499595769e-06,0.007593979381397715,1447406.0,cis
Serpina3h,12.0,105474436.0,gnf12.100.410,12,103431463,103766711,1.1258211316410563e-06,0.007598757296662538,1707725.0,cis
Ccnb1ip1,14.0,51409488.0,rs6175724,14,46697706,47011325,1.1262572913680753e-06,0.007600061456211016,4398163.0,trans
Atg2a,19.0,6241668.0,gnf19.001.480,19,4609414,6372547,1.1286881748061079e-06,0.0076148226828316404,0.0,cis
Lrrc2,9.0,110854049.0,gnf09.106.408,9,109590965,110265341,1.129048456941885e-06,0.007615611009745354,588708.0,cis
Gm4793,1.0,137481350.0,rs13476148,1,144862429,144862429,1.1306818257447464e-06,0.007623488779865016,7381079.0,trans
Trav15n-1,14.0,53793956.0,mCV23384307,14,49708958,49708958,1.1307037439650125e-06,0.007623488779865016,4084998.0,trans
Ndufc2,7.0,104548587.0,rs3686975,7,117123258,117123258,1.1351373331464056e-06,0.007651350968790521,12574671.0,trans
Mpg,11.0,32126511.0,D11Mit79,11,19645820,19740965,1.1353253731031337e-06,0.007651350968790521,12385546.0,trans
Ptdss1,13.0,67033766.0,rs6220659,13,64303979,65397885,1.1363966340069634e-06,0.00765527230243734,1635881.0,cis
Ptdss1,13.0,67033766.0,rs13481845,13,63061924,64072990,1.1363966340069634e-06,0.00765527230243734,2960776.0,trans
Rfxank,8.0,72654705.0,rs13479814,8,70845435,74265398,1.1387411524817654e-06,0.0076694145524935555,0.0,cis
Trim3,7.0,112758984.0,rs3658777,7,96762673,96762673,1.1394757612823825e-06,0.007672710316797906,15996311.0,trans
Adh6b,3.0,138015342.0,rs13477412,3,132350866,133905167,1.1418861559260375e-06,0.007684016053044188,4110175.0,trans
Adh6b,3.0,138015342.0,UT_3_141.310761,3,137054608,137879711,1.1418861559260375e-06,0.007684016053044188,135631.0,cis
Comt,16.0,18407622.0,rs4161101,16,10701009,10786513,1.1418916412091465e-06,0.007684016053044188,7621109.0,trans
Fancd2,6.0,113481679.0,gnf06.112.868,6,113995964,114760449,1.1436303973709587e-06,0.007694061496419646,514285.0,cis
Zfp125,12.0,20905683.0,rs13481313,12,14876064,15561948,1.1461382952396894e-06,0.0077092761020511776,5343735.0,trans
Vps13d,4.0,144562623.0,rs3675987,4,147659225,148197078,1.1472065872081449e-06,0.007714803019286891,3096602.0,trans
Tmem87b,2.0,128644047.0,rs3686617,2,122383806,125564678,1.1475902762584618e-06,0.007715724691945504,3079369.0,trans
Tns1,1.0,74010486.0,D1Mit216,1,79802769,79802769,1.1487117926189252e-06,0.00772160562119315,5792283.0,trans
Ankrd45,1.0,163072871.0,rs13476267,1,182213911,184421782,1.1491451998741908e-06,0.007722859568967428,19141040.0,trans
Atp4a,7.0,31497249.0,rs4226520,7,30566471,31205553,1.160775379038317e-06,0.007799345007195478,291696.0,cis
Zfp458,13.0,67355854.0,rs3670719,13,69230931,70148388,1.16238993740778e-06,0.007808516270517953,1875077.0,cis
Dgkh,14.0,78969871.0,rs13482251,14,73363689,73375489,1.1632579559136616e-06,0.007811364058218894,5594382.0,trans
Gdf1,8.0,72839673.0,rs4227253,8,77650955,77650955,1.1633132475013565e-06,0.007811364058218894,4811282.0,trans
Gm23660,7.0,66666303.0,rs3693478,7,67179979,70463288,1.164569047021613e-06,0.00781811837708161,513676.0,cis
Ociad1,5.0,73684063.0,rs13478294,5,63821509,65070490,1.1657414442200495e-06,0.007824310011818594,8613573.0,trans
Fpr2,17.0,18024788.0,CEL-17_21879142,17,23322637,26350810,1.1705686016732633e-06,0.00785502401992751,5297849.0,trans
Ppib,9.0,65907976.0,gnf09.058.846,9,64463047,66564041,1.171361591348004e-06,0.00785865964108174,0.0,cis
Idua,5.0,109098330.0,rs3719767,5,115597884,116556465,1.1722561914089854e-06,0.007862975260682569,6499554.0,trans
Lonp2,8.0,89148006.0,rs13479879,8,89032866,89627140,1.173216580408631e-06,0.007867730218535115,0.0,cis
Vangl2,1.0,173932721.0,rs8242766,1,172981863,174164127,1.1746690437878933e-06,0.00787578234047074,0.0,cis
Eif3m,2.0,104839813.0,rs6208879,2,109622852,111930241,1.1758166619401306e-06,0.007881787559396078,4783039.0,trans
LOC102639120,7.0,50253762.0,rs13481861,13,68711508,69092648,1.1763135168904866e-06,0.007883428914486667,,trans
Mall,2.0,127530126.0,rs3708635,2,125704535,127840968,1.1769888066404558e-06,0.007886265146375054,0.0,cis
Nnt,13.0,120123124.0,rs13482038,13,120059029,120203851,1.1784213264051637e-06,0.007894172801421875,0.0,cis
Gm10654,8.0,73455693.0,rs13479879,8,89032866,89627140,1.1788413199760762e-06,0.007895295671340674,15577173.0,trans
Nmnat2,1.0,154802231.0,rs6181202,1,156456243,159872935,1.1833600374559334e-06,0.007923863408889798,1654012.0,cis
B2m,2.0,121973423.0,rs8264884,2,130881868,131487026,1.1855677826093953e-06,0.007936947795264352,8908445.0,trans
Phgdh,3.0,98117093.0,mCV25367221,3,100965174,101413916,1.1880359046199965e-06,0.007951133640356994,2848081.0,trans
Cx3cl1,8.0,97296080.0,gnf08.091.954,8,93172237,93194487,1.1881950873192344e-06,0.007951133640356994,4101593.0,trans
Gabbr1,17.0,37182911.0,CEL-17_21879142,17,23322637,26350810,1.1886278494290485e-06,0.007952328553981912,10832101.0,trans
Aox3,1.0,58169980.0,gnf01.044.538,1,47261017,53068366,1.1911470547716527e-06,0.007967478993850953,5101614.0,trans
Hhipl1,12.0,109544480.0,CEL-12_104545022,12,111035058,111535845,1.1933286598584115e-06,0.007980365260395233,1490578.0,cis
Rps7,19.0,9290870.0,rs6238712,12,28507708,29676794,1.1959177920218564e-06,0.007995970766794227,,trans
Lyplal1,1.0,187911759.0,CEL-1_188885303,1,190852997,190852997,1.197766606275717e-06,0.00800662085640885,2941238.0,trans
Pdxdc1,16.0,13834023.0,rs4165334,16,23467678,23737062,1.1993505278122132e-06,0.008015496065413706,9633655.0,trans
Trav15n-1,14.0,53793956.0,D14Mit63,14,56051955,56051955,1.2045153002511502e-06,0.008048293904476889,2257999.0,trans
Itpripl2,7.0,125629325.0,gnf07.114.758,7,124952038,125798534,1.2066966713321452e-06,0.008061147592142156,0.0,cis
Chga,12.0,103793179.0,gnf12.100.410,12,103431463,103766711,1.2095206053220774e-06,0.008078287415637,26468.0,cis
Spg11,2.0,121879262.0,rs3686617,2,122383806,125564678,1.2107618133927448e-06,0.008084851283932134,504544.0,cis
Pcsk5,19.0,17507883.0,rs13483543,19,16497187,16497187,1.21222116607991e-06,0.008092868698637973,1010696.0,cis
Gm10476,12.0,18911782.0,rs13481313,12,14876064,15561948,1.2126095566644507e-06,0.008093734403825536,3349834.0,trans
Rbm34,8.0,129471070.0,rs6400423,8,129106325,129935306,1.213265421941315e-06,0.00809581541091631,0.0,cis
Sepn1,4.0,134093807.0,rs13478053,4,150659779,152699720,1.2134389030685668e-06,0.00809581541091631,16565972.0,trans
Gm24044,9.0,120037898.0,rs13459114,9,121825028,121825028,1.2140013070089495e-06,0.008097318869536612,1787130.0,cis
Fopnl,16.0,14299337.0,rs4162066,16,11840922,11840922,1.214440745160194e-06,0.008097318869536612,2458415.0,trans
Fopnl,16.0,14299337.0,rs4162800,16,12472871,13902480,1.214440745160194e-06,0.008097318869536612,396857.0,cis
Gm22578,6.0,149001039.0,rs4230714,15,44206758,44717039,1.2157383053240187e-06,0.008104243142492787,,trans
4930466F19Rik,4.0,42594761.0,CEL-4_51526276,4,52294103,54911506,1.2166540804069252e-06,0.008106892911083696,9699342.0,trans
4930466F19Rik,4.0,42594761.0,rs13477695,4,49784163,50695666,1.2166540804069252e-06,0.008106892911083696,7189402.0,trans
Gm9903,5.0,33972574.0,rs6256504,5,40155692,42201444,1.218171703941466e-06,0.008115276750852472,6183118.0,trans
Fgf7,2.0,125860520.0,UT_2_119.151187,2,118706767,121192484,1.219746100325462e-06,0.00812403515241694,4668036.0,trans
Cpsf3l,4.0,155243676.0,rs3693087,4,155495857,155557886,1.2213400813039216e-06,0.008132920239496728,252181.0,cis
Igtp,11.0,58013058.0,rs3668680,11,55886003,56329568,1.2222802166631344e-06,0.008137448504571071,1683490.0,cis
Vmn1r86,7.0,13687472.0,rs13483499,19,3413095,3717263,1.2239598621864908e-06,0.008146897155488476,,trans
Olfml1,7.0,114710960.0,rs13479451,7,114512549,114512549,1.2253478756312745e-06,0.008154401043873872,198411.0,cis
Dhrsx,,,rs3693087,4,155495857,155557886,1.2260997906946052e-06,0.008157669556078351,,unknown
Cenpb,2.0,131003025.0,rs3686617,2,122383806,125564678,1.2327616181142092e-06,0.008200249025753637,5438347.0,trans
Ivd,2.0,118687718.0,rs6291774,2,154372104,154520256,1.2334995489351146e-06,0.008203413399206074,35684386.0,trans
Cx3cl1,8.0,97296080.0,rs3666069,8,98229000,98229000,1.2362691129770829e-06,0.008220084973167749,932920.0,cis
Crtc3,7.0,87733045.0,rs13479339,7,81491657,87777473,1.241315324454678e-06,0.008248951265468497,0.0,cis
Lad1,1.0,137715175.0,rs13476098,1,128464783,128523838,1.2414015296431185e-06,0.008248951265468497,9191337.0,trans
Lad1,1.0,137715175.0,rs13476083,1,123358516,128188953,1.2414015296431185e-06,0.008248951265468497,9526222.0,trans
Amdhd2,17.0,24292800.0,rs13482934,17,27985170,29917068,1.242063797987792e-06,0.008251599276106348,3692370.0,trans
Lrrc8b,5.0,105844794.0,rs13478442,5,106769482,107112542,1.2424771852977038e-06,0.008252593082548597,924688.0,cis
4930505A04Rik,11.0,30326004.0,rs3707185,11,19879676,20329768,1.2443086496092568e-06,0.008263003403220944,9996236.0,trans
Ucp3,7.0,107621500.0,rs3658777,7,96762673,96762673,1.2446388273450935e-06,0.008263441920214339,10858827.0,trans
Tnfrsf8,4.0,144858879.0,rs13478024,4,140884373,142095184,1.2452405037713777e-06,0.008263928977735884,2763695.0,trans
Tnfrsf8,4.0,144858879.0,rs3718552,4,142466392,142466392,1.2452405037713777e-06,0.008263928977735884,2392487.0,trans
Lmcd1,6.0,112223752.0,rs13478975,6,112093706,112800819,1.247803699297507e-06,0.008279183102395202,0.0,cis
Dars2,1.0,162970732.0,rs13476208,1,163955813,164935095,1.2481069279068832e-06,0.008279439046979987,985081.0,cis
Mical2,7.0,119369370.0,rs3674465,7,119879435,120077980,1.2523340914648588e-06,0.008305678501565859,510065.0,cis
Fopnl,16.0,14299337.0,rs4165065,16,17412172,17412172,1.2528264490241714e-06,0.008305678501565859,3112835.0,trans
Tmem132b,5.0,126229605.0,rs13478518,5,128264975,128826722,1.252858944424557e-06,0.008305678501565859,2035370.0,trans
Cox7a2l,17.0,83901271.0,gnf17.082.284,17,81351601,81351601,1.256123429826982e-06,0.008325555754318873,2549670.0,trans
Golga7b,19.0,42322064.0,rs3710829,19,38242986,39682640,1.2587338203646487e-06,0.008341090179632155,2639424.0,trans
Scg5,2.0,113616524.0,rs13476676,2,103939709,106028947,1.2610138910082e-06,0.008354429600368385,7587577.0,trans
Ucp3,7.0,107621500.0,rs13459173,7,112784815,114369537,1.2627123451035258e-06,0.008363910880581532,5163315.0,trans
Gm10560,4.0,155395712.0,rs13478067,4,154365178,154599781,1.2642441189146682e-06,0.008372284329245545,795931.0,cis
Wrn,8.0,34344845.0,CEL-8_26907016,8,29180211,29872349,1.266476338893397e-06,0.00838529186113283,4472496.0,trans
Gm10509,17.0,21828827.0,CEL-17_21879142,17,23322637,26350810,1.2667940913004036e-06,0.008385620953188748,1493810.0,cis
Ythdc2,18.0,44988341.0,rs3683264,18,41940684,42908436,1.2678471878030644e-06,0.008390816531457946,2079905.0,trans
Klhl5,5.0,65498820.0,CEL-5_67747877,5,69527299,71133299,1.2695714679111189e-06,0.008400450973438868,4028479.0,trans
Acy1,9.0,106335321.0,rs3685576,9,108961892,109158530,1.2711600392063391e-06,0.008409183577900808,2626571.0,trans
Tsc2,17.0,24732882.0,CEL-17_20354682,17,21827381,23003494,1.271846506024535e-06,0.00841194600410377,1729388.0,cis
Gm13152,4.0,146881712.0,rs3023025,4,142772319,142772319,1.2765968958665385e-06,0.008441580218504757,4109393.0,trans
Vamp8,6.0,72335217.0,mhcCD8b4,6,71278246,75834707,1.2796352921981302e-06,0.008459883631519389,0.0,cis
Cox18,5.0,90643753.0,rs13478357,5,82835236,84702390,1.2816072651188217e-06,0.008471130495649992,5941363.0,trans
2810025M15Rik,1.0,159342483.0,CEL-1_152888326,1,154761280,155750989,1.287633439578332e-06,0.008509164291277304,3591494.0,trans
Atxn1,13.0,45646764.0,rs3688207,13,45454657,45641522,1.2879837782489458e-06,0.008509681893557301,5242.0,cis
Lamtor3,3.0,137581519.0,rs4221957,3,129527944,132189066,1.2911471469654684e-06,0.008528780983622567,5392453.0,trans
Slc39a2,14.0,52513315.0,mCV23384307,14,49708958,49708958,1.2929137592007246e-06,0.008538647565308928,2804357.0,trans
BC051142,17.0,34535765.0,rs13482942,17,30022647,31061912,1.2946432648136777e-06,0.008548264974677349,3473853.0,trans
Tmem144,3.0,79617057.0,UT_3_90.000791,3,87719794,88310086,1.2978579999859628e-06,0.008564102936160115,8102737.0,trans
Appbp2,11.0,85004808.0,rs3720112,11,87668082,88249193,1.298008107403338e-06,0.008564102936160115,2663274.0,trans
Szt2,4.0,118060348.0,UT_4_121.927901,4,122536809,123885163,1.2981369520832205e-06,0.008564102936160115,4476461.0,trans
Szt2,4.0,118060348.0,rs3677161,4,124517596,124745401,1.2981369520832205e-06,0.008564102936160115,6457248.0,trans
Gpatch1,7.0,36061563.0,rs6239372,7,35483870,35699898,1.2991208592361775e-06,0.008568786995552203,361665.0,cis
Esd,14.0,75132125.0,rs13482235,14,68529236,69379833,1.3029638159231587e-06,0.00859232292446788,5752292.0,trans
Chac1,2.0,119176992.0,rs13476740,2,121412769,122144319,1.303754490518518e-06,0.008595725069354665,2235777.0,trans
Cyb5d2,11.0,72590751.0,rs3662476,11,76761052,76824057,1.3052830742680466e-06,0.008603989831104717,4170301.0,trans
Tsc2,17.0,24732882.0,rs13482942,17,30022647,31061912,1.3075522922725089e-06,0.008616749895348932,5289765.0,trans
Senp3,11.0,69486612.0,rs3695202,11,64515287,64515287,1.3077697335925387e-06,0.008616749895348932,4971325.0,trans
Rnf150,8.0,85387255.0,rs13479846,8,79783027,79924634,1.3082852349087703e-06,0.0086183313265965,5462621.0,trans
Stard4,18.0,33361075.0,rs13483299,18,36279726,37850372,1.3086864432305396e-06,0.008618390425558394,2918651.0,trans
Ifih1,2.0,62435358.0,rs6314726,2,63950899,64580035,1.3088451829992813e-06,0.008618390425558394,1515541.0,cis
Pign,1.0,107417716.0,rs13476036,1,108755358,110723533,1.3113487949547891e-06,0.008633058927485308,1337642.0,cis
Kif17,4.0,137818166.0,rs3023025,4,142772319,142772319,1.3128839663363852e-06,0.00864134702199241,4954153.0,trans
C530005A16Rik,4.0,116268447.0,rs3659850,4,110966848,114284494,1.3163584495543021e-06,0.008662393413619157,1983953.0,cis
Snrnp25,11.0,32105415.0,gnf11.035.919,11,34953683,35696875,1.3184652437545132e-06,0.008674432667721851,2848268.0,trans
Pcsk5,19.0,17507883.0,rs3694495,19,19963542,20275351,1.3197643644876372e-06,0.008679329217530379,2455659.0,trans
Pcsk5,19.0,17507883.0,rs3023480,19,20420531,20717814,1.3197643644876372e-06,0.008679329217530379,2912648.0,trans
Gins4,8.0,24337097.0,D8Mit95,8,25604645,25604645,1.3243528456190472e-06,0.008707674515043541,1267548.0,cis
Gm10484,5.0,5173610.0,rs3666998,5,6954548,7163491,1.3278593381812205e-06,0.008727609992989332,1780938.0,cis
B2m,2.0,121973423.0,rs6411422,2,128199226,129125488,1.3279427976365086e-06,0.008727609992989332,6225803.0,trans
Pacrg,17.0,10595878.0,rs13482873,17,11606730,21646617,1.3290036330993848e-06,0.008732747488352925,1010852.0,cis
Scnm1,3.0,94933641.0,mCV25201949,3,70420435,72462619,1.3300736236325885e-06,0.008735118158961051,22471022.0,trans
Mis12,11.0,70833113.0,rs13481070,11,64909099,67090601,1.3301969380554469e-06,0.008735118158961051,3742512.0,trans
D630023F18Rik,1.0,65152316.0,rs13471817,1,63198205,65092381,1.3302020751820416e-06,0.008735118158961051,59935.0,cis
Pcdhgb1,18.0,37821599.0,rs13483292,18,34134969,34134969,1.3348487909236084e-06,0.008763792440356463,3686630.0,trans
Gm13033,4.0,132440462.0,rs3023009,4,129249415,129300960,1.3362553625732373e-06,0.008771186368125858,3139502.0,trans
Btg2,1.0,135971442.0,CEL-10_113177617,10,112836909,115238616,1.338226264025698e-06,0.008781394892128086,,trans
Zfp458,13.0,67355854.0,rs6280864,13,70216413,70216413,1.3383719882545474e-06,0.008781394892128086,2860559.0,trans
Myl10,5.0,137169016.0,rs3708411,5,136726448,137393985,1.3400809654976962e-06,0.00879076422066562,0.0,cis
Sat2,11.0,69435554.0,rs3662476,11,76761052,76824057,1.3414974548408376e-06,0.008798211338809998,7325498.0,trans
BC026585,1.0,159388711.0,rs6202860,1,147391348,148385403,1.3442315644752818e-06,0.008814294895466288,11003308.0,trans
Pfdn6,17.0,34075864.0,rs13482981,17,40708059,43226181,1.3445132781471147e-06,0.008814294895466288,6632195.0,trans
4933409K07Rik,4.0,42600737.0,rs3707178,4,47049015,47049015,1.3448728689571128e-06,0.008814805090426626,4448278.0,trans
Tnnt2,1.0,137732931.0,mCV24201027,1,117626780,121957699,1.3483528451580538e-06,0.008833810402135248,15775232.0,trans
4932438H23Rik,16.0,91054180.0,rs4219897,16,92790232,92790232,1.3488366923737724e-06,0.008833810402135248,1736052.0,cis
Ssfa2,2.0,79475697.0,CEL-2_79237503,2,79183601,79609075,1.3488601691497787e-06,0.008833810402135248,0.0,cis
Chrna3,9.0,54854240.0,rs3714148,13,19994021,19994021,1.3489020023496986e-06,0.008833810402135248,,trans
Prmt3,7.0,57033716.0,CEL-7_36442524,7,56254113,56537917,1.3499512956296058e-06,0.008838831818802047,495799.0,cis
Ephb2,4.0,136209523.0,rs6234904,4,138152372,139225623,1.351231266556635e-06,0.00884536118426366,1942849.0,cis
Cpsf4,5.0,145928093.0,rs3696754,5,145200213,145200213,1.35730905705376e-06,0.008879275603232394,727880.0,cis
Cpsf4,5.0,145928093.0,rs13478586,5,147658808,148539066,1.35730905705376e-06,0.008879275603232394,1730715.0,cis
Gpr161,1.0,167236353.0,rs13476208,1,163955813,164935095,1.3575044722030737e-06,0.008879275603232394,2301258.0,trans
Ncapd2,6.0,125118025.0,CEL-6_127435117,6,126754348,127119001,1.3579638215228788e-06,0.008879275603232394,1636323.0,cis
Vstm2b,7.0,48154570.0,rs13479226,7,52843651,53422379,1.3581879626154572e-06,0.008879275603232394,4689081.0,trans
Pbx4,8.0,72356594.0,rs13476241,1,174792335,175262195,1.3583694785393576e-06,0.008879275603232394,,trans
Crtc3,7.0,87733045.0,rs13479363,7,88283068,88740054,1.3583988796420462e-06,0.008879275603232394,550023.0,cis
Arnt2,7.0,91394788.0,gnf07.079.162,7,91904303,93812508,1.3610082838946174e-06,0.008894473732972691,509515.0,cis
Tada1,1.0,168309431.0,rs3693161,1,162215219,163901483,1.3626968873070663e-06,0.008902971400324533,4407948.0,trans
Tmem260,14.0,49066131.0,rs4230383,14,54987778,55236881,1.362909426808476e-06,0.008902971400324533,5921647.0,trans
Dars,1.0,130260284.0,D1Mit218,1,129336687,129336687,1.3631623290527866e-06,0.008902971400324533,923597.0,cis
Dnah7c,1.0,46487608.0,rs3686293,1,58173264,58643671,1.3643996522308908e-06,0.008909192544933248,11685656.0,trans
Zdhhc2,8.0,41509169.0,rs3697344,8,34630321,35274784,1.3678374852366925e-06,0.008927017679040677,6234385.0,trans
Zdhhc2,8.0,41509169.0,rs6182243,8,35372423,36878789,1.3678374852366925e-06,0.008927017679040677,4630380.0,trans
Atxn1,13.0,45646764.0,rs6196305,13,45402973,45402973,1.367985546157329e-06,0.008927017679040677,243791.0,cis
Flywch2,17.0,23913885.0,CEL-17_21879142,17,23322637,26350810,1.3693973633022712e-06,0.008934367071079658,0.0,cis
Zfp866,8.0,72266759.0,rs13479813,8,70431892,70720690,1.3703663333359201e-06,0.008938824730803223,1546069.0,cis
4933407L21Rik,1.0,87825579.0,rs3678377,1,87687979,89386211,1.3757126267898276e-06,0.008971827621278674,0.0,cis
Parm1,5.0,91946726.0,rs4228121,10,13407602,14123191,1.3760417225446117e-06,0.008972103490205267,,trans
Chga,12.0,103793179.0,D12Mit231,12,101804026,101804026,1.3779997593862392e-06,0.00898017491282992,1989153.0,cis
Chd3os,11.0,69154319.0,rs3715924,11,67192419,67351936,1.3781407864090357e-06,0.00898017491282992,1802383.0,cis
Chd3os,11.0,69154319.0,UT_11_68.607315,11,68849650,69141399,1.3781407864090357e-06,0.00898017491282992,12920.0,cis
Zfp52,17.0,21672503.0,rs13482868,17,10586984,11481618,1.37880100540628e-06,0.00898260601373934,10190885.0,trans
Fam20b,1.0,158608702.0,rs13476208,1,163955813,164935095,1.3798304036995816e-06,0.008987440729031081,5347111.0,trans
Lrrc10b,19.0,10531104.0,UT_19_10.709331,19,10788814,10788814,1.381017031326222e-06,0.00899329732198022,257710.0,cis
Neu2,1.0,89340227.0,rs13475980,1,93549972,94229306,1.3815626913181292e-06,0.00899497831156715,4209745.0,trans
Coq2,5.0,101083740.0,rs13465325,5,92055406,92055406,1.3818851474973789e-06,0.008995205684774197,9028334.0,trans
Rpph1,14.0,51427159.0,rs4230383,14,54987778,55236881,1.3836398771783084e-06,0.00900475422614532,3560619.0,trans
Htr5b,1.0,123406335.0,rs13459051,1,132747530,134993250,1.3847054471512437e-06,0.009009814664128552,9341195.0,trans
Rnf122,8.0,32222318.0,CEL-8_25677705,8,28002388,28727629,1.3858241112317641e-06,0.009015218391283764,3494689.0,trans
Ccdc171,4.0,83171500.0,rs13477804,4,81604581,81934380,1.3932224167650792e-06,0.009059953518488957,1237120.0,cis
Rfxank,8.0,72654705.0,rs13479813,8,70431892,70720690,1.393280024503556e-06,0.009059953518488957,1934015.0,cis
Snord118,12.0,13170434.0,rs13481099,11,73923769,75078947,1.3945913195905595e-06,0.009066595800763043,,trans
Gm26499,7.0,66632952.0,rs8260975,7,53682778,53682778,1.3952325578749518e-06,0.009067995776736233,12950174.0,trans
Tesk1,4.0,43454811.0,D4Mit286,4,43209772,43209772,1.3953863790255336e-06,0.009067995776736233,245039.0,cis
Nfu1,6.0,86959883.0,rs3701169,6,89298447,89615026,1.3966523595364812e-06,0.009073029536976952,2338564.0,trans
Nop10,2.0,112102126.0,rs13476709,2,114022898,115248630,1.3967410177724775e-06,0.009073029536976952,1920772.0,cis
Rmdn3,2.0,118962737.0,rs3708635,2,125704535,127840968,1.39870237720705e-06,0.009083884058304901,6741798.0,trans
Cep89,7.0,36182054.0,rs13479188,7,36124857,37123347,1.4021712751366812e-06,0.009104522762817474,0.0,cis
Htr5b,1.0,123406335.0,rs13476036,1,108755358,110723533,1.4025843471419869e-06,0.009105315051850983,12682802.0,trans
Nudt7,8.0,116657515.0,rs13480002,8,117676136,117676136,1.4046347810781368e-06,0.00911673425403493,1018621.0,cis
Phykpl,11.0,51398305.0,rs6199956,11,50558769,51384701,1.405291607658464e-06,0.009119105434018117,13604.0,cis
Kcnh1,1.0,194014754.0,rs13476315,1,196404285,196404285,1.4075760361108971e-06,0.00913203514354852,2389531.0,trans
Cryz,3.0,154260163.0,rs3688244,3,145095424,145095424,1.4086659676672613e-06,0.009137211472348562,9164739.0,trans
Ccdc85a,11.0,28285692.0,gnf11.035.919,11,34953683,35696875,1.412544142254815e-06,0.009160467645798129,6667991.0,trans
3632451O06Rik,14.0,50301235.0,rs6175724,14,46697706,47011325,1.4140876331673609e-06,0.009168576697210122,3289910.0,trans
Camk4,18.0,33098814.0,CEL-18_32012884,18,31715893,31860937,1.4148086795007034e-06,0.009171350976108425,1237877.0,cis
Dynll2,11.0,87793027.0,rs3720112,11,87668082,88249193,1.4162529852554915e-06,0.009178811588641003,0.0,cis
Glra2,20.0,161566949.0,DXMit223,20,163741515,163741515,1.4177420370245893e-06,0.009186530660732196,2174566.0,trans
5930422O12Rik,8.0,34539268.0,rs6182243,8,35372423,36878789,1.418324953598921e-06,0.009186530660732196,833155.0,cis
5930422O12Rik,8.0,34539268.0,rs3697344,8,34630321,35274784,1.418324953598921e-06,0.009186530660732196,91053.0,cis
Zfp945,17.0,22984461.0,CEL-17_21879142,17,23322637,26350810,1.4187777652354946e-06,0.0091875613478378,338176.0,cis
Use1,8.0,73890841.0,rs3719174,8,83396538,84339460,1.4193025595654336e-06,0.009189057649288651,9505697.0,trans
Gm26499,7.0,66632952.0,CEL-7_36442524,7,56254113,56537917,1.4202099770345514e-06,0.009189645473982773,10095035.0,trans
Trim3,7.0,112758984.0,CEL-7_79063914,7,98979741,99797453,1.4203210058317813e-06,0.009189645473982773,12961531.0,trans
Trim3,7.0,112758984.0,rs13479395,7,97208893,98602160,1.4203210058317813e-06,0.009189645473982773,14156824.0,trans
Mr1,1.0,156975008.0,CEL-1_152888326,1,154761280,155750989,1.4207307235794726e-06,0.009189645473982773,1224019.0,cis
Rpl34-ps1,13.0,116943968.0,rs13477485,3,149089196,150272017,1.4208620955759581e-06,0.009189645473982773,,trans
Senp3,11.0,69486612.0,rs13481070,11,64909099,67090601,1.4259582039085662e-06,0.009220699058526863,2396011.0,trans
Olfr1507,14.0,53109610.0,rs13482156,14,45858402,46175355,1.4265215846068502e-06,0.009222435807570487,6934255.0,trans
Glo1,2.0,35195929.0,rs3672987,17,33247165,35667114,1.4294399083789898e-06,0.009235729237633578,,trans
C530030P08Rik,11.0,32625889.0,rs6250760,11,12902701,14903307,1.4295093479447295e-06,0.009235729237633578,17722582.0,trans
Snap23,2.0,120393407.0,rs4223510,2,131679415,131819271,1.4299122969346072e-06,0.009235729237633578,11286008.0,trans
Ntn4,10.0,93103946.0,CEL-10_86185623,10,85914426,86348598,1.430046775567119e-06,0.009235729237633578,6755348.0,trans
Chpt1,10.0,87936058.0,gnf10.081.801,10,82278517,84148125,1.4300539139693456e-06,0.009235729237633578,3787933.0,trans
H2-Bl,17.0,36216993.0,rs13482947,17,31769796,31769796,1.4314131459603483e-06,0.009241568090627608,4447197.0,trans
Mall,2.0,127530126.0,rs13476723,2,117118532,118639998,1.4318390981144248e-06,0.009241568090627608,8890128.0,trans
Immp2l,,,rs13481399,12,39541327,46008977,1.4318442229394503e-06,0.009241568090627608,,unknown
Lypd1,1.0,127768620.0,rs13476118,1,135891044,138214494,1.433581753507319e-06,0.00925087407621362,8122424.0,trans
C630016N16Rik,7.0,31514598.0,rs6239372,7,35483870,35699898,1.4361233672628994e-06,0.009265363885982147,3969272.0,trans
Serac1,17.0,6040718.0,gnf17.005.541,17,8688392,9032964,1.4430011308030714e-06,0.00930781726888563,2647674.0,trans
Gm11826,4.0,13409902.0,rs13481068,11,64596125,64596125,1.4457315113263335e-06,0.009323404113779726,,trans
Rnps1,6.0,7932358.0,rs3672987,17,33247165,35667114,1.4460136249658764e-06,0.009323404113779726,,trans
Sgcg,14.0,61839896.0,D14Mit115,14,73244748,73244748,1.4482537322033165e-06,0.009335045387959711,11404852.0,trans
Gm25120,7.0,66691519.0,gnf07.050.858,7,63779524,65367119,1.4484159214302536e-06,0.009335045387959711,1324400.0,cis
Xaf1,11.0,72115165.0,rs3662476,11,76761052,76824057,1.4487287005995222e-06,0.009335138066132993,4645887.0,trans
Cst3,2.0,148697458.0,rs13476784,2,134345046,135758395,1.4493572953200212e-06,0.009337265300087959,12939063.0,trans
Hspb6,7.0,31338040.0,rs8261944,7,31220797,31291333,1.4503517849683718e-06,0.009341748395538944,46707.0,cis
Hspb6,7.0,31338040.0,rs13479188,7,36124857,37123347,1.454080776318613e-06,0.009363839006600906,4786817.0,trans
H2-Ea-ps,17.0,34478897.0,rs13482873,17,11606730,21646617,1.4550740912033904e-06,0.009368307224246772,12832280.0,trans
Fcho1,8.0,74232535.0,rs3717251,8,64089398,64687181,1.4566726726485045e-06,0.00937666973211497,9545354.0,trans
Serhl,15.0,82930643.0,CEL-15_83283496,15,82755972,82755972,1.459163493597984e-06,0.009390771004986635,174671.0,cis
Kazn,4.0,141658306.0,rs6316136,4,142959727,144118897,1.4628587018501329e-06,0.009412615985228268,1301421.0,cis
Zfp874b,13.0,67573964.0,rs4229817,13,66981471,67600532,1.465401448870627e-06,0.009427038111234905,0.0,cis
Dnah8,17.0,30761299.0,rs13482967,17,37015393,39314866,1.4660805897605695e-06,0.009429468052996872,6254094.0,trans
Entpd2,2.0,25251423.0,rs13476350,2,11707492,11707492,1.4671519494214694e-06,0.00943441913148837,13543931.0,trans
Fpr2,17.0,18024788.0,UT_17_3.221024,17,6039015,7955311,1.4680143395434195e-06,0.009438024686998758,10069477.0,trans
Fgf1,18.0,38998834.0,rs13483314,18,40103728,41821108,1.4685054308840093e-06,0.009439242130886618,1104894.0,cis
Arhgef2,3.0,88425060.0,rs3699123,3,82199891,84792918,1.4697933325762596e-06,0.009445579750782458,3632142.0,trans
Ucp3,7.0,107621500.0,D7Mit323,7,108024450,108024450,1.4788773704916688e-06,0.00950200609710832,402950.0,cis
Nnat,2.0,157385846.0,CEL-2_135876979,2,135953692,136253017,1.4798334378853132e-06,0.009506196579700673,21132829.0,trans
Gm5899,7.0,101345720.0,rs3658777,7,96762673,96762673,1.480363092764956e-06,0.009507646703092005,4583047.0,trans
1700025G04Rik,1.0,153735993.0,rs6267646,1,154395967,154628105,1.480903721718486e-06,0.00950916669782683,659974.0,cis
Plcb3,19.0,7028203.0,rs13483499,19,3413095,3717263,1.4821504459863511e-06,0.009515219111667868,3310940.0,trans
Trim3,7.0,112758984.0,rs4226783,7,100081465,102651418,1.4840443096843514e-06,0.009522661271198402,10107566.0,trans
Gm11826,4.0,13409902.0,rs3715924,11,67192419,67351936,1.4842228642153067e-06,0.009522661271198402,,trans
Gm11826,4.0,13409902.0,UT_11_68.607315,11,68849650,69141399,1.4842228642153067e-06,0.009522661271198402,,trans
Dars2,1.0,162970732.0,rs4222763,1,165315111,168178248,1.4849478828348043e-06,0.009525359416486903,2344379.0,trans
Gnb4,3.0,32482448.0,gnf03.025.352,3,28293134,31752412,1.4906412627443829e-06,0.009559920015004789,730036.0,cis
Scube3,17.0,28279471.0,rs13482997,17,43961585,44300073,1.4920760566484228e-06,0.009567160482002022,15682114.0,trans
Tpra1,6.0,88852245.0,gnf06.086.089,6,87099761,87384144,1.4952905083372442e-06,0.009585468670006547,1468101.0,cis
Arsb,13.0,94541714.0,rs4230010,13,96470955,99427278,1.4955441690087642e-06,0.009585468670006547,1929241.0,cis
Gm14414,10.0,56074254.0,rs3659850,4,110966848,114284494,1.4981074414503923e-06,0.00959993078887267,,trans
Serpina3h,12.0,105474436.0,rs3663596,12,106091063,106091063,1.499751790068558e-06,0.00960668133042895,616627.0,cis
Fbln7,2.0,128689714.0,rs3708635,2,125704535,127840968,1.4999028025627276e-06,0.00960668133042895,848746.0,cis
Gpr19,6.0,134819175.0,rs3664540,6,140066610,140119512,1.500082128096392e-06,0.00960668133042895,5247435.0,trans
Apip,2.0,102913832.0,rs3695682,2,101560604,102471685,1.5019172979638743e-06,0.009616465378161595,442147.0,cis
S100a11,3.0,93324417.0,rs6243021,3,84948288,85493836,1.503037243740074e-06,0.009620182109534341,7830581.0,trans
Crnde,8.0,94849937.0,rs3666069,8,98229000,98229000,1.5031128055304567e-06,0.009620182109534341,3379063.0,trans
Cdkn2aipnl,11.0,51781165.0,D11Mit349,11,55602850,55602850,1.5035678572641217e-06,0.009621126203880594,3821685.0,trans
Klhl20,1.0,163018509.0,rs6209248,1,160302634,160302634,1.5054558154350824e-06,0.009629296506503035,2715875.0,trans
Spint1,2.0,119063141.0,rs13476784,2,134345046,135758395,1.5054602979840377e-06,0.009629296506503035,15281905.0,trans
Aldh7a1,18.0,56685390.0,rs13483354,18,50106592,53549150,1.5068933176256197e-06,0.009636492204761345,3136240.0,trans
Mettl17,14.0,52504517.0,rs6278789,14,50409368,52650880,1.507728133512555e-06,0.009639860266564666,0.0,cis
Zdhhc2,8.0,41509169.0,mCV24506226,8,31744603,33820606,1.5109819894090926e-06,0.00965869024557531,7688563.0,trans
Gm2808,17.0,6106888.0,gnf17.005.541,17,8688392,9032964,1.5117880624269374e-06,0.009660543919092511,2581504.0,trans
4933407L21Rik,1.0,87825579.0,rs6234856,1,89812969,89812969,1.5118895755324276e-06,0.009660543919092511,1987390.0,cis
Arhgap4,20.0,71139695.0,rs13483768,20,55423039,55423039,1.5166773510905348e-06,0.009689157447146098,15716656.0,trans
Mroh7,4.0,106353243.0,rs13477940,4,118271128,118641059,1.5178832597765776e-06,0.009694881527456187,11917885.0,trans
Mybbp1a,11.0,72254857.0,rs3682996,1,175676881,177366983,1.5184563977784464e-06,0.009696562522370937,,trans
Hpgd,8.0,58773390.0,rs6394046,8,64982540,69577204,1.5198420251272526e-06,0.009703430168737577,6209150.0,trans
LOC102637749,17.0,42864122.0,rs3672987,17,33247165,35667114,1.5203631644980055e-06,0.009703598399253817,7197008.0,trans
Gm25088,7.0,66708353.0,rs3693478,7,67179979,70463288,1.52048872940355e-06,0.009703598399253817,471626.0,cis
Lypd3,7.0,25421552.0,rs3722345,2,80455844,82834232,1.520999925467846e-06,0.009704881018627914,,trans
Psmb6,11.0,70338888.0,rs13481117,11,79065732,79360701,1.5227066337787734e-06,0.009713789636141987,8726844.0,trans
Dnah7b,1.0,46346411.0,rs3686293,1,58173264,58643671,1.5253576396863982e-06,0.009728717342793212,11826853.0,trans
Hmgcll1,9.0,75862784.0,rs13480279,9,74382953,74382953,1.5269954461160214e-06,0.009737178103971492,1479831.0,cis
Esd,14.0,75132125.0,rs13482251,14,73363689,73375489,1.5303970955482723e-06,0.009756880606357968,1756636.0,cis
1700025G04Rik,1.0,153735993.0,rs13476163,1,148717645,153539523,1.5330758681707624e-06,0.009771967396361872,196470.0,cis
Pkmyt1,17.0,23863303.0,CEL-17_21879142,17,23322637,26350810,1.5339175489463297e-06,0.009775340631787376,0.0,cis
Rd3,1.0,193801254.0,rs13476315,1,196404285,196404285,1.5360392779117107e-06,0.009786868315274286,2603031.0,trans
Sssca1,19.0,5729237.0,rs13483513,19,7347679,8631925,1.537432393462444e-06,0.009793749891869109,1618442.0,cis
H2-K2,17.0,34112020.0,rs13482967,17,37015393,39314866,1.538634420174409e-06,0.009799411640455932,2903373.0,trans
Gm12058,11.0,22686814.0,rs3023251,11,20853304,27484969,1.5461991294286525e-06,0.009845586136821884,0.0,cis
Coa5,1.0,37473931.0,rs13475808,1,35595390,35604986,1.5496110446684255e-06,0.009865303867219186,1868945.0,cis
Actr5,2.0,158450649.0,rs3675388,2,152495773,153967020,1.5512729207120433e-06,0.009873874549361122,4483629.0,trans
C7,15.0,4938822.0,D15Mit13,15,3410212,3410212,1.5528361769622535e-06,0.009881814155929878,1528610.0,cis
Gla,20.0,131122710.0,rs13484003,20,130138456,131483757,1.5534921013663859e-06,0.009883977701806525,0.0,cis
Hist1h2ao,13.0,23625780.0,D11Mit349,11,55602850,55602850,1.5546407058940692e-06,0.009889274371017187,,trans
Cetn4,1.0,21262484.0,rs3664070,3,33813624,35458614,1.555340588988119e-06,0.009891715090784998,,trans
Lgr6,1.0,136882930.0,gnf01.128.089,1,130357592,130357592,1.558252606907954e-06,0.00990822077929438,6525338.0,trans
Fam132a,4.0,155336427.0,rs13478067,4,154365178,154599781,1.5585931225075265e-06,0.009908372066614326,736646.0,cis
Nudt7,8.0,116657515.0,rs6347490,8,119096871,119331805,1.5600520706509115e-06,0.00991361786322128,2439356.0,trans
Nudt7,8.0,116657515.0,gnf08.119.598,8,120904595,120904595,1.5600520706509115e-06,0.00991361786322128,4247080.0,trans
Esd,14.0,75132125.0,rs13482225,14,65324729,68427157,1.5629546037354474e-06,0.009930045434437755,6704968.0,trans
Eif3m,2.0,104839813.0,rs3681694,2,112125008,113257559,1.5643141243599886e-06,0.009936664979680732,7285195.0,trans
F2rl2,13.0,96466875.0,rs4230010,13,96470955,99427278,1.5727115374922198e-06,0.009987978092496411,4080.0,cis
Rd3,1.0,193801254.0,rs13476313,1,195987784,196289270,1.5749601742663604e-06,0.010000078005153637,2186530.0,trans
Gm6728,6.0,136434677.0,rs13478392,5,92179790,93586010,1.5752561036829164e-06,0.010000078005153637,,trans
Pnpt1,11.0,29030751.0,rs3023251,11,20853304,27484969,1.578679232350459e-06,0.010019775557739186,1545782.0,cis
Sspn,6.0,145882652.0,rs3695746,6,147673993,148546939,1.5802660648702114e-06,0.010027550936716666,1791341.0,cis
Cdkn2aipnl,11.0,51781165.0,rs13481041,11,56515096,56515096,1.5810418988982947e-06,0.010027550936716666,4733931.0,trans
Cdkn2aipnl,11.0,51781165.0,rs4228731,11,55208056,55208056,1.5810418988982947e-06,0.010027550936716666,3426891.0,trans
Reep5,18.0,34504528.0,rs13483310,18,38814808,39822463,1.5811864223324347e-06,0.010027550936716666,4310280.0,trans
Pcdhb7,18.0,37501356.0,rs3666799,18,32047327,34074322,1.5828544633590033e-06,0.010035893263563713,3427034.0,trans
Rhobtb3,13.0,76006985.0,rs3686754,13,81993957,83460054,1.5831434736954077e-06,0.010035893263563713,5986972.0,trans
Nmnat2,1.0,154802231.0,rs13476163,1,148717645,153539523,1.5840562630412281e-06,0.010036045464433069,1262708.0,cis
Grik3,4.0,125168075.0,UT_4_121.927901,4,122536809,123885163,1.5841298949429525e-06,0.010036045464433069,1282912.0,cis
Grik3,4.0,125168075.0,rs3677161,4,124517596,124745401,1.5841298949429525e-06,0.010036045464433069,422674.0,cis
Hn1l,17.0,25079415.0,CEL-17_21879142,17,23322637,26350810,1.5865135269364293e-06,0.010047395240053393,0.0,cis
Jade2,11.0,51626958.0,D11Mit349,11,55602850,55602850,1.5866251861686255e-06,0.010047395240053393,3975892.0,trans
AI413582,17.0,27700714.0,rs6242153,17,32068298,32078991,1.5870989000782312e-06,0.010047395240053393,4367584.0,trans
Polr1a,6.0,71859067.0,rs13478852,6,80236329,80236329,1.5872060562864491e-06,0.010047395240053393,8377262.0,trans
Dph7,2.0,24817943.0,mCV23574676,2,26733408,26733408,1.588170189114009e-06,0.010051464546241423,1915465.0,cis
Abhd14a,9.0,106342385.0,rs13480398,9,105676712,105823505,1.588539045458188e-06,0.010051765487643619,518880.0,cis
Camk4,18.0,33098814.0,rs8255038,18,34420259,36214168,1.5895938757113922e-06,0.010056406052390996,1321445.0,cis
Gm17764,1.0,82819046.0,rs3653666,1,160477203,161687298,1.591737652470831e-06,0.010067932458517892,77658157.0,trans
Sh3bp1,15.0,78730216.0,rs13482681,15,83867917,84968203,1.5930414856516007e-06,0.010074142534269864,5137701.0,trans
Hjurp,1.0,90155662.0,rs6404446,1,20774307,21444367,1.595391111090261e-06,0.01008696218822531,68711295.0,trans
Kcnh1,1.0,194014754.0,D1Mit511,1,193992203,193992203,1.6023091969428633e-06,0.01012865520779624,22551.0,cis
Szt2,4.0,118060348.0,rs3675629,4,120731448,121366806,1.6050168291012455e-06,0.010141863889085593,2671100.0,trans
Gm10484,5.0,5173610.0,rs6402980,5,5432078,6666232,1.605047125773398e-06,0.010141863889085593,258468.0,cis
Trim30d,7.0,111620222.0,rs3686975,7,117123258,117123258,1.6067483510445427e-06,0.010150563272314544,5503036.0,trans
Ucp3,7.0,107621500.0,CEL-7_79063914,7,98979741,99797453,1.6083963946436446e-06,0.010156872587054083,7824047.0,trans
Ucp3,7.0,107621500.0,rs13479395,7,97208893,98602160,1.6083963946436446e-06,0.010156872587054083,9019340.0,trans
Nudt7,8.0,116657515.0,rs13479999,8,117139232,117350150,1.6088828361078565e-06,0.010157893976469958,481717.0,cis
Zfp866,8.0,72266759.0,rs13479814,8,70845435,74265398,1.610164976967638e-06,0.01016393769310826,0.0,cis
Gm4793,1.0,137481350.0,rs13476118,1,135891044,138214494,1.6117155842846138e-06,0.010171673285793168,0.0,cis
Sppl2a,2.0,126718975.0,rs8264884,2,130881868,131487026,1.613176860267428e-06,0.010178842094139127,4162893.0,trans
Rnf169,7.0,107068767.0,rs6394492,7,94381203,94381203,1.6145839305737084e-06,0.010185666052617202,12687564.0,trans
Chchd5,2.0,128955544.0,rs8264884,2,130881868,131487026,1.6235477013412045e-06,0.010240149389506552,1926324.0,cis
Mroh7,4.0,106353243.0,rs13477942,4,119150596,120476226,1.6282944675293226e-06,0.010268018347859875,12797353.0,trans
Gm13937,2.0,110049329.0,CEL-19_44215541,19,44953380,46310146,1.6312386376223524e-06,0.010284511200393994,,trans
Ivd,2.0,118687718.0,rs4223510,2,131679415,131819271,1.6320304462051015e-06,0.01028743009318576,12991697.0,trans
Nlrp1c-ps,11.0,71055932.0,rs13481068,11,64596125,64596125,1.6341722749066774e-06,0.010298755505416911,6459807.0,trans
Mical2,7.0,119369370.0,rs6280792,7,120195001,120696710,1.6348147499815204e-06,0.010298755505416911,825631.0,cis
Mical2,7.0,119369370.0,rs3726501,7,118971889,119466660,1.6348147499815204e-06,0.010298755505416911,0.0,cis
Hdac1,17.0,78890904.0,rs3023009,4,129249415,129300960,1.6363917234979568e-06,0.010306614445727676,,trans
Nnat,2.0,157385846.0,rs6291774,2,154372104,154520256,1.6398573940680803e-06,0.010326363556655787,2865590.0,trans
2310057M21Rik,7.0,138486232.0,rs13476241,1,174792335,175262195,1.6413684047293121e-06,0.01033379848591234,,trans
Actr5,2.0,158450649.0,CEL-2_135876979,2,135953692,136253017,1.6452518171328982e-06,0.010356163687881122,22197632.0,trans
Gm4924,10.0,81817000.0,rs6221944,10,89118121,90880555,1.6461240803517909e-06,0.010358142634032197,7301121.0,trans
Cnot8,8.0,74228125.0,rs13481045,11,58057820,58381052,1.6462284058912356e-06,0.010358142634032197,,trans
Kcnj11,7.0,53352532.0,rs8260975,7,53682778,53682778,1.6476754964644936e-06,0.010365163085555611,330246.0,cis
Gm10568,1.0,3670652.0,D1Mit1,1,11505583,11505583,1.648597352815066e-06,0.010368877245867462,7834931.0,trans
Rasgef1a,6.0,118030382.0,rs13478975,6,112093706,112800819,1.6502650883243942e-06,0.010377280188006916,5229563.0,trans
Tmem150c,5.0,100506891.0,rs3683611,5,100641822,101998196,1.6523335511133856e-06,0.010388199119850183,134931.0,cis
Gm10722,9.0,3000922.0,rs3675987,4,147659225,148197078,1.6528130456328044e-06,0.010389125848699367,,trans
C1qbp,11.0,70791309.0,rs6217738,11,72486318,72978471,1.6533881519281152e-06,0.010390653073679016,1695009.0,cis
Rnf169,7.0,107068767.0,rs3686975,7,117123258,117123258,1.655749829687136e-06,0.010403405068572912,10054491.0,trans
Rnaseh2a,8.0,87480509.0,rs13479859,8,84568955,85463661,1.656851811539818e-06,0.010408238611926707,2016848.0,trans
1700030K09Rik,8.0,74967825.0,rs3719174,8,83396538,84339460,1.6575014332238552e-06,0.01041022908693857,8428713.0,trans
Focad,4.0,87767203.0,CEL-4_86326428,4,87697882,88039471,1.657946894724851e-06,0.010410936756348736,0.0,cis
Dnajc19,3.0,33956680.0,petM-02707-1,3,37307265,38297775,1.6604894958654e-06,0.010421911535762175,3350585.0,trans
Palmd,3.0,116621174.0,rs3698700,3,112036749,112489448,1.6606748741969372e-06,0.010421911535762175,4131726.0,trans
Ccl17,8.0,97334353.0,gnf08.091.954,8,93172237,93194487,1.660694048518355e-06,0.010421911535762175,4139866.0,trans
H2-Ke6,17.0,34162978.0,rs13482930,17,26950947,27588409,1.6623792942756436e-06,0.010430395168785954,6574569.0,trans
Pigz,16.0,31934040.0,rs4173858,16,36613089,36613089,1.6633477634359723e-06,0.010431063354455185,4679049.0,trans
Slc6a16,7.0,52514432.0,rs13479226,7,52843651,53422379,1.6633963619279808e-06,0.010431063354455185,329219.0,cis
4833403I15Rik,18.0,47009693.0,rs13483310,18,38814808,39822463,1.6634860809045263e-06,0.010431063354455185,7187230.0,trans
Zdhhc2,8.0,41509169.0,D8Mit189,8,35339349,35339349,1.6712455484287736e-06,0.010477619762392983,6169820.0,trans
Gm25874,7.0,66706485.0,D7Mit199,7,73078958,73078958,1.676934510729761e-06,0.010510103495879006,6372473.0,trans
Luzp1,4.0,136025688.0,rs6234904,4,138152372,139225623,1.6770988206393762e-06,0.010510103495879006,2126684.0,trans
Slc35f5,1.0,127457600.0,CEL-1_98681809,1,100689878,101469745,1.6800998080184424e-06,0.01052535424162967,25987855.0,trans
Stxbp4,11.0,90338792.0,rs13481156,11,90664417,91481989,1.680205274046029e-06,0.01052535424162967,325625.0,cis
Tnni1,1.0,137696016.0,gnf01.127.292,1,129548234,130226591,1.6869860742229499e-06,0.01056360087016617,7469425.0,trans
Tnni1,1.0,137696016.0,gnf01.126.387,1,128625711,129064813,1.6869860742229499e-06,0.01056360087016617,8631203.0,trans
Ptcd3,6.0,71830628.0,rs13478852,6,80236329,80236329,1.687569886775851e-06,0.010565141878349112,8405701.0,trans
Rnasel,1.0,155600060.0,rs13476138,1,141417668,141417668,1.6881921197651165e-06,0.010566922755416049,14182392.0,trans
Zfp708,13.0,67169851.0,D13Mit224,13,64187020,64187020,1.690629682380493e-06,0.010580063363183982,2982831.0,trans
4930505A04Rik,11.0,30326004.0,rs13480870,11,11016917,11457492,1.6973051734248803e-06,0.010619714624292386,18868512.0,trans
Peli2,14.0,48740498.0,rs3670380,14,47679977,49506930,1.6983178983486994e-06,0.010623926265659675,0.0,cis
Dennd1b,1.0,140860363.0,rs6267646,1,154395967,154628105,1.6987086009882139e-06,0.010624245904420416,13535604.0,trans
Zfp30,7.0,30569609.0,rs8261944,7,31220797,31291333,1.6999689038267825e-06,0.010630003075332128,651188.0,cis
Col26a1,5.0,137217629.0,rs8265855,5,138337848,139187687,1.705077352795031e-06,0.010659633325876461,1120219.0,cis
Chd3os,11.0,69154319.0,UT_11_70.128831,11,70371167,72266233,1.70546782451323e-06,0.010659633325876461,1216848.0,cis
Fam20b,1.0,158608702.0,rs13476163,1,148717645,153539523,1.7057296370596553e-06,0.010659633325876461,5069179.0,trans
Wars2,3.0,98944991.0,rs13477280,3,98086968,99356961,1.710620204068978e-06,0.010688060945201376,0.0,cis
Rab5a,17.0,53618559.0,rs13483016,17,49697206,50721151,1.711373070628453e-06,0.01069062976531585,2897408.0,trans
Entpd3,9.0,120448961.0,RBMS3_AFFY_1452761,9,116482254,116482254,1.7130944777642483e-06,0.010699246644983574,3966707.0,trans
Ush1c,7.0,53450720.0,rs6206014,7,47861154,47861154,1.7169491607126726e-06,0.010721180942793741,5589566.0,trans
LOC102639173,7.0,108985265.0,D7Mit323,7,108024450,108024450,1.7195855616318282e-06,0.010735500660751535,960815.0,cis
Chrna7,7.0,70243574.0,rs13479276,7,65717523,66413236,1.7211511359429933e-06,0.01074313074816298,3830338.0,trans
Nmrk1,19.0,18706506.0,rs13483543,19,16497187,16497187,1.723158991255247e-06,0.010752096088364157,2209319.0,trans
4930578I07Rik,14.0,67556202.0,rs13482235,14,68529236,69379833,1.7232748534846767e-06,0.010752096088364157,973034.0,cis
Galnt10,11.0,57458944.0,rs6173994,11,52342339,53868159,1.726423738219942e-06,0.010769595142964033,3590785.0,trans
Fmo2,1.0,164805178.0,rs3681873,1,186269050,186269050,1.7279949910101216e-06,0.010777247764459775,21463872.0,trans
Rnasel,1.0,155600060.0,rs13476148,1,144862429,144862429,1.7313549921905632e-06,0.010796051269288263,10737631.0,trans
Vamp8,6.0,72335217.0,rs13478800,6,64766249,65067887,1.7322238804784113e-06,0.010799316771459769,7267330.0,trans
Cryz,3.0,154260163.0,rs6290401,3,142297854,143221106,1.7330534252924795e-06,0.010802335739650825,11039057.0,trans
G730007D18Rik,12.0,20900799.0,rs13481313,12,14876064,15561948,1.7337543127894598e-06,0.010804551727889213,5338851.0,trans
Cep112,11.0,108295448.0,rs3658778,11,104889757,105687115,1.7367530967023192e-06,0.01082108419993583,2608333.0,trans
Lincenc1,13.0,98264754.0,rs13481977,13,102395403,102395403,1.7402978455036613e-06,0.010836946516185723,4130649.0,trans
Chil1,1.0,136079041.0,gnf01.127.292,1,129548234,130226591,1.7403381678097863e-06,0.010836946516185723,5852450.0,trans
Chil1,1.0,136079041.0,gnf01.126.387,1,128625711,129064813,1.7403381678097863e-06,0.010836946516185723,7014228.0,trans
Szt2,4.0,118060348.0,rs13477940,4,118271128,118641059,1.7414235636684197e-06,0.01084154723806702,210780.0,cis
Kcna2,3.0,106915341.0,rs13477320,3,108822023,108995324,1.7424506526265473e-06,0.010845783201253269,1906682.0,cis
Ddx59,1.0,138311848.0,D1Mit218,1,129336687,129336687,1.7444261564752911e-06,0.010855919658399882,8975161.0,trans
Gzmk,13.0,113961816.0,rs13479891,8,90839695,91839246,1.7467325935133876e-06,0.010868111138657939,,trans
Alad,4.0,62170202.0,rs13477759,4,68938180,68938180,1.7486456396920881e-06,0.010877850592528675,6767978.0,trans
Chia1,3.0,105916300.0,rs3702359,3,106932111,107274051,1.7535621186475116e-06,0.010906266000720918,1015811.0,cis
H2-T10,17.0,36254033.0,gnf03.152.088,3,148269915,148269915,1.7554069415293202e-06,0.010915569768937103,,trans
Pink1,4.0,137869324.0,rs13478001,4,135998441,137764129,1.761466709869092e-06,0.01094920193545139,105195.0,cis
Me3,7.0,96781232.0,rs13479395,7,97208893,98602160,1.7618655382063528e-06,0.01094920193545139,427661.0,cis
Me3,7.0,96781232.0,CEL-7_79063914,7,98979741,99797453,1.7618655382063528e-06,0.01094920193545139,2198509.0,trans
Cd59b,2.0,103910023.0,rs6242654,2,107081147,109233749,1.7669465279544468e-06,0.010977391655280956,3171124.0,trans
Kazn,4.0,141658306.0,rs6386918,4,139323756,140081803,1.7672444313877862e-06,0.010977391655280956,1576503.0,cis
Nupl2,5.0,23670781.0,CEL-5_24068097,5,25161103,25303743,1.7674543045886767e-06,0.010977391655280956,1490322.0,cis
Galnt11,5.0,24728711.0,rs6256752,5,20753293,22574279,1.7687536128749956e-06,0.010983280942407216,2154432.0,trans
Srp54b,12.0,56181442.0,rs13481462,12,55741344,56422769,1.7695427560348527e-06,0.01098600059114132,0.0,cis
Gabbr1,17.0,37182911.0,gnf17.005.541,17,8688392,9032964,1.770689055758515e-06,0.010990936085723404,28149947.0,trans
Mmd2,5.0,143038319.0,rs6284348,5,144381934,144381934,1.7718208551359446e-06,0.010995779634166283,1343615.0,cis
Esd,14.0,75132125.0,rs13482214,14,62215307,65159865,1.7750384875531535e-06,0.011013563208326712,9972260.0,trans
Klhl5,5.0,65498820.0,gnf05.066.286,5,72415729,73519551,1.7758427656085763e-06,0.011016368583792567,6916909.0,trans
D630004N19Rik,7.0,107694262.0,CEL-7_79063914,7,98979741,99797453,1.777987794535832e-06,0.011025302666342421,7896809.0,trans
D630004N19Rik,7.0,107694262.0,rs13479395,7,97208893,98602160,1.777987794535832e-06,0.011025302666342421,9092102.0,trans
Clpb,7.0,108938806.0,rs3672782,7,95155270,96589291,1.7783542500136525e-06,0.011025389647586724,12349515.0,trans
Gins4,8.0,24337097.0,CEL-8_23309075,8,25612807,25612807,1.7807732365446295e-06,0.011038199296142475,1275710.0,cis
Pcsk5,19.0,17507883.0,D19Mit16,19,20420342,20420342,1.7878226563066455e-06,0.011079700122769272,2912459.0,trans
Cacul1,19.0,60603104.0,rs13476241,1,174792335,175262195,1.7916876310218815e-06,0.011101453409887021,,trans
Alad,4.0,62170202.0,rs13477804,4,81604581,81934380,1.7984406718915691e-06,0.011141089249054804,19434379.0,trans
Nup210,6.0,90963062.0,gnf06.086.089,6,87099761,87384144,1.80044597502896e-06,0.011151303643500463,3578918.0,trans
Col26a1,5.0,137217629.0,rs3708411,5,136726448,137393985,1.8015289242453506e-06,0.01115580240230049,0.0,cis
Micalcl,7.0,119517847.0,rs13479460,7,118818343,118818343,1.8023575103345271e-06,0.01115872457188815,699504.0,cis
Fam183b,11.0,58606305.0,rs3023260,11,57088038,57644775,1.8037531793691764e-06,0.011165155804517525,961530.0,cis
Ttc28,5.0,111717229.0,rs13459088,5,111078136,111778516,1.8051723649641804e-06,0.011171730030359685,0.0,cis
Alad,4.0,62170202.0,rs6398138,4,50881072,51294470,1.8071761509311386e-06,0.011181918875758045,10875732.0,trans
Rpl29,2.0,134629629.0,rs3676408,9,107733463,108704749,1.807974335861236e-06,0.011184645499288583,,trans
LOC102640399,7.0,66948590.0,CEL-7_36442524,7,56254113,56537917,1.8085108967255914e-06,0.01118575288348451,10410673.0,trans
Zfp260,7.0,30880095.0,rs4226520,7,30566471,31205553,1.8093709190729582e-06,0.011188860063913956,0.0,cis
Kdm6b,11.0,69212010.0,rs13481070,11,64909099,67090601,1.8171610193443762e-06,0.011234812039244339,2121409.0,trans
Gm26337,7.0,66678425.0,CEL-7_36442524,7,56254113,56537917,1.821368413761756e-06,0.011258599731094608,10140508.0,trans
1500011B03Rik,5.0,115258208.0,CEL-5_106241511,5,109222883,110483930,1.8238194019305358e-06,0.011269595951149045,4774278.0,trans
LOC102639749,7.0,66641451.0,CEL-7_43304662,7,62999955,63232349,1.8238678047164236e-06,0.011269595951149045,3409102.0,trans
Lsm4,8.0,73197147.0,rs13479859,8,84568955,85463661,1.8286048946039505e-06,0.011296634999726529,11371808.0,trans
Esd,14.0,75132125.0,rs3701623,14,73597329,78358585,1.8299117580223546e-06,0.011301326692738596,0.0,cis
Noxo1,17.0,24833219.0,rs13482942,17,30022647,31061912,1.830086844438655e-06,0.011301326692738596,5189428.0,trans
Ptcd3,6.0,71830628.0,rs3706039,6,77051817,77471759,1.8305251100198588e-06,0.011301802199726924,5221189.0,trans
Smtnl2,11.0,72203616.0,UT_11_70.128831,11,70371167,72266233,1.8321988289748733e-06,0.011309903797710352,0.0,cis
1500011K16Rik,2.0,127617124.0,rs13476740,2,121412769,122144319,1.833796262276087e-06,0.011317531391531499,5472805.0,trans
Zfp960,17.0,17142094.0,rs13482054,14,11312993,19569109,1.8474513662605472e-06,0.011399556908255977,,trans
Lrrc8b,5.0,105844794.0,rs13478446,5,107623394,108406052,1.8511553252756042e-06,0.011419924144113474,1778600.0,cis
Olfr1507,14.0,53109610.0,rs13482225,14,65324729,68427157,1.8514822302378518e-06,0.011419924144113474,12215119.0,trans
Plekhm2,4.0,141181650.0,rs13478021,4,140166294,140166294,1.8530675245096098e-06,0.01142744917758028,1015356.0,cis
Vps18,2.0,119114493.0,rs13476740,2,121412769,122144319,1.8538343402297344e-06,0.011427692617632356,2298276.0,trans
Gm25088,7.0,66708353.0,gnf07.050.858,7,63779524,65367119,1.853837576970837e-06,0.011427692617632356,1341234.0,cis
Pm20d1,1.0,133693972.0,D1Mit91,1,128355210,128413910,1.8544178941586297e-06,0.011429017869204432,5280062.0,trans
Casd1,6.0,4551066.0,rs3661828,6,3416870,3416870,1.8568735917107608e-06,0.011441898534422821,1134196.0,cis
Emp1,6.0,135312949.0,rs13479055,6,134571804,136350811,1.8596750249464147e-06,0.011454648360991294,0.0,cis
Emp1,6.0,135312949.0,rs13479064,6,136560768,136560768,1.8596750249464147e-06,0.011454648360991294,1247819.0,cis
4930429B21Rik,3.0,32264411.0,rs13475616,3,32476136,33601927,1.8623766074477964e-06,0.011469030601716694,211725.0,cis
Nit1,1.0,173268754.0,rs13476267,1,182213911,184421782,1.8631620115611792e-06,0.01147160914684756,8945157.0,trans
Cox5b,13.0,21592793.0,rs13475795,1,32555265,34247474,1.866578239400141e-06,0.011488877704760958,,trans
Tmem55b,14.0,51545745.0,rs3666583,14,52760254,54864244,1.8667011732849372e-06,0.011488877704760958,1214509.0,cis
Ap5s1,2.0,131036176.0,rs4223510,2,131679415,131819271,1.8693984208412545e-06,0.011503215222251213,643239.0,cis
Ccnb1ip1,14.0,51409488.0,rs13482156,14,45858402,46175355,1.8712234782714948e-06,0.011512181193810313,5234133.0,trans
Camk4,18.0,33098814.0,rs13483292,18,34134969,34134969,1.8718764978472276e-06,0.011512746712219893,1036155.0,cis
Mtrr,13.0,68699657.0,gnf13.057.501,13,59546202,59546202,1.8720514132047561e-06,0.011512746712219893,9153455.0,trans
Scpep1,11.0,88785334.0,rs13481128,11,83521936,87177234,1.8725316602983573e-06,0.011513436831216623,1608100.0,cis
Gsr,8.0,34763710.0,rs13479735,8,46649263,46649263,1.872955135013895e-06,0.011513777677286481,11885553.0,trans
C330024D21Rik,5.0,67858153.0,rs13478294,5,63821509,65070490,1.873525361602817e-06,0.011515020352563686,2787663.0,trans
Gdf1,8.0,72839673.0,rs6394046,8,64982540,69577204,1.8741408092333202e-06,0.011516540421632766,3262469.0,trans
Hfm1,5.0,107330908.0,rs13459088,5,111078136,111778516,1.8752397179995876e-06,0.011521030164753756,3747228.0,trans
Kmt2d,15.0,98662104.0,gnf15.098.211,15,98887561,98887561,1.8770692434336814e-06,0.01152748887171801,225457.0,cis
Mrps5,2.0,127413155.0,rs13476740,2,121412769,122144319,1.8773212448329032e-06,0.01152748887171801,5268836.0,trans
Nrg4,9.0,55069105.0,rs3708863,9,57418928,58508897,1.877490538809455e-06,0.01152748887171801,2349823.0,trans
Sybu,15.0,44503402.0,rs13482490,15,26705625,26705625,1.8777648930152759e-06,0.01152748887171801,17797777.0,trans
Mfap3,11.0,57332167.0,rs3668680,11,55886003,56329568,1.8915310466959928e-06,0.011609720281590267,1002599.0,cis
Dvl2,11.0,69814119.0,rs3715924,11,67192419,67351936,1.895025383554759e-06,0.011626605465835405,2462183.0,trans
Dvl2,11.0,69814119.0,UT_11_68.607315,11,68849650,69141399,1.895025383554759e-06,0.011626605465835405,672720.0,cis
Casd1,6.0,4551066.0,rs13478623,6,9485706,11226305,1.8968222247810156e-06,0.011635347790955222,4934640.0,trans
Cyb5d2,11.0,72590751.0,rs6345660,3,17057226,17534546,1.8989333201137401e-06,0.011646013984977647,,trans
Hebp2,10.0,18259929.0,rs13480526,10,19098323,19843775,1.9012665411408548e-06,0.011658038010841119,838394.0,cis
Abca3,17.0,24488991.0,CEL-17_29648158,17,31179361,31326531,1.9038423365469884e-06,0.011671544431370461,6690370.0,trans
4930429B21Rik,3.0,32264411.0,rs13477011,3,21265674,23338085,1.9056705452539947e-06,0.011680463361788998,8926326.0,trans
Xrcc3,12.0,113041403.0,rs13481632,12,107634513,107634513,1.908453941702025e-06,0.011695232301878054,5406890.0,trans
Tarsl2,7.0,72789800.0,gnf07.050.858,7,63779524,65367119,1.9106462482431904e-06,0.011706373897330079,7422681.0,trans
Vwa8,14.0,79249038.0,rs3701623,14,73597329,78358585,1.913393273772697e-06,0.011720556679753755,890453.0,cis
Stx6,1.0,157005872.0,rs6267646,1,154395967,154628105,1.9137103787720482e-06,0.011720556679753755,2377767.0,trans
Gm7120,13.0,120281511.0,rs13482038,13,120059029,120203851,1.9156250676982765e-06,0.01172998683433666,77660.0,cis
Mss51,14.0,21302091.0,rs3710916,14,8852064,10238923,1.916667410709732e-06,0.011734072689499832,11063168.0,trans
Gm25089,7.0,66858017.0,rs13479238,7,56717300,62761533,1.9203970649962406e-06,0.011754605775700915,4096484.0,trans
Prmt3,7.0,57033716.0,D7Mit199,7,73078958,73078958,1.923988209476011e-06,0.011774283186366426,16045242.0,trans
Jade2,11.0,51626958.0,rs3668680,11,55886003,56329568,1.928272283725857e-06,0.01179378405227559,4259045.0,trans
Xaf1,11.0,72115165.0,gnf11.079.978,11,75282894,76408655,1.928367794300138e-06,0.01179378405227559,3167729.0,trans
Zfp760,17.0,21844702.0,rs13482930,17,26950947,27588409,1.9285916197353837e-06,0.01179378405227559,5106245.0,trans
Ercc5,1.0,44204692.0,gnf01.044.538,1,47261017,53068366,1.929042076130074e-06,0.01179378405227559,3056325.0,trans
Mfsd4,1.0,133919383.0,rs8256197,1,130485641,130485675,1.9291175272896137e-06,0.01179378405227559,3433708.0,trans
C530005A16Rik,4.0,116268447.0,rs3664637,4,108237103,110787831,1.9296838877044934e-06,0.01179378405227559,5480616.0,trans
Ercc5,1.0,44204692.0,rs3686293,1,58173264,58643671,1.9298137000437457e-06,0.01179378405227559,13968572.0,trans
Bai1,15.0,74346626.0,rs3708614,15,67951984,68411284,1.9313355788568735e-06,0.011800779509842785,5935342.0,trans
Nedd8,14.0,56281100.0,rs13476241,1,174792335,175262195,1.932128235731234e-06,0.01180331743888201,,trans
Sntg1,1.0,8352742.0,D1Mit1,1,11505583,11505583,1.9329332556169045e-06,0.011804671275073975,3152841.0,trans
Nlrp1c-ps,11.0,71055932.0,rs3695202,11,64515287,64515287,1.9333773170225922e-06,0.011804671275073975,6540645.0,trans
Tmco6,18.0,36894722.0,rs13483310,18,38814808,39822463,1.933481865276603e-06,0.011804671275073975,1920086.0,cis
Gm9292,12.0,22888215.0,rs6238712,12,28507708,29676794,1.9344588364896215e-06,0.01180642363712456,5619493.0,trans
Gm4793,1.0,137481350.0,rs13459051,1,132747530,134993250,1.9345236726701045e-06,0.01180642363712456,2488100.0,trans
Paxbp1,16.0,91015021.0,rs4212088,16,85087449,85165754,1.938043632337836e-06,0.011825599013860728,5849267.0,trans
Lrrc2,9.0,110854049.0,mCV22843303,9,111560313,112051865,1.9385819214259063e-06,0.011826576833981365,706264.0,cis
Mkl2,16.0,13415590.0,rs3695481,16,67888887,69011703,1.9422244546504686e-06,0.011846488434706605,54473297.0,trans
Clic5,17.0,44271839.0,rs13479163,7,27852866,27852866,1.943523201612927e-06,0.011852099267315026,,trans
Esd,14.0,75132125.0,rs3723413,14,71665657,71920112,1.9447414398678283e-06,0.011857217045981559,3212013.0,trans
Ttc28,5.0,111717229.0,rs6331425,5,112371951,113588568,1.9457093703807987e-06,0.011859894157224028,654722.0,cis
Cetn4,1.0,21262484.0,rs6274061,3,38788807,38788982,1.945938728930105e-06,0.011859894157224028,,trans
Copb1,7.0,121359073.0,rs13479470,7,121842519,121842519,1.9490397798189935e-06,0.011876480352101142,483446.0,cis
Cdk8,5.0,147043251.0,mCV25009162,5,145297027,147394031,1.949695048628882e-06,0.011878159608038594,0.0,cis
Bloc1s6,2.0,122564241.0,rs13476716,2,115487885,116411066,1.95236671277093e-06,0.011892120337070593,6153175.0,trans
Tstd2,4.0,46127618.0,rs13477694,4,49601465,49601465,1.95341246105083e-06,0.011896173893028494,3473847.0,trans
Cd59a,2.0,103936010.0,rs6280864,13,70216413,70216413,1.953867503377315e-06,0.011896629204663504,,trans
Kif1c,11.0,70543641.0,rs13481117,11,79065732,79360701,1.9586838203393694e-06,0.011923165925501172,8522091.0,trans
Fam167a,14.0,64055292.0,rs4230383,14,54987778,55236881,1.958988068777166e-06,0.011923165925501172,8818411.0,trans
Leprotl1,8.0,35198626.0,D8Mit294,8,40490765,40490765,1.961725508899692e-06,0.011937504582725418,5292139.0,trans
Gm23145,7.0,66680294.0,rs13479276,7,65717523,66413236,1.9662092973371946e-06,0.011958931426885668,267058.0,cis
1500015L24Rik,19.0,20479778.0,rs3694495,19,19963542,20275351,1.9663934537079978e-06,0.011958931426885668,204427.0,cis
1500015L24Rik,19.0,20479778.0,rs3023480,19,20420531,20717814,1.9663934537079978e-06,0.011958931426885668,0.0,cis
Pus7l,15.0,94353071.0,rs13482723,15,94999572,94999572,1.9696339388958778e-06,0.011976310738110754,646501.0,cis
Tnfaip6,2.0,51893633.0,rs13476470,2,45047811,45193636,1.9704631386390355e-06,0.01197688264338941,6699997.0,trans
Fah,7.0,91733669.0,D7Mit301,7,98732421,98732421,1.97049368120496e-06,0.01197688264338941,6998752.0,trans
Sfrp1,8.0,24521990.0,D8Mit189,8,35339349,35339349,1.97533787105044e-06,0.012003993943955718,10817359.0,trans
Ddx59,1.0,138311848.0,rs13459051,1,132747530,134993250,1.97663496608488e-06,0.012009342622784075,3318598.0,trans
Il3ra,14.0,15179009.0,gnf14.013.298,14,20733677,23539821,1.976985793568325e-06,0.012009342622784075,5554668.0,trans
Acp1,12.0,31578191.0,rs13481388,12,35446738,35460717,1.981957424880826e-06,0.012037205833821259,3868547.0,trans
Sybu,15.0,44503402.0,rs6260449,15,22159044,26360802,1.9846832885863905e-06,0.012051421447121102,18142600.0,trans
Mela,8.0,125949778.0,rs3700596,9,86198704,86456295,1.9852100135583733e-06,0.012052280493658214,,trans
Thbs1,2.0,117937629.0,rs6265656,2,156689630,158441351,1.9882945751180455e-06,0.01206866491066034,38752001.0,trans
Hebp2,10.0,18259929.0,rs13459119,10,20045489,20493290,1.9900426405255857e-06,0.012075885448448008,1785560.0,cis
Rnf38,4.0,44139082.0,CEL-4_34185403,4,34041019,35257017,1.9902561635473215e-06,0.012075885448448008,8882065.0,trans
Zfp457,13.0,67393386.0,rs13481874,13,73106373,73106373,1.9917853258646823e-06,0.012082820197106013,5712987.0,trans
Nxpe4,9.0,47970106.0,mCV23098764,9,51521230,51995283,1.9958232567031526e-06,0.012104968315349211,3551124.0,trans
Lrrc51,7.0,109061507.0,rs3724540,7,114542346,114746367,1.9962592161640556e-06,0.012105265583717825,5480839.0,trans
Tmprss7,16.0,45656430.0,rs4180247,16,45072729,45541113,2.000502274917069e-06,0.012127028349637558,115317.0,cis
Arhgef15,11.0,68756656.0,gnf11.079.978,11,75282894,76408655,2.000623362862957e-06,0.012127028349637558,6526238.0,trans
Rnf38,4.0,44139082.0,rs3707178,4,47049015,47049015,2.0018683798527703e-06,0.012132224424885615,2909933.0,trans
Cryz,3.0,154260163.0,rs6161409,3,151146793,151227284,2.0053323113392732e-06,0.012150863504401345,3032879.0,trans
Jmjd7,2.0,119853242.0,rs3708635,2,125704535,127840968,2.0087166938228555e-06,0.012169013448977948,5851293.0,trans
Gm13375,2.0,20891520.0,rs13476408,2,30296487,30541429,2.0110516799314447e-06,0.01218080024459876,9404967.0,trans
Olfr527,7.0,147521763.0,rs4228452,10,110731307,110731307,2.011471122955492e-06,0.012180982411577867,,trans
Ccnb1ip1,14.0,51409488.0,rs13482193,14,56241527,57409827,2.012477963149017e-06,0.012184720954739723,4832039.0,trans
Folh1,7.0,93867497.0,rs3672782,7,95155270,96589291,2.0133030452758462e-06,0.012187357794185305,1287773.0,cis
Chmp3,6.0,71493848.0,mhcCD8b4,6,71278246,75834707,2.014225789813272e-06,0.012190584690057018,0.0,cis
Vps33a,5.0,123979111.0,rs3671202,5,125290218,125382920,2.0194757653597603e-06,0.012217472191595026,1311107.0,cis
Spag8,4.0,43664332.0,rs13477678,4,45502303,45717875,2.0195411457879397e-06,0.012217472191595026,1837971.0,cis
Chil1,1.0,136079041.0,rs13476163,1,148717645,153539523,2.019839958518456e-06,0.012217472191595026,12638604.0,trans
Igtp,11.0,58013058.0,rs13481045,11,58057820,58381052,2.0206500316528753e-06,0.012220009383361687,44762.0,cis
Sh3bp1,15.0,78730216.0,rs3708614,15,67951984,68411284,2.0235481639559827e-06,0.012235170824200716,10318932.0,trans
Gm23933,7.0,66645190.0,CEL-7_43304662,7,62999955,63232349,2.0248971658992403e-06,0.012240961561982892,3412841.0,trans
Mysm1,4.0,94608732.0,rs13477860,4,97010926,101102849,2.0295298752962454e-06,0.012266080417460537,2402194.0,trans
Diablo,5.0,123961339.0,rs13478499,5,123738719,124845980,2.029836496250939e-06,0.012266080417460537,0.0,cis
Gm17087,17.0,8758803.0,rs13480601,10,44026225,44026225,2.0351578956480148e-06,0.01229586195919577,,trans
9530068E07Rik,11.0,52209930.0,rs6199956,11,50558769,51384701,2.037202839432818e-06,0.01230374709959615,825229.0,cis
Tmem62,2.0,120802798.0,rs6411422,2,128199226,129125488,2.0372495928406464e-06,0.01230374709959615,7396428.0,trans
Pold3,7.0,107230621.0,rs13479395,7,97208893,98602160,2.0393389174647464e-06,0.012311611830095973,8628461.0,trans
Pold3,7.0,107230621.0,CEL-7_79063914,7,98979741,99797453,2.0393389174647464e-06,0.012311611830095973,7433168.0,trans
2810002D19Rik,2.0,94246308.0,rs13476609,2,83092617,91849773,2.040179536133275e-06,0.012314310333137572,2396535.0,trans
Snrnp25,11.0,32105415.0,rs3023251,11,20853304,27484969,2.0426151645767232e-06,0.012325955020878914,4620446.0,trans
Actr5,2.0,158450649.0,rs6209325,2,147881059,149804748,2.0428967782254627e-06,0.012325955020878914,8645901.0,trans
5830403L16Rik,1.0,155696672.0,rs3693161,1,162215219,163901483,2.045126694425983e-06,0.01233703000081959,6518547.0,trans
Hspa8,9.0,40609356.0,rs4227587,9,32562505,33190827,2.0466394135344026e-06,0.012343775122117462,7418529.0,trans
Chmp3,6.0,71493848.0,rs13478831,6,76132093,76390846,2.047984204658943e-06,0.01234950502425285,4638245.0,trans
Adh6b,3.0,138015342.0,rs4221957,3,129527944,132189066,2.04940807529054e-06,0.012355709481626655,5826276.0,trans
Serac1,17.0,6040718.0,UT_17_3.221024,17,6039015,7955311,2.0502860162466553e-06,0.012358620817999445,0.0,cis
Parp2,14.0,51427621.0,mCV23384307,14,49708958,49708958,2.0511422390628957e-06,0.01236129900835237,1718663.0,cis
Mrps14,1.0,162125391.0,rs13476208,1,163955813,164935095,2.0515205882054228e-06,0.01236129900835237,1830422.0,cis
Edem1,6.0,108778646.0,rs13478951,6,105762437,110706035,2.054850842192457e-06,0.01237898098792366,0.0,cis
Mcm6,1.0,130228167.0,rs13476163,1,148717645,153539523,2.0554379048244618e-06,0.012380133608908757,18489478.0,trans
Gm13152,4.0,146881712.0,rs6316136,4,142959727,144118897,2.0627940871336493e-06,0.012422049106913781,2762815.0,trans
Got1l1,8.0,28307931.0,D8Mit189,8,35339349,35339349,2.0664957578739464e-06,0.012441268832378867,7031418.0,trans
Nfu1,6.0,86959883.0,rs3706039,6,77051817,77471759,2.0667810717920875e-06,0.012441268832378867,9488124.0,trans
Focad,4.0,87767203.0,rs13477746,4,65605269,66843059,2.0683660697580526e-06,0.012448414634696061,20924144.0,trans
Idua,5.0,109098330.0,rs13478434,5,104572764,106233590,2.0748829147875224e-06,0.012485234189426224,2864740.0,trans
2810002D19Rik,2.0,94246308.0,D2Mit12,2,102941479,103740090,2.075592609924098e-06,0.01248710282425491,8695171.0,trans
Hfm1,5.0,107330908.0,rs13478428,5,103062844,103441851,2.076069541192789e-06,0.012487570664463396,3889057.0,trans
Tmem63a,1.0,182872649.0,rs13476267,1,182213911,184421782,2.077953996555735e-06,0.012494328980338525,0.0,cis
Gucy1b3,3.0,81835928.0,rs6358426,18,16573191,20666881,2.077991883936667e-06,0.012494328980338525,,trans
Arfrp1,2.0,181092534.0,rs6305540,2,180825582,181542229,2.0803441526748624e-06,0.01250606882554024,0.0,cis
Tmem260,14.0,49066131.0,rs13482156,14,45858402,46175355,2.084781344578065e-06,0.012530335347497028,2890776.0,trans
Esd,14.0,75132125.0,rs13482248,14,72506627,72653812,2.0885697674588622e-06,0.01255069394533084,2478313.0,trans
4833403I15Rik,18.0,47009693.0,rs3683264,18,41940684,42908436,2.0898576403238272e-06,0.012556021231676987,4101257.0,trans
Klhl5,5.0,65498820.0,rs3657916,5,63556502,63605205,2.091063117102791e-06,0.012560851525412269,1893615.0,cis
Zfyve21,12.0,113052451.0,D12Mit280,12,112417841,112417841,2.093906736229148e-06,0.0125748348603198,634610.0,cis
Ankfy1,11.0,72503504.0,rs13481070,11,64909099,67090601,2.094194901205111e-06,0.0125748348603198,5412903.0,trans
Ddx59,1.0,138311848.0,D1Mit91,1,128355210,128413910,2.0950638923172705e-06,0.012576974836456206,9897938.0,trans
Larp1,11.0,57873979.0,rs13481018,11,50196764,50196764,2.0953553401503675e-06,0.012576974836456206,7677215.0,trans
Tmem62,2.0,120802798.0,rs13476740,2,121412769,122144319,2.097210594677352e-06,0.01258569589786565,609971.0,cis
Gm5070,3.0,95214268.0,rs13482930,17,26950947,27588409,2.0976797550196094e-06,0.012586097036690102,,trans
Edem1,6.0,108778646.0,rs13478975,6,112093706,112800819,2.0987314951427262e-06,0.012588799050351854,3315060.0,trans
Serhl,15.0,82930643.0,D15Mit189,15,82471605,82471605,2.0989348962929945e-06,0.012588799050351854,459038.0,cis
Klhdc9,1.0,173288580.0,rs13476281,1,186146231,186146231,2.09946496372853e-06,0.012589564596640151,12857651.0,trans
Tcea1,1.0,4847895.0,rs8236463,1,5579194,6217922,2.1001560307248452e-06,0.012591295107775674,731299.0,cis
Arhgef2,3.0,88425060.0,rs6243021,3,84948288,85493836,2.1053243726181065e-06,0.01261986290820195,2931224.0,trans
4930466F19Rik,4.0,42594761.0,rs13477694,4,49601465,49601465,2.10705574122421e-06,0.012627821596364422,7006704.0,trans
Acyp2,11.0,30405991.0,rs3023251,11,20853304,27484969,2.109084533372289e-06,0.012637559387072827,2921022.0,trans
Gm4924,10.0,81817000.0,mCV23575714,1,194086272,194439430,2.1105905902435018e-06,0.012642989412051433,,trans
Actl6a,3.0,32607648.0,rs13475616,3,32476136,33601927,2.1111267176701753e-06,0.012642989412051433,0.0,cis
Zfp738,13.0,67770426.0,rs13481870,13,71140974,71140974,2.111203157307616e-06,0.012642989412051433,3370548.0,trans
Gm19924,12.0,20202456.0,rs6238712,12,28507708,29676794,2.116029930637496e-06,0.01266946941386416,8305252.0,trans
Tmod1,4.0,46073838.0,rs3707178,4,47049015,47049015,2.1175836998059126e-06,0.01267634632100619,975177.0,cis
Sybu,15.0,44503402.0,rs3680788,15,19035011,22085378,2.119346749242781e-06,0.012684220958431362,22418024.0,trans
Dse,10.0,33871199.0,rs6391253,3,143405392,144305924,2.119710064698126e-06,0.012684220958431362,,trans
Tpra1,6.0,88852245.0,rs3701169,6,89298447,89615026,2.1215095805334533e-06,0.012692561351472413,446202.0,cis
Tnfaip6,2.0,51893633.0,rs13476503,2,53042643,54904605,2.122373491879913e-06,0.012695302093528073,1149010.0,cis
Gm23660,7.0,66666303.0,D7Mit199,7,73078958,73078958,2.1238191824494634e-06,0.012701521123959359,6412655.0,trans
Cyb5d2,11.0,72590751.0,rs3696263,3,17771987,18466141,2.1264729530843513e-06,0.012714961330666416,,trans
Il15,8.0,84855523.0,rs13479825,8,85707108,85950408,2.1289802379669373e-06,0.01272752067602687,851585.0,cis
C530030P08Rik,11.0,32625889.0,rs13480888,11,16853390,17636603,2.1343195262686568e-06,0.012754565470580107,14989286.0,trans
C530030P08Rik,11.0,32625889.0,rs13480894,11,17845701,18067657,2.1343195262686568e-06,0.012754565470580107,14558232.0,trans
Cd59a,2.0,103936010.0,gnf13.057.501,13,59546202,59546202,2.1347483204291586e-06,0.01275469149249972,,trans
Ccna2,3.0,36463787.0,rs3151902,3,36502923,36502923,2.136495744790233e-06,0.012762694511900308,39136.0,cis
Lgr6,1.0,136882930.0,D1Mit218,1,129336687,129336687,2.143379829506168e-06,0.012801373268755844,7546243.0,trans
Gm11826,4.0,13409902.0,rs13481087,11,69415411,70265537,2.1448216599564727e-06,0.012807539505988673,,trans
Cc2d2a,5.0,44053683.0,rs13478212,5,43571361,44040634,2.145302328799143e-06,0.012807965026347236,13049.0,cis
Dgat2,7.0,106302168.0,CEL-7_88290939,7,108094541,111033533,2.149087234326487e-06,0.012825666519779207,1792373.0,cis
Dgat2,7.0,106302168.0,rs3023151,7,103823533,107944155,2.149087234326487e-06,0.012825666519779207,0.0,cis
Mgat3,15.0,80004151.0,D15Mit189,15,82471605,82471605,2.1533503436926442e-06,0.012848657487353898,2467454.0,trans
Rfwd2,1.0,161162457.0,rs13476208,1,163955813,164935095,2.15897592573749e-06,0.012879767767670521,2793356.0,trans
Dpp7,2.0,25207807.0,rs6288325,2,42741654,43300080,2.1620100996734968e-06,0.012895409611182126,17533847.0,trans
Dock10,1.0,80497763.0,rs13475954,1,82901014,83335506,2.164898533920519e-06,0.012907846439652804,2403251.0,trans
Bok,1.0,95582271.0,rs13475979,1,93218894,93218894,2.1651198152259242e-06,0.012907846439652804,2363377.0,trans
Ugdh,5.0,65804458.0,rs3657916,5,63556502,63605205,2.165333029982692e-06,0.012907846439652804,2199253.0,trans
Arhgef19,4.0,140798799.0,rs6316136,4,142959727,144118897,2.1662810636580526e-06,0.012910272069574827,2160928.0,trans
9630014M24Rik,18.0,38761188.0,rs13483299,18,36279726,37850372,2.166565295462992e-06,0.012910272069574827,910816.0,cis
C7,15.0,4938822.0,rs13459176,15,3229129,3229129,2.1703731696625144e-06,0.012925864101726319,1709693.0,cis
C7,15.0,4938822.0,rs13482418,15,3619112,3619112,2.1703731696625144e-06,0.012925864101726319,1319710.0,cis
Gm2808,17.0,6106888.0,rs13482845,17,4593482,4593482,2.1707898157382253e-06,0.012925864101726319,1513406.0,cis
Gm12321,11.0,70870674.0,mCV23098764,9,51521230,51995283,2.170834616164101e-06,0.012925864101726319,,trans
Gm10568,1.0,3670652.0,rs3655978,1,13373071,14464945,2.1897708367961016e-06,0.0130361354115676,9702419.0,trans
Gm25229,7.0,66669461.0,rs13479305,7,73316124,73426174,2.194906942760144e-06,0.013064225601793704,6646663.0,trans
Klhl1,14.0,96504484.0,rs13482313,14,94110424,96608537,2.195925303172634e-06,0.013065893882421265,0.0,cis
Cbs,17.0,31749585.0,rs13482934,17,27985170,29917068,2.1960225360163137e-06,0.013065893882421265,1832517.0,cis
Trim30d,7.0,111620222.0,D7Mit323,7,108024450,108024450,2.1966639278421818e-06,0.013067224826992869,3595772.0,trans
Tceanc2,4.0,106806767.0,rs13477881,4,103313312,104187378,2.1984792384123505e-06,0.013075537190976604,2619389.0,trans
Pcdhb8,18.0,37514925.0,rs3666799,18,32047327,34074322,2.199895568362144e-06,0.013081473893905618,3440603.0,trans
Pqlc3,12.0,16995454.0,rs6238712,12,28507708,29676794,2.2014943678504694e-06,0.013088493172287155,11512254.0,trans
Tmod1,4.0,46073838.0,rs6232550,4,40972607,40972607,2.20339424979496e-06,0.013097299461660843,5101231.0,trans
Gm14140,2.0,149936348.0,rs13483200,18,9902165,9902165,2.204040016911413e-06,0.013098587975077586,,trans
Zscan26,13.0,21534099.0,rs13476241,1,174792335,175262195,2.2044484172150716e-06,0.013098587975077586,,trans
Fam78b,1.0,168931606.0,rs13476267,1,182213911,184421782,2.2056281092553003e-06,0.01310220683205358,13282305.0,trans
Rnps1,6.0,7932358.0,rs13482967,17,37015393,39314866,2.206520523991733e-06,0.01310220683205358,,trans
5330438I03Rik,1.0,168238877.0,rs4222763,1,165315111,168178248,2.206635754864813e-06,0.01310220683205358,60629.0,cis
Rd3,1.0,193801254.0,rs8253327,1,193731997,193731997,2.206732716033288e-06,0.01310220683205358,69257.0,cis
Gar1,3.0,129527830.0,rs4221957,3,129527944,132189066,2.214164403364845e-06,0.013143837010707472,114.0,cis
Adpgk,9.0,59139379.0,rs4227706,9,62226500,64300970,2.2193497736023943e-06,0.013172119219781234,3087121.0,trans
Kcnip3,2.0,127282232.0,UT_2_119.151187,2,118706767,121192484,2.2201332759536636e-06,0.013174270017273353,6089748.0,trans
Tstd2,4.0,46127618.0,D4Mit286,4,43209772,43209772,2.220741107681627e-06,0.013175377767267774,2917846.0,trans
Zfp277,12.0,41041633.0,CEL-12_40825549,12,46764168,47327316,2.221898036035229e-06,0.013179742200727295,5722535.0,trans
Dars,1.0,130260284.0,gnf01.127.292,1,129548234,130226591,2.2273061490112694e-06,0.013206813499194732,33693.0,cis
Dars,1.0,130260284.0,gnf01.126.387,1,128625711,129064813,2.2273061490112694e-06,0.013206813499194732,1195471.0,cis
Zbbx,3.0,74841829.0,CEL-3_75140206,3,74542042,75418536,2.233280261143454e-06,0.013239727576369875,0.0,cis
LOC102631912,12.0,103206384.0,rs6310820,12,101866284,103122572,2.238495779943723e-06,0.013265619426134741,83812.0,cis
LOC102631912,12.0,103206384.0,rs6177548,12,101182677,101182677,2.238495779943723e-06,0.013265619426134741,2023707.0,trans
Gmip,8.0,72332586.0,rs13479846,8,79783027,79924634,2.242265682165253e-06,0.013285443701719536,7450441.0,trans
Mela,8.0,125949778.0,rs3669564,9,87780386,88102529,2.242772083256217e-06,0.013285927858379724,,trans
C630016N16Rik,7.0,31514598.0,rs13479188,7,36124857,37123347,2.2470223167945956e-06,0.013308585672402253,4610259.0,trans
Gm25874,7.0,66706485.0,CEL-7_43304662,7,62999955,63232349,2.249474007767569e-06,0.0133205845797473,3474136.0,trans
Bloc1s6,2.0,122564241.0,rs6411422,2,128199226,129125488,2.253321903841263e-06,0.01334038617903103,5634985.0,trans
Camk4,18.0,33098814.0,rs13483269,18,28455186,28455186,2.2536707993646025e-06,0.01334038617903103,4643628.0,trans
Kctd5,17.0,24184701.0,rs13482930,17,26950947,27588409,2.259134127350776e-06,0.01337019598187884,2766246.0,trans
Kdm6b,11.0,69212010.0,rs6217738,11,72486318,72978471,2.2605610946781754e-06,0.013374842039214662,3274308.0,trans
Fam183b,11.0,58606305.0,rs13481045,11,58057820,58381052,2.2607742202964134e-06,0.013374842039214662,225253.0,cis
Il3ra,14.0,15179009.0,rs3710916,14,8852064,10238923,2.2674302756363427e-06,0.013411683313443001,4940086.0,trans
Chpt1,10.0,87936058.0,rs6397304,10,92435431,93979400,2.2721666379193006e-06,0.013437157962255718,4499373.0,trans
Pus7l,15.0,94353071.0,rs6326790,15,90376372,90376372,2.2746419021494763e-06,0.013446712377243332,3976699.0,trans
Pus7l,15.0,94353071.0,rs13482710,15,91723349,92673806,2.2746419021494763e-06,0.013446712377243332,1679265.0,cis
Ceacam16,7.0,20437449.0,rs13480777,10,115571078,115571078,2.276267841805621e-06,0.013453781951892644,,trans
Rhobtb3,13.0,76006985.0,rs3722797,13,81063898,81063898,2.2768903624794094e-06,0.013454919311817626,5056913.0,trans
Sfrp1,8.0,24521990.0,rs6182243,8,35372423,36878789,2.281888231633315e-06,0.013479361103715122,10850433.0,trans
Sfrp1,8.0,24521990.0,rs3697344,8,34630321,35274784,2.281888231633315e-06,0.013479361103715122,10108331.0,trans
Hdhd3,4.0,62160046.0,rs13477759,4,68938180,68938180,2.2845357855750147e-06,0.01349245282321595,6778134.0,trans
Dnajc17,2.0,118998236.0,rs13476740,2,121412769,122144319,2.2852328598374573e-06,0.013494022255165453,2414533.0,trans
S1pr1,3.0,115413353.0,rs13477322,3,109232255,111520272,2.286297440676358e-06,0.013497760766899689,3893081.0,trans
Dgat2,7.0,106302168.0,rs13479416,7,103132457,103132457,2.287343383611958e-06,0.013501387854851346,3169711.0,trans
Rrs1,1.0,9535507.0,rs6298633,1,6820242,11259433,2.2931077508350907e-06,0.013532859528406249,0.0,cis
Cdh18,15.0,23403784.0,rs13482497,15,28251498,29369988,2.2965624253062928e-06,0.013550691164683822,4847714.0,trans
Jund,8.0,73222848.0,rs13479846,8,79783027,79924634,2.2992537905707524e-06,0.01356235735661404,6560179.0,trans
Dvl2,11.0,69814119.0,rs3677986,11,67961048,68740438,2.2994066502613145e-06,0.01356235735661404,1073681.0,cis
LOC102639173,7.0,108985265.0,rs13479451,7,114512549,114512549,2.3077584600114835e-06,0.01360854987752876,5527284.0,trans
Lpo,11.0,87619930.0,rs3720112,11,87668082,88249193,2.3081082814597448e-06,0.01360854987752876,48152.0,cis
Gpn2,4.0,133140295.0,rs3664871,4,132410010,133808951,2.3107642019917087e-06,0.013616914129732956,0.0,cis
Gpn2,4.0,133140295.0,rs3663950,4,135285446,135525152,2.3107642019917087e-06,0.013616914129732956,2145151.0,trans
Micalcl,7.0,119517847.0,rs6280792,7,120195001,120696710,2.3112679871677085e-06,0.013616914129732956,677154.0,cis
Micalcl,7.0,119517847.0,rs3726501,7,118971889,119466660,2.3112679871677085e-06,0.013616914129732956,51187.0,cis
Mrps14,1.0,162125391.0,rs13483200,18,9902165,9902165,2.313498912032824e-06,0.013625529730211505,,trans
C330024D21Rik,5.0,67858153.0,CEL-5_67747877,5,69527299,71133299,2.313601441670413e-06,0.013625529730211505,1669146.0,cis
Stab2,10.0,86303943.0,rs6397304,10,92435431,93979400,2.3157014577521587e-06,0.013635330496251758,6131488.0,trans
Zfp758,17.0,22498420.0,CEL-17_20354682,17,21827381,23003494,2.3165584421880877e-06,0.013637809722826586,0.0,cis
Ttll3,6.0,113339254.0,rs13478993,6,117050639,119361486,2.32412039038337e-06,0.013679753377665346,3711385.0,trans
Gm25088,7.0,66708353.0,D7Mit199,7,73078958,73078958,2.3252275689910872e-06,0.013683695678853528,6370605.0,trans
Gpn2,4.0,133140295.0,rs6234904,4,138152372,139225623,2.328522902832543e-06,0.013698282114623608,5012077.0,trans
Zfp14,7.0,30821378.0,rs13479163,7,27852866,27852866,2.328581932323215e-06,0.013698282114623608,2968512.0,trans
Ankrd45,1.0,163072871.0,rs4222763,1,165315111,168178248,2.330482316094741e-06,0.013706131836253924,2242240.0,trans
Axdnd1,1.0,158253880.0,rs13476187,1,156052564,156052564,2.3307925505822e-06,0.013706131836253924,2201316.0,trans
Arhgef19,4.0,140798799.0,rs3675987,4,147659225,148197078,2.3324970307021146e-06,0.013713577222955903,6860426.0,trans
AA415398,4.0,119202906.0,D4Mit12,4,124048407,124048407,2.336125380187527e-06,0.013732328796609185,4845501.0,trans
Chil1,1.0,136079041.0,D1Mit218,1,129336687,129336687,2.3392099663024635e-06,0.013747877548274416,6742354.0,trans
Gm5113,7.0,30937229.0,rs4226520,7,30566471,31205553,2.345144751998963e-06,0.013780168350524823,0.0,cis
Cox5b,13.0,21592793.0,rs13475821,1,39578772,39578772,2.3476964696202765e-06,0.01379257170885227,,trans
Snrpa,7.0,27972025.0,rs13483502,19,4316396,4316396,2.3516486098857742e-06,0.013813196261265983,,trans
Abhd10,16.0,45730030.0,rs4192837,16,60328964,60328964,2.352702814709943e-06,0.013816794270643014,14598934.0,trans
Tmem182,1.0,40862601.0,rs13476187,1,156052564,156052564,2.353794552667457e-06,0.01382061131009725,115189963.0,trans
Spag8,4.0,43664332.0,rs6232550,4,40972607,40972607,2.3559886825544544e-06,0.013829536113103441,2691725.0,trans
Zfp457,13.0,67393386.0,rs3670719,13,69230931,70148388,2.3561986669768145e-06,0.013829536113103441,1837545.0,cis
Cbs,17.0,31749585.0,rs13482947,17,31769796,31769796,2.359269680944735e-06,0.013844963651300021,20211.0,cis
Mrpl48,4.0,88244872.0,rs13479416,7,103132457,103132457,2.359851813411668e-06,0.013845782573884854,,trans
Fgf1,18.0,38998834.0,rs13483299,18,36279726,37850372,2.3655541088851827e-06,0.013876636706891632,1148462.0,cis
Olfr1282,2.0,111175316.0,D11Mit99,11,99510152,99510152,2.366239012168177e-06,0.013878052137919724,,trans
Pcsk5,19.0,17507883.0,rs13483549,19,18231112,19172288,2.367042763907547e-06,0.013880163956898003,723229.0,cis
Nudt7,8.0,116657515.0,rs13480011,8,120068915,120068915,2.368551541644256e-06,0.013886408429941873,3411400.0,trans
Steap3,1.0,122123000.0,rs8256197,1,130485641,130485675,2.3691703014566696e-06,0.013887433519318778,8362641.0,trans
Scly,1.0,93194915.0,D1Mit45,1,94909764,94909764,2.3737674403880598e-06,0.013911774034919881,1714849.0,cis
Neu2,1.0,89340227.0,rs3692309,1,95148081,95906063,2.376646142730772e-06,0.013926036196836867,5807854.0,trans
Mmd2,5.0,143038319.0,mCV25017167,5,140893042,140917975,2.3799527709055346e-06,0.013940074006978167,2120344.0,trans
Asb3,11.0,30785452.0,gnf11.035.919,11,34953683,35696875,2.37996305726331e-06,0.013940074006978167,4168231.0,trans
Thoc7,14.0,14781528.0,rs3658866,14,23778000,23778000,2.3803786551546867e-06,0.013940074006978167,8996472.0,trans
Dnajc19,3.0,33956680.0,rs13477062,3,36739264,36836603,2.3823106704004145e-06,0.01394877720364915,2782584.0,trans
Rasal1,5.0,121098831.0,rs3701266,5,127163995,127163995,2.384156854586835e-06,0.013956974683778043,6065164.0,trans
Coa5,1.0,37473931.0,rs4222295,1,39053052,39053131,2.384616511384637e-06,0.013957053813754259,1579121.0,cis
Rpl29,2.0,134629629.0,rs13480387,9,103827403,105541853,2.385273960860955e-06,0.013958290369281017,,trans
Ociad2,5.0,73713438.0,CEL-5_67747877,5,69527299,71133299,2.3859721889441042e-06,0.013959765048372555,2580139.0,trans
Htr5b,1.0,123406335.0,gnf01.132.831,1,135115364,135695643,2.3869810717796017e-06,0.01395994733538372,11709029.0,trans
Dhx35,2.0,158620556.0,rs3675388,2,152495773,153967020,2.3872140905385646e-06,0.01395994733538372,4653536.0,trans
Gprc5b,7.0,126115561.0,mCV24779699,7,122555415,123277780,2.3879947850616075e-06,0.01395994733538372,2837781.0,trans
Cntnap2,6.0,45010087.0,rs6290329,6,48500579,48680756,2.3881145631902123e-06,0.01395994733538372,3490492.0,trans
Tstd2,4.0,46127618.0,rs13477715,4,55060597,56036004,2.3882345058236286e-06,0.01395994733538372,8932979.0,trans
Mina,16.0,59471668.0,rs4192837,16,60328964,60328964,2.38903162849823e-06,0.013961998012589865,857296.0,cis
5830403L16Rik,1.0,155696672.0,rs3653666,1,160477203,161687298,2.3913059147819215e-06,0.013972679162889374,4780531.0,trans
Coa3,11.0,101139282.0,rs13481180,11,98624973,98624973,2.3922218476693677e-06,0.013975420788925021,2514309.0,trans
D630004N19Rik,7.0,107694262.0,rs4226783,7,100081465,102651418,2.3940624809347986e-06,0.013983562505683039,5042844.0,trans
AI504432,3.0,106842422.0,mCV25367221,3,100965174,101413916,2.3946320944293844e-06,0.013984278625201645,5428506.0,trans
Cby1,15.0,79489657.0,rs3667755,15,78741347,81745213,2.404102785417314e-06,0.014036965682665804,0.0,cis
Arnt2,7.0,91394788.0,rs6394492,7,94381203,94381203,2.408885599149813e-06,0.014062266820776322,2986415.0,trans
Smarcal1,1.0,72629845.0,rs4137302,1,65557819,69302878,2.4188937971499897e-06,0.01411632012396275,3326967.0,trans
Dbil5,11.0,76031115.0,rs13480792,10,119844877,119844877,2.4190474654258053e-06,0.01411632012396275,,trans
Gdf1,8.0,72839673.0,rs3719174,8,83396538,84339460,2.4212621328708874e-06,0.014126608717417185,10556865.0,trans
Adpgk,9.0,59139379.0,rs3689326,9,53767155,54508270,2.4273552419947953e-06,0.014157310761349472,4631109.0,trans
Chchd6,6.0,89333145.0,rs3701169,6,89298447,89615026,2.4274294611342334e-06,0.014157310761349472,0.0,cis
Tmem18,12.0,31269336.0,rs13481357,12,27578331,28255508,2.4306372885237012e-06,0.014173377212207034,3013828.0,trans
LOC102639173,7.0,108985265.0,rs6394492,7,94381203,94381203,2.437882506372838e-06,0.014212975861342368,14604062.0,trans
Gm609,16.0,45416868.0,D16Mit12,16,39118134,39118134,2.438606450964832e-06,0.014214547491686333,6298734.0,trans
9630014M24Rik,18.0,38761188.0,rs13483308,18,38428527,38428527,2.440434664640375e-06,0.014222554081334587,332661.0,cis
Lrrc8b,5.0,105844794.0,rs13478430,5,103696017,104357982,2.4434595173262356e-06,0.014237530255014296,1486812.0,cis
Otud7a,7.0,70589658.0,rs3680765,7,56652493,56652493,2.4450740851383912e-06,0.014244284944669897,13937165.0,trans
H2-Ke6,17.0,34162978.0,gnf17.005.541,17,8688392,9032964,2.4483345631019235e-06,0.014259984295494353,25130014.0,trans
Tcea1,1.0,4847895.0,rs6298633,1,6820242,11259433,2.4486805714131626e-06,0.014259984295494353,1972347.0,cis
Hspb6,7.0,31338040.0,rs13479194,7,37555006,37568559,2.451186979434391e-06,0.014269182283178194,6216966.0,trans
Tmem132b,5.0,126229605.0,rs13478539,5,133538654,133538654,2.4516942094929328e-06,0.014269182283178194,7309049.0,trans
Ufsp1,5.0,137735876.0,rs8265855,5,138337848,139187687,2.451950659814292e-06,0.014269182283178194,601972.0,cis
Ankrd45,1.0,163072871.0,rs6209248,1,160302634,160302634,2.452084489147151e-06,0.014269182283178194,2770237.0,trans
Pgbd1,13.0,21513144.0,rs3714148,13,19994021,19994021,2.4564192196597284e-06,0.01429174853321909,1519123.0,cis
Slc22a2,17.0,12777055.0,rs13479276,7,65717523,66413236,2.459958674431278e-06,0.014309680239681502,,trans
Gm12650,4.0,93469036.0,rs13481128,11,83521936,87177234,2.4608507242368393e-06,0.01431112415997382,,trans
Gm25314,7.0,66627345.0,rs3693478,7,67179979,70463288,2.4611218120782446e-06,0.01431112415997382,552634.0,cis
Ipw,7.0,67009126.0,D7Mit199,7,73078958,73078958,2.4648256619870893e-06,0.014329998028542009,6069832.0,trans
Rsl1,13.0,67274118.0,rs13481870,13,71140974,71140974,2.4694538719412974e-06,0.014354237927292764,3866856.0,trans
Tnni1,1.0,137696016.0,CEL-1_152888326,1,154761280,155750989,2.472490549060308e-06,0.014368608603840118,17065264.0,trans
Gins4,8.0,24337097.0,CEL-8_25677705,8,28002388,28727629,2.472844744029439e-06,0.014368608603840118,3665291.0,trans
Bcl2l11,2.0,127951774.0,rs4223510,2,131679415,131819271,2.474394947789675e-06,0.014374946215194018,3727641.0,trans
Gm9936,5.0,115307081.0,rs13478483,5,118405616,119181448,2.4789805067079507e-06,0.014398912032111928,3098535.0,trans
LOC102637749,17.0,42864122.0,rs6242153,17,32068298,32078991,2.480683635220677e-06,0.014406129748596784,10785131.0,trans
Fan1,7.0,71491644.0,rs13479238,7,56717300,62761533,2.4818602016666266e-06,0.014408891145973372,8730111.0,trans
Chp1,2.0,119373443.0,rs13476716,2,115487885,116411066,2.4820803033485665e-06,0.014408891145973372,2962377.0,trans
H2-Eb1,17.0,34442812.0,rs3672987,17,33247165,35667114,2.486524251139806e-06,0.014432010955987616,0.0,cis
P4ha3,7.0,107434030.0,rs3724540,7,114542346,114746367,2.4968695224975424e-06,0.014489367649380662,7108316.0,trans
4930474N05Rik,14.0,36908103.0,rs13482864,17,9565936,10166446,2.498488664640236e-06,0.01449607461333155,,trans
4930505A04Rik,11.0,30326004.0,D11Mit79,11,19645820,19740965,2.499892470330846e-06,0.014499675460332631,10585039.0,trans
Ncaph,2.0,126929562.0,UT_2_119.151187,2,118706767,121192484,2.5000362623502793e-06,0.014499675460332631,5737078.0,trans
Tcea1,1.0,4847895.0,rs3655978,1,13373071,14464945,2.5005696199822226e-06,0.014500080633498863,8525176.0,trans
Itfg3,17.0,26349644.0,CEL-17_20354682,17,21827381,23003494,2.5020220685153327e-06,0.014505814211350783,3346150.0,trans
Zfp781,10.0,81364656.0,CEL-10_86185623,10,85914426,86348598,2.5053223269986195e-06,0.014522256609718707,4549770.0,trans
Mrpl48,4.0,88244872.0,rs4226783,7,100081465,102651418,2.5067003522325424e-06,0.014527552635690824,,trans
4932411E22Rik,11.0,89251537.0,rs13481150,11,89612737,89761882,2.5078375816419292e-06,0.014531451428896995,361200.0,cis
Gm5113,7.0,30937229.0,rs13479163,7,27852866,27852866,2.510497418733662e-06,0.014541822190849988,3084363.0,trans
Tmprss7,16.0,45656430.0,rs4179504,16,44259587,44662109,2.5105570312989817e-06,0.014541822190849988,994321.0,cis
March11,15.0,26317506.0,rs13482497,15,28251498,29369988,2.5132110366645877e-06,0.014552423417555457,1933992.0,cis
Use1,8.0,73890841.0,rs13479859,8,84568955,85463661,2.51388124830854e-06,0.014552423417555457,10678114.0,trans
Creg1,1.0,167693911.0,rs3693161,1,162215219,163901483,2.514067209201119e-06,0.014552423417555457,3792428.0,trans
Gm12321,11.0,70870674.0,rs3673816,9,47039895,47223570,2.514247951556114e-06,0.014552423417555457,,trans
Ifih1,2.0,62435358.0,rs3660779,2,60486383,60486383,2.5194362353049846e-06,0.014579755656557152,1948975.0,cis
Tjap1,17.0,46394823.0,rs13482997,17,43961585,44300073,2.529326048370699e-06,0.014634280089925499,2094750.0,trans
H2-K2,17.0,34112020.0,rs3672987,17,33247165,35667114,2.5312846109360033e-06,0.014642686624326127,0.0,cis
Tmem144,3.0,79617057.0,rs3674810,3,67946724,69548776,2.532009797492731e-06,0.014642686624326127,10068281.0,trans
Vps33a,5.0,123979111.0,rs13478499,5,123738719,124845980,2.5321831657453885e-06,0.014642686624326127,0.0,cis
Sord,2.0,122060560.0,rs13483110,17,76561295,76561295,2.5329528579662856e-06,0.01464443055340025,,trans
Wdr49,3.0,75200790.0,rs3699123,3,82199891,84792918,2.5360749286169456e-06,0.014658450946748409,6999101.0,trans
Fmn2,1.0,176431675.0,rs8242766,1,172981863,174164127,2.5363149950217163e-06,0.014658450946748409,2267548.0,trans
Cda,4.0,137894443.0,D4Mit339,4,133923341,133923341,2.5383916003520995e-06,0.014667742813341097,3971102.0,trans
Mul1,4.0,137990587.0,rs13478024,4,140884373,142095184,2.53996501430083e-06,0.014671414761037263,2893786.0,trans
Mul1,4.0,137990587.0,rs3718552,4,142466392,142466392,2.53996501430083e-06,0.014671414761037263,4475805.0,trans
Kif1c,11.0,70543641.0,gnf11.079.978,11,75282894,76408655,2.5409442310970587e-06,0.0146743614932758,4739253.0,trans
Cpt1c,7.0,52213854.0,rs3680765,7,56652493,56652493,2.542442100625409e-06,0.014680301887837198,4438639.0,trans
Dennd1b,1.0,140860363.0,gnf01.128.089,1,130357592,130357592,2.5460717609274233e-06,0.014696825251499982,10502771.0,trans
Slc7a11,3.0,49696436.0,rs13477076,3,41397766,41908056,2.5462433108278227e-06,0.014696825251499982,7788380.0,trans
Adpgk,9.0,59139379.0,rs13480201,9,53636371,53636371,2.5509436086103095e-06,0.014721239106284987,5503008.0,trans
Cacybp,1.0,162132500.0,rs6181202,1,156456243,159872935,2.5528713896992863e-06,0.014729646991412099,2259565.0,trans
B3galt4,17.0,34086857.0,rs3672987,17,33247165,35667114,2.5554405509778526e-06,0.014741751751255115,0.0,cis
Tsku,7.0,105499187.0,rs6353445,10,111131157,111836441,2.556671325445067e-06,0.014746132623913062,,trans
Rgl2,17.0,34066839.0,rs13482934,17,27985170,29917068,2.5631161312806015e-06,0.01477721182780523,4149771.0,trans
Cntnap5a,1.0,117581714.0,rs8256197,1,130485641,130485675,2.5631220512523613e-06,0.01477721182780523,12903927.0,trans
Pgm1,5.0,64484189.0,rs6265085,5,65141992,66605987,2.563476878582105e-06,0.01477721182780523,657803.0,cis
Rnps1,6.0,7932358.0,rs13482868,17,10586984,11481618,2.5707629616353097e-06,0.014816482451528234,,trans
4930432K21Rik,8.0,86672058.0,rs13479879,8,89032866,89627140,2.5721604686960166e-06,0.01482180630356746,2360808.0,trans
Snrnp25,11.0,32105415.0,rs3707185,11,19879676,20329768,2.5738734952027777e-06,0.014828946007754048,11775647.0,trans
Tmem62,2.0,120802798.0,rs3708635,2,125704535,127840968,2.57511926031664e-06,0.014833391529226983,4901737.0,trans
Gm13375,2.0,20891520.0,rs13476419,2,33305486,34748651,2.5759898897696718e-06,0.014833573798714979,12413966.0,trans
Zfp593,4.0,133799221.0,rs6386918,4,139323756,140081803,2.5760992183817426e-06,0.014833573798714979,5524535.0,trans
AI413582,17.0,27700714.0,CEL-17_20354682,17,21827381,23003494,2.5789891471174038e-06,0.01484436397711636,4697220.0,trans
Cc2d2a,5.0,44053683.0,UT_5_42.868696,5,44234624,44308008,2.579144009965631e-06,0.01484436397711636,180941.0,cis
Wsb2,5.0,117807314.0,rs3663155,5,128047890,128047890,2.5793966221506173e-06,0.01484436397711636,10240576.0,trans
Slc6a15,10.0,102830442.0,rs13480734,10,101838025,104949412,2.5853753571210373e-06,0.014876034872069333,0.0,cis
H2-Q2,17.0,35479278.0,gnf17.005.541,17,8688392,9032964,2.58631270567664e-06,0.014878691734971031,26446314.0,trans
Wtip,7.0,34894566.0,rs4226520,7,30566471,31205553,2.5918000195135833e-06,0.01490751811606248,3689013.0,trans
Gpr19,6.0,134819175.0,rs13479065,6,136698275,137509362,2.5940277928793393e-06,0.014917589117227154,1879100.0,cis
Srp14,2.0,118301579.0,UT_2_119.151187,2,118706767,121192484,2.597051645774431e-06,0.014932233624477672,405188.0,cis
Efnb3,11.0,69367607.0,rs6217738,11,72486318,72978471,2.5978982175505184e-06,0.01493435636552158,3118711.0,trans
Sgcb,5.0,74023988.0,rs3153753,5,76574922,77567065,2.6054341873845175e-06,0.014974926137811843,2550934.0,trans
Slc7a11,3.0,49696436.0,rs6324747,3,39931401,40903536,2.607439508736623e-06,0.014983699032610931,8792900.0,trans
Itpripl2,7.0,125629325.0,rs13479483,7,125869548,125869548,2.610586014673428e-06,0.014999025338843012,240223.0,cis
Epm2aip1,9.0,111174345.0,gnf09.106.408,9,109590965,110265341,2.614299547228957e-06,0.015017603248859689,909004.0,cis
Fam221a,6.0,49317822.0,CEL-6_51258475,6,51257406,51257406,2.6190043725832445e-06,0.015041867682411485,1939584.0,cis
9330160F10Rik,11.0,68871220.0,rs13481070,11,64909099,67090601,2.620285248791048e-06,0.015043842754177927,1780619.0,cis
Mtus1,8.0,42076266.0,rs3680402,8,33934049,34520656,2.6203100189635168e-06,0.015043842754177927,7555610.0,trans
Nphp1,2.0,127566468.0,rs3686617,2,122383806,125564678,2.622965818014338e-06,0.0150537879504765,2001790.0,trans
Tmem107,11.0,68884311.0,rs13481070,11,64909099,67090601,2.623004649655847e-06,0.0150537879504765,1793710.0,cis
F2rl2,13.0,96466875.0,rs13481968,13,99628244,100636777,2.6256282400897866e-06,0.015066081188897273,3161369.0,trans
Ugdh,5.0,65804458.0,gnf05.066.286,5,72415729,73519551,2.628298418049448e-06,0.015078637192735405,6611271.0,trans
Apip,2.0,102913832.0,rs6323360,2,106438339,106731368,2.634236757272218e-06,0.015109934706526386,3524507.0,trans
Gm26337,7.0,66678425.0,rs8260975,7,53682778,53682778,2.635675135035937e-06,0.015115413779197154,12995647.0,trans
Spsb3,17.0,25023656.0,rs13482934,17,27985170,29917068,2.63677909070702e-06,0.015118973307462718,2961514.0,trans
Fgl1,8.0,42276788.0,rs13479734,8,45708317,45708317,2.641359182859592e-06,0.015142459626003645,3431529.0,trans
Amdhd2,17.0,24292800.0,rs6242153,17,32068298,32078991,2.643205900907903e-06,0.015150270243949117,7775498.0,trans
Entpd2,2.0,25251423.0,rs13476352,2,13357844,13357844,2.6448146659467764e-06,0.015156714356283858,11893579.0,trans
Myom1,17.0,71368861.0,rs6317716,10,118914359,119215628,2.6470118383241754e-06,0.01516334748891942,,trans
Myom1,17.0,71368861.0,rs13480778,10,116782073,118297729,2.6470118383241754e-06,0.01516334748891942,,trans
Hspa8,9.0,40609356.0,rs13480120,9,30287464,30287464,2.647426230752821e-06,0.01516334748891942,10321892.0,trans
Gm11599,1.0,62707413.0,CEL-17_21879142,17,23322637,26350810,2.6486794590634227e-06,0.01516774849653949,,trans
Sec24d,3.0,122970414.0,rs13477364,3,118290074,119016593,2.6496341996293058e-06,0.01517043890636464,3953821.0,trans
AI504432,3.0,106842422.0,rs3698700,3,112036749,112489448,2.6503410803125926e-06,0.015171709473410585,5194327.0,trans
Acaa1a,9.0,119250412.0,RBMS3_AFFY_1452761,9,116482254,116482254,2.652868484783154e-06,0.015183399141951425,2768158.0,trans
Pak1,7.0,104991449.0,rs13459173,7,112784815,114369537,2.6550370254160214e-06,0.01519303099228425,7793366.0,trans
Mina,16.0,59471668.0,rs4188825,16,56652577,57425569,2.6561602477271947e-06,0.015196678744196957,2046099.0,trans
Ceacam16,7.0,20437449.0,rs13480759,10,108815683,110380616,2.6615170344843216e-06,0.01522454220819,,trans
Cacng5,11.0,107735919.0,rs3658400,19,59530841,60010466,2.6664354045483807e-06,0.015249888089930557,,trans
N4bp2l1,5.0,151374219.0,rs13476241,1,174792335,175262195,2.6679115229552033e-06,0.015253035241661064,,trans
Serpina1a,12.0,105091669.0,rs6310820,12,101866284,103122572,2.668448380289781e-06,0.015253035241661064,1969097.0,cis
Serpina1a,12.0,105091669.0,rs6177548,12,101182677,101182677,2.668448380289781e-06,0.015253035241661064,3908992.0,trans
1700001L05Rik,15.0,83187990.0,D15Mit189,15,82471605,82471605,2.671579722239429e-06,0.015268144487249821,716385.0,cis
Ccna2,3.0,36463787.0,rs13477062,3,36739264,36836603,2.6739929162327776e-06,0.015279144729698695,275477.0,cis
Fbln7,2.0,128689714.0,rs13476740,2,121412769,122144319,2.6745162293486437e-06,0.015279344183106194,6545395.0,trans
Ephb2,4.0,136209523.0,rs6355837,4,129390618,129630775,2.676325737790224e-06,0.01528689017564603,6578748.0,trans
Cntnap5a,1.0,117581714.0,rs13459051,1,132747530,134993250,2.6785118585180342e-06,0.0152965841901102,15165816.0,trans
Trim21,7.0,109706438.0,rs13479451,7,114512549,114512549,2.679939120506049e-06,0.015300954269291952,4806111.0,trans
Arhgef15,11.0,68756656.0,rs13481070,11,64909099,67090601,2.6803834841806895e-06,0.015300954269291952,1666055.0,cis
Hdhd3,4.0,62160046.0,rs6398138,4,50881072,51294470,2.6815974221261703e-06,0.015300954269291952,10865576.0,trans
Serpina1a,12.0,105091669.0,rs13481611,12,100818237,100818237,2.6821994521796447e-06,0.015300954269291952,4273432.0,trans
Tstd2,4.0,46127618.0,rs13477670,4,42803507,43197670,2.682211668298821e-06,0.015300954269291952,2929948.0,trans
Tstd2,4.0,46127618.0,rs13477674,4,43562053,44330250,2.682211668298821e-06,0.015300954269291952,1797368.0,cis
Cntn2,1.0,134406004.0,D1Mit218,1,129336687,129336687,2.68714232843454e-06,0.015326080798346079,5069317.0,trans
Gpn2,4.0,133140295.0,D4Mit339,4,133923341,133923341,2.6875960756395316e-06,0.015326080798346079,783046.0,cis
Cda,4.0,137894443.0,rs13478024,4,140884373,142095184,2.6913674441499234e-06,0.015341993973339766,2989930.0,trans
Cda,4.0,137894443.0,rs3718552,4,142466392,142466392,2.6913674441499234e-06,0.015341993973339766,4571949.0,trans
Cryz,3.0,154260163.0,CEL-3_145329096,3,144425239,144668168,2.694173656516244e-06,0.015355192676706573,9591995.0,trans
Dsel,1.0,113755394.0,mCV24201027,1,117626780,121957699,2.6949482116753227e-06,0.015356809439283886,3871386.0,trans
Pm20d1,1.0,133693972.0,rs13459051,1,132747530,134993250,2.70303871301831e-06,0.015400106981942378,0.0,cis
Zkscan16,4.0,58958999.0,rs13477694,4,49601465,49601465,2.7080079067535144e-06,0.015425608871675283,9357534.0,trans
Rnf208,2.0,25098458.0,rs13476364,2,19000350,22676436,2.709155330819221e-06,0.015429335516201298,2422022.0,trans
Edem1,6.0,108778646.0,rs13478971,6,111249787,112015841,2.711284667192345e-06,0.015438652029038954,2471141.0,trans
Gm10590,4.0,42472325.0,rs13477694,4,49601465,49601465,2.7119969552984877e-06,0.015439897634470946,7129140.0,trans
Ackr1,1.0,175261942.0,rs13476281,1,186146231,186146231,2.714023224326808e-06,0.015448622160645593,10884289.0,trans
BC051142,17.0,34535765.0,CEL-17_20354682,17,21827381,23003494,2.715931073503522e-06,0.015456669571823461,11532271.0,trans
Golga7b,19.0,42322064.0,CEL-19_44215541,19,44953380,46310146,2.7169475307881265e-06,0.01545964196667191,2631316.0,trans
Chga,12.0,103793179.0,rs6177548,12,101182677,101182677,2.7204102332586305e-06,0.015473716159297043,2610502.0,trans
Chga,12.0,103793179.0,rs6310820,12,101866284,103122572,2.7204102332586305e-06,0.015473716159297043,670607.0,cis
Zfp467,6.0,48377799.0,rs3696981,16,97617115,97617115,2.7217279986129993e-06,0.015478397365587532,,trans
Usmg5,19.0,47157954.0,rs13483657,19,49557686,50798145,2.7224473175034213e-06,0.015479674139104622,2399732.0,trans
Gm12176,11.0,47355312.0,CEL-17_29648158,17,31179361,31326531,2.724182532484559e-06,0.01548672572390395,,trans
Med8,4.0,118081942.0,rs13477881,4,103313312,104187378,2.725498043462656e-06,0.015490521123815689,13894564.0,trans
Pla2g4e,2.0,119992148.0,CEL-2_135876979,2,135953692,136253017,2.725840474298157e-06,0.015490521123815689,15961544.0,trans
Crocc,4.0,140572552.0,rs13478024,4,140884373,142095184,2.7271910175793644e-06,0.015492567504038431,311821.0,cis
Crocc,4.0,140572552.0,rs3718552,4,142466392,142466392,2.7271910175793644e-06,0.015492567504038431,1893840.0,cis
Parp9,16.0,35938556.0,rs4171932,16,34308446,35110655,2.7296981251361205e-06,0.015501180198379406,827901.0,cis
Parp9,16.0,35938556.0,rs4172779,16,35548162,36540314,2.7296981251361205e-06,0.015501180198379406,0.0,cis
Zfp87,13.0,67616717.0,rs4229817,13,66981471,67600532,2.730843056288843e-06,0.015504867475811389,16185.0,cis
Dnajc17,2.0,118998236.0,rs3686617,2,122383806,125564678,2.73295580592922e-06,0.015514047386800364,3385570.0,trans
Nudt6,3.0,37303904.0,petM-02707-1,3,37307265,38297775,2.734988355510466e-06,0.015522768781432106,3361.0,cis
Tmem144,3.0,79617057.0,rs13477251,3,88658602,90219227,2.7370885657399175e-06,0.015531870958948233,9041545.0,trans
Cntn2,1.0,134406004.0,rs13476138,1,141417668,141417668,2.744512185986293e-06,0.015571172556031148,7011664.0,trans
Gm4983,12.0,17999672.0,rs13481305,12,12798107,12798107,2.7467564633498977e-06,0.015579269438957497,5201565.0,trans
Rwdd3,3.0,120858783.0,rs13477369,3,119424850,119424850,2.7469352981161564e-06,0.015579269438957497,1433933.0,cis
Ninj2,6.0,120043316.0,rs13478992,6,116847501,116847501,2.7476577510640845e-06,0.015580542228846361,3195815.0,trans
Trim21,7.0,109706438.0,rs13479395,7,97208893,98602160,2.7512170393922284e-06,0.015595071646372584,11104278.0,trans
Trim21,7.0,109706438.0,CEL-7_79063914,7,98979741,99797453,2.7512170393922284e-06,0.015595071646372584,9908985.0,trans
Crat,2.0,30255996.0,rs13476413,2,31678178,33073858,2.7585429364290402e-06,0.01563159421182698,1422182.0,cis
Steap3,1.0,122123000.0,mCV24201027,1,117626780,121957699,2.7586595302761275e-06,0.01563159421182698,165301.0,cis
Ntn4,10.0,93103946.0,rs13480733,10,101577654,101577654,2.765183932554774e-06,0.015662481134641953,8473708.0,trans
Trim21,7.0,109706438.0,rs4226783,7,100081465,102651418,2.7652939608549562e-06,0.015662481134641953,7055020.0,trans
Serhl,15.0,82930643.0,rs6405854,15,87307012,87307012,2.7657808445501007e-06,0.015662481134641953,4376369.0,trans
Trmt61a,12.0,112916354.0,UT_12_105.036685,12,110698473,110748175,2.7661130618749506e-06,0.015662481134641953,2168179.0,trans
Ubtd2,11.0,32355372.0,D11Mit349,11,55602850,55602850,2.7667938392698263e-06,0.01566350085780562,23247478.0,trans
Plekhm2,4.0,141181650.0,rs3023025,4,142772319,142772319,2.767549520857864e-06,0.015664944186320858,1590669.0,cis
Ndufaf1,2.0,119481182.0,rs13476740,2,121412769,122144319,2.7742670529329074e-06,0.015697564231828737,1931587.0,cis
Cdh18,15.0,23403784.0,rs13482490,15,26705625,26705625,2.774668356441827e-06,0.015697564231828737,3301841.0,trans
Gba2,4.0,43579800.0,rs13477670,4,42803507,43197670,2.776109202133983e-06,0.015697564231828737,382130.0,cis
Gba2,4.0,43579800.0,rs13477674,4,43562053,44330250,2.776109202133983e-06,0.015697564231828737,0.0,cis
Pot1b,17.0,55791323.0,rs13483023,17,51338301,51559029,2.776741365842426e-06,0.015697564231828737,4232294.0,trans
Pot1b,17.0,55791323.0,rs3700227,17,52750886,53184293,2.776741365842426e-06,0.015697564231828737,2607030.0,trans
Ust,10.0,7924551.0,rs3695003,10,7632997,9133173,2.777326757004898e-06,0.015697564231828737,0.0,cis
Ust,10.0,7924551.0,rs3721803,10,3342586,4609418,2.777326757004898e-06,0.015697564231828737,3315133.0,trans
Flywch2,17.0,23913885.0,rs13482934,17,27985170,29917068,2.7828542643155026e-06,0.015725964742800278,4071285.0,trans
Zfp704,3.0,9427020.0,rs6405415,3,10327102,11015895,2.789430664603371e-06,0.015760281239888464,900082.0,cis
Haus8,8.0,73775023.0,rs3719174,8,83396538,84339460,2.7911393297257193e-06,0.015767087609885985,9621515.0,trans
Cacybp,1.0,162132500.0,rs13476187,1,156052564,156052564,2.79233058864388e-06,0.015770969233136346,6079936.0,trans
S100a10,3.0,93359039.0,rs13477280,3,98086968,99356961,2.794632252731135e-06,0.015781119846123546,4727929.0,trans
Pot1b,17.0,55791323.0,CEL-17_62934746,17,64931435,64931435,2.798795687854538e-06,0.0157996157923348,9140112.0,trans
Neu2,1.0,89340227.0,D1Mit216,1,79802769,79802769,2.7989177205889373e-06,0.0157996157923348,9537458.0,trans
Igtp,11.0,58013058.0,rs3089737,6,145406060,146691561,2.7994253729924985e-06,0.01579963055065208,,trans
Nucb1,7.0,52748246.0,rs8260975,7,53682778,53682778,2.8010462496520243e-06,0.015805927078326374,934532.0,cis
Gm17087,17.0,8758803.0,CEL-10_46671493,10,46420571,50689272,2.802236055987147e-06,0.015809789301778267,,trans
Gm10568,1.0,3670652.0,rs8236463,1,5579194,6217922,2.805386826739962e-06,0.01582471160034746,1908542.0,cis
Wdr20,12.0,111976159.0,rs13481636,12,108786162,110330976,2.8070398877620924e-06,0.0158311817149061,1645183.0,cis
Hpcal1,12.0,17697620.0,rs13481305,12,12798107,12798107,2.8183416556933327e-06,0.015892056597048735,4899513.0,trans
Tmem62,2.0,120802798.0,rs3686617,2,122383806,125564678,2.8241343145730033e-06,0.015921850388769202,1581008.0,cis
Far2,6.0,147995938.0,rs3089737,6,145406060,146691561,2.8354447229225593e-06,0.015982735701327317,1304377.0,cis
Dmrtc2,7.0,25655076.0,CEL-10_113177617,10,112836909,115238616,2.8362851311638333e-06,0.01598322483702301,,trans
Mia2,12.0,60196787.0,rs3705833,12,59053627,59702512,2.836553312034887e-06,0.01598322483702301,494275.0,cis
Tnnt2,1.0,137732931.0,CEL-1_152888326,1,154761280,155750989,2.841117358000564e-06,0.016006059088616624,17028349.0,trans
Cox7a2l,17.0,83901271.0,rs6278585,17,77217264,78754732,2.8430489148106693e-06,0.016013685819351173,5146539.0,trans
Lonrf1,8.0,37280497.0,rs3697344,8,34630321,35274784,2.844006763457486e-06,0.016013685819351173,2005713.0,trans
Lonrf1,8.0,37280497.0,rs6182243,8,35372423,36878789,2.844006763457486e-06,0.016013685819351173,401708.0,cis
Kcnj15,16.0,95479258.0,rs6353445,10,111131157,111836441,2.8535201611051007e-06,0.01606436134279996,,trans
Gm25934,7.0,66606779.0,rs8260975,7,53682778,53682778,2.8546007645388734e-06,0.016067553369821748,12924001.0,trans
Ncstn,1.0,173996152.0,rs3682996,1,175676881,177366983,2.8590310382661333e-06,0.01608959498408805,1680729.0,cis
Nnat,2.0,157385846.0,rs3675388,2,152495773,153967020,2.8626198886903946e-06,0.01610400467521057,3418826.0,trans
Haus7,20.0,70682652.0,rs13483785,20,61595305,61868816,2.8626210944340756e-06,0.01610400467521057,8813836.0,trans
Chil1,1.0,136079041.0,gnf01.132.831,1,135115364,135695643,2.8648862109746758e-06,0.01611339949748747,383398.0,cis
BC026585,1.0,159388711.0,rs13476148,1,144862429,144862429,2.8653212376852655e-06,0.01611339949748747,14526282.0,trans
Tceanc2,4.0,106806767.0,rs3659850,4,110966848,114284494,2.8738390478553794e-06,0.01615809143574061,4160081.0,trans
Cntnap3,13.0,64839855.0,rs13481874,13,73106373,73106373,2.874301451925256e-06,0.01615809143574061,8266518.0,trans
Pdxdc1,16.0,13834023.0,rs3695481,16,67888887,69011703,2.876768717379491e-06,0.016169055854448618,54054864.0,trans
Stx6,1.0,157005872.0,UT_1_169.988189,1,168323143,169017891,2.879431980712852e-06,0.016175388774642318,11317271.0,trans
Chil1,1.0,136079041.0,rs13476083,1,123358516,128188953,2.879446606298401e-06,0.016175388774642318,7890088.0,trans
Chil1,1.0,136079041.0,rs13476098,1,128464783,128523838,2.879446606298401e-06,0.016175388774642318,7555203.0,trans
Dars,1.0,130260284.0,gnf01.128.089,1,130357592,130357592,2.8851550395422175e-06,0.016204546314931876,97308.0,cis
Sbno1,5.0,124824538.0,rs13478499,5,123738719,124845980,2.8878989165136643e-06,0.016214552615740705,0.0,cis
Gm25314,7.0,66627345.0,D7Mit199,7,73078958,73078958,2.8879732236331322e-06,0.016214552615740705,6451613.0,trans
Acp1,12.0,31578191.0,rs3714148,13,19994021,19994021,2.890523757218956e-06,0.016225960557138104,,trans
Tubg1,11.0,100981445.0,rs13481186,11,100224674,100513550,2.891651890582361e-06,0.01622938119141829,467895.0,cis
Jund,8.0,73222848.0,rs4227253,8,77650955,77650955,2.8997108579684545e-06,0.01627169289101069,4428107.0,trans
Camk2n1,4.0,138011101.0,rs13478001,4,135998441,137764129,2.900974931116814e-06,0.01627586678441629,246972.0,cis
Sbsn,7.0,31536490.0,rs8261944,7,31220797,31291333,2.9080411605297253e-06,0.016312586235593566,245157.0,cis
LOC102637749,17.0,42864122.0,gnf17.005.541,17,8688392,9032964,2.910593073950704e-06,0.01632294914944915,33831158.0,trans
Kcnip3,2.0,127282232.0,rs6411422,2,128199226,129125488,2.9109320867504416e-06,0.01632294914944915,916994.0,cis
Gm26499,7.0,66632952.0,rs13479319,7,76941381,77106359,2.912225386328897e-06,0.016327274721914156,10308429.0,trans
Glul,1.0,155747075.0,rs4222763,1,165315111,168178248,2.913644190943963e-06,0.016329469691609946,9568036.0,trans
Tesk1,4.0,43454811.0,rs13477678,4,45502303,45717875,2.9141558331627825e-06,0.016329469691609946,2047492.0,trans
Cbx7,15.0,79746237.0,rs13482681,15,83867917,84968203,2.9141828166426535e-06,0.016329469691609946,4121680.0,trans
Erc1,6.0,119520814.0,UT_6_123.37228,6,121628013,122259669,2.9188929921837986e-06,0.01635293385325136,2107199.0,trans
Kdm6b,11.0,69212010.0,rs13481068,11,64596125,64596125,2.9206612327108722e-06,0.01635991053796663,4615885.0,trans
S100a11,3.0,93324417.0,rs13481156,11,90664417,91481989,2.9218996448340953e-06,0.01636391745370095,,trans
Wdfy1,1.0,79701942.0,rs13475970,1,90246345,91918244,2.923697857904868e-06,0.01637105750434891,10544403.0,trans
Dnajc2,5.0,21261115.0,rs13478144,5,23827219,23827219,2.9274272222987595e-06,0.016389006421626093,2566104.0,trans
Gm25934,7.0,66606779.0,rs13479319,7,76941381,77106359,2.930841033367201e-06,0.01640518262775936,10334602.0,trans
Ndufa2,18.0,36902000.0,rs8255038,18,34420259,36214168,2.9320838439705356e-06,0.01640920319331504,687832.0,cis
9330101J02Rik,7.0,146824799.0,rs6392543,7,145329119,146124556,2.9353256077962973e-06,0.016424407322353306,700243.0,cis
Dtd1,2.0,144425716.0,rs13476784,2,134345046,135758395,2.940923505584583e-06,0.01645278723733715,8667321.0,trans
Prdx2,8.0,87493521.0,rs13479859,8,84568955,85463661,2.9422477493065656e-06,0.016457252625192754,2029860.0,trans
Zfp932,5.0,110436056.0,rs6331425,5,112371951,113588568,2.9442568133769994e-06,0.01646554622550938,1935895.0,cis
Rps18,17.0,34088944.0,rs13482981,17,40708059,43226181,2.947690754470257e-06,0.016481803960075463,6619115.0,trans
Tesk1,4.0,43454811.0,rs13477670,4,42803507,43197670,2.950843953975183e-06,0.01649353903787413,257141.0,cis
Tesk1,4.0,43454811.0,rs13477674,4,43562053,44330250,2.950843953975183e-06,0.01649353903787413,107242.0,cis
Apba1,19.0,23833366.0,rs6259521,19,24021292,24783738,2.9523885411442e-06,0.016499224532159348,187926.0,cis
Tbc1d24,17.0,24315500.0,rs13482930,17,26950947,27588409,2.956342225456878e-06,0.01651836866814348,2635447.0,trans
AA388235,17.0,34118437.0,gnf17.005.541,17,8688392,9032964,2.9574690145489202e-06,0.016521713695486266,25085473.0,trans
Eapp,12.0,55774448.0,rs3709102,12,47917726,50066537,2.9587230383889813e-06,0.016525768190362552,5707911.0,trans
AW146154,7.0,48654748.0,rs13479226,7,52843651,53422379,2.960590866915149e-06,0.01653324899460075,4188903.0,trans
Gm25088,7.0,66708353.0,rs6345670,7,70840460,72948115,2.96512133434123e-06,0.01655263958228273,4132107.0,trans
Gm25088,7.0,66708353.0,rs4226649,7,73194873,73194873,2.96512133434123e-06,0.01655263958228273,6486520.0,trans
Pcdhb3,18.0,37460453.0,rs3666799,18,32047327,34074322,2.9682193329235586e-06,0.016565217930865923,3386131.0,trans
Iffo2,4.0,139087604.0,rs13478021,4,140166294,140166294,2.9684335498175124e-06,0.016565217930865923,1078690.0,cis
Hells,19.0,39005444.0,rs3682996,1,175676881,177366983,2.9702354389499677e-06,0.016572317121979842,,trans
Prss30,17.0,24109094.0,CEL-17_21879142,17,23322637,26350810,2.9714901592000372e-06,0.01657636141743247,0.0,cis
Rd3,1.0,193801254.0,rs3713460,1,192867017,192867017,2.9811101715099467e-06,0.016627061461327343,934237.0,cis
Thnsl2,6.0,71078392.0,rs6378343,6,63773077,64613340,2.9918494189047983e-06,0.016683984821050084,6465052.0,trans
Chd3os,11.0,69154319.0,rs13481087,11,69415411,70265537,2.9995446352861e-06,0.016723915941782852,261092.0,cis
Elac1,18.0,73894692.0,rs13459193,18,74895830,75703282,3.0037353332887462e-06,0.016744296924167935,1001138.0,cis
Rplp0,13.0,67911183.0,rs3677428,5,107349228,107412225,3.006038774307072e-06,0.01675415202088118,,trans
Rfwd2,1.0,161162457.0,rs13476187,1,156052564,156052564,3.006932354048442e-06,0.01675614714694331,5109893.0,trans
Pcsk6,7.0,73007057.0,rs3668680,11,55886003,56329568,3.009897686654331e-06,0.016769447800918828,,trans
Dnah7b,1.0,46346411.0,rs6386920,1,54152567,54502962,3.010391266205149e-06,0.016769447800918828,7806156.0,trans
Parp2,14.0,51427621.0,rs3670380,14,47679977,49506930,3.011039811847109e-06,0.016770074413682803,1920691.0,cis
Wsb2,5.0,117807314.0,CEL-5_106241511,5,109222883,110483930,3.013215824340118e-06,0.016772388328015975,7323384.0,trans
Nsun7,5.0,66651364.0,rs13478294,5,63821509,65070490,3.0133870232771393e-06,0.016772388328015975,1580874.0,cis
Camk2n1,4.0,138011101.0,rs13478021,4,140166294,140166294,3.0134473779290897e-06,0.016772388328015975,2155193.0,trans
Serpina3h,12.0,105474436.0,D12Mit231,12,101804026,101804026,3.0135998007347832e-06,0.016772388328015975,3670410.0,trans
Gm26337,7.0,66678425.0,rs6405142,7,75725583,76126377,3.0143915537664607e-06,0.016773810748851196,9047158.0,trans
D330041H03Rik,17.0,24548972.0,rs13482930,17,26950947,27588409,3.0161304585845366e-06,0.01678050222449933,2401975.0,trans
Zfp788,7.0,48888901.0,rs8260975,7,53682778,53682778,3.019389782525494e-06,0.016795648799512366,4793877.0,trans
Gm11826,4.0,13409902.0,rs13481070,11,64909099,67090601,3.0210511427973047e-06,0.016801902741266393,,trans
9630014M24Rik,18.0,38761188.0,rs6355722,18,45300265,46215512,3.021828194618879e-06,0.016802229879817318,6539077.0,trans
Pex19,1.0,174056903.0,rs13476281,1,186146231,186146231,3.0221841360843176e-06,0.016802229879817318,12089328.0,trans
H2-Ea-ps,17.0,34478897.0,rs13482942,17,30022647,31061912,3.024309562197715e-06,0.016811058895172915,3416985.0,trans
Klf11,12.0,25336139.0,rs4229294,12,26992470,26992470,3.025708501842858e-06,0.016815847211626052,1656331.0,cis
Gm10568,1.0,3670652.0,rs3714148,13,19994021,19994021,3.026544117303766e-06,0.016817503621094212,,trans
Sipa1l1,12.0,83270433.0,rs13481569,12,86986286,87446647,3.0376539447470593e-06,0.016876239698019616,3715853.0,trans
Fbxw5,2.0,25356298.0,mCV23574676,2,26733408,26733408,3.038814421703553e-06,0.01687968930291856,1377110.0,cis
Cox7a2l,17.0,83901271.0,gnf17.080.475,17,79560024,79883245,3.0425335322026647e-06,0.016897347590621455,4018026.0,trans
AI413582,17.0,27700714.0,rs13482967,17,37015393,39314866,3.0447060282457286e-06,0.01690641168692167,9314679.0,trans
Rfwd2,1.0,161162457.0,rs6267646,1,154395967,154628105,3.0459478951905694e-06,0.016910305956831403,6534352.0,trans
Dars,1.0,130260284.0,rs8256197,1,130485641,130485675,3.047195398085117e-06,0.016914230128581106,225357.0,cis
Pofut1,2.0,153067268.0,UT_2_119.151187,2,118706767,121192484,3.048764118288609e-06,0.016919935589797815,31874784.0,trans
Hjurp,1.0,90155662.0,rs13475772,1,25632283,27171300,3.051207238152543e-06,0.01693049088220949,62984362.0,trans
Scg5,2.0,113616524.0,rs3686617,2,122383806,125564678,3.053130922230462e-06,0.01693816070492644,8767282.0,trans
Selplg,5.0,114268545.0,mCV23798232,5,117112003,118108877,3.0544329345940663e-06,0.016942379508821943,2843458.0,trans
Gm4981,10.0,57697596.0,rs13480792,10,119844877,119844877,3.0583643263272188e-06,0.01696117891678421,62147281.0,trans
Sgcg,14.0,61839896.0,rs3701623,14,73597329,78358585,3.0658005525634622e-06,0.01699940544367614,11757433.0,trans
Coq9,8.0,97362317.0,rs13479891,8,90839695,91839246,3.0665216871222237e-06,0.017000390841738305,5523071.0,trans
Cby1,15.0,79489657.0,rs6342608,15,77990182,78589640,3.0789081261715978e-06,0.017066035338222194,900017.0,cis
Gm20726,14.0,55251166.0,mCV23384307,14,49708958,49708958,3.082242462271317e-06,0.01708149069492456,5542208.0,trans
Lad1,1.0,137715175.0,rs8256197,1,130485641,130485675,3.0829985062114913e-06,0.017082654460901802,7229500.0,trans
Trim21,7.0,109706438.0,rs3658777,7,96762673,96762673,3.0920701943384736e-06,0.017127395177469536,12943765.0,trans
1700012P22Rik,4.0,144008094.0,rs13478023,4,140528838,140755878,3.092168064269818e-06,0.017127395177469536,3252216.0,trans
Ifi30,8.0,73286672.0,rs13478917,6,97419188,97878025,3.093290806716865e-06,0.017130580968084178,,trans
H2-T22,17.0,36175352.0,mCV22888090,17,63948053,64061791,3.094209302660748e-06,0.017132634718241904,27772701.0,trans
Kdm6b,11.0,69212010.0,rs3695202,11,64515287,64515287,3.0955161584934875e-06,0.017135619120083528,4696723.0,trans
Fxyd3,7.0,31855556.0,CEL-7_20141278,7,31950331,35185656,3.0963550344898153e-06,0.017135619120083528,94775.0,cis
2410002F23Rik,7.0,51502096.0,rs13479226,7,52843651,53422379,3.0963915244796717e-06,0.017135619120083528,1341555.0,cis
Scpep1,11.0,88785334.0,rs13481152,11,89938912,90397848,3.0980059232600965e-06,0.01713874222554466,1153578.0,cis
Jade2,11.0,51626958.0,rs4228731,11,55208056,55208056,3.0985993956050508e-06,0.01713874222554466,3581098.0,trans
Jade2,11.0,51626958.0,rs13481041,11,56515096,56515096,3.0985993956050508e-06,0.01713874222554466,4888138.0,trans
LOC102639251,9.0,122818109.0,rs6299531,9,122834340,122834340,3.1000179622421753e-06,0.017143557456533582,16231.0,cis
Gmip,8.0,72332586.0,rs6394046,8,64982540,69577204,3.1046009234039614e-06,0.017165867461896783,2755382.0,trans
Plcz1,6.0,139938243.0,rs3664540,6,140066610,140119512,3.1106358592749415e-06,0.01719619637936151,128367.0,cis
Chac1,2.0,119176992.0,rs3686617,2,122383806,125564678,3.1168901350055308e-06,0.017227726918809052,3206814.0,trans
Klhl32,4.0,24539829.0,rs13459110,9,71331038,72952359,3.1198151858437754e-06,0.017240848222122455,,trans
Inpp4b,8.0,83866461.0,rs13479859,8,84568955,85463661,3.1207934397198165e-06,0.017243208322976503,702494.0,cis
Ddx59,1.0,138311848.0,rs6267646,1,154395967,154628105,3.1249589253637156e-06,0.017263174778242813,16084119.0,trans
Gm25874,7.0,66706485.0,rs3693478,7,67179979,70463288,3.1259045235637563e-06,0.017265349736365933,473494.0,cis
Tmem182,1.0,40862601.0,CEL-1_152888326,1,154761280,155750989,3.129954524378916e-06,0.017284667487833735,113898679.0,trans
Nop10,2.0,112102126.0,rs13476716,2,115487885,116411066,3.132040985184977e-06,0.017293137002190633,3385759.0,trans
Zfp14,7.0,30821378.0,rs4226520,7,30566471,31205553,3.140106848565465e-06,0.017334612157303163,0.0,cis
Zfp85os,13.0,67845141.0,rs4229817,13,66981471,67600532,3.1432299950474515e-06,0.01734879177022658,244609.0,cis
Gm14414,10.0,56074254.0,rs3664637,4,108237103,110787831,3.1463556002954027e-06,0.017362463939646966,,trans
Igsf3,3.0,101181048.0,rs3668680,11,55886003,56329568,3.146817088102936e-06,0.017362463939646966,,trans
Acin1,14.0,55260998.0,rs4230383,14,54987778,55236881,3.149303019194371e-06,0.01737311594435119,24117.0,cis
Snord15a,7.0,106631295.0,rs13479416,7,103132457,103132457,3.1517568282020992e-06,0.017381845470204108,3498838.0,trans
Nhp2,11.0,51433275.0,rs6313602,11,58819966,59042857,3.152538796870897e-06,0.017381845470204108,7386691.0,trans
Ythdc2,18.0,44988341.0,rs3676196,18,43083464,43083464,3.1525523008736817e-06,0.017381845470204108,1904877.0,cis
Car12,9.0,66561549.0,rs4227706,9,62226500,64300970,3.1545228079349667e-06,0.017389645221407343,2260579.0,trans
Pla2g4e,2.0,119992148.0,rs3675388,2,152495773,153967020,3.1558077293968996e-06,0.017392970773572478,32503625.0,trans
Dapp1,3.0,137594569.0,rs3720498,3,139132077,139703353,3.1562380096733955e-06,0.017392970773572478,1537508.0,cis
LOC102643030,4.0,98939362.0,rs3676884,4,94588538,94941986,3.1576274668700087e-06,0.017397563037059673,3997376.0,trans
Ptpro,6.0,137200855.0,rs3664540,6,140066610,140119512,3.1620676578655487e-06,0.01741895933505513,2865755.0,trans
Mpg,11.0,32126511.0,rs6292290,11,18482775,19143737,3.162793414262422e-06,0.017419889904979342,12982774.0,trans
Lypd3,7.0,25421552.0,rs6312617,2,93528208,93528208,3.1650509309370646e-06,0.01742925522192888,,trans
Ttc38,15.0,85662774.0,rs13482693,15,87908143,88048035,3.1657722652278183e-06,0.017430159304982623,2245369.0,trans
Kctd5,17.0,24184701.0,CEL-17_21879142,17,23322637,26350810,3.1674994875531287e-06,0.017436600329683003,0.0,cis
Ndufaf1,2.0,119481182.0,rs3686617,2,122383806,125564678,3.172266202421724e-06,0.01745967902074435,2902624.0,trans
Dgkh,14.0,78969871.0,CEL-14_73162771,14,81780586,83392386,3.1731548350710103e-06,0.01745967902074435,2810715.0,trans
Tfb1m,17.0,3519231.0,rs6310831,17,3227819,4366843,3.1733662235361875e-06,0.01745967902074435,0.0,cis
Eif3m,2.0,104839813.0,rs6323360,2,106438339,106731368,3.1767725678014354e-06,0.017473139835511565,1598526.0,cis
Mrpl35,6.0,71762997.0,CEL-6_56528034,6,56518390,56518390,3.1773669201926205e-06,0.017473139835511565,15244607.0,trans
1500015L24Rik,19.0,20479778.0,D19Mit16,19,20420342,20420342,3.1774883761590586e-06,0.017473139835511565,59436.0,cis
S100a11,3.0,93324417.0,rs13481152,11,89938912,90397848,3.1788707243302546e-06,0.0174776692386645,,trans
LOC102642717,11.0,58660660.0,rs4228731,11,55208056,55208056,3.181093934854807e-06,0.01748374718698503,3452604.0,trans
LOC102642717,11.0,58660660.0,rs13481041,11,56515096,56515096,3.181093934854807e-06,0.01748374718698503,2145564.0,trans
Irak4,15.0,94374091.0,rs3657232,15,94145736,94682662,3.1823083229549804e-06,0.017485250696342682,0.0,cis
Gm6728,6.0,136434677.0,rs6297352,5,103545840,103545840,3.1824853302215207e-06,0.017485250696342682,,trans
Itgb1,8.0,131209681.0,rs6400423,8,129106325,129935306,3.190048822966463e-06,0.017523728554860174,1274375.0,cis
Ankrd45,1.0,163072871.0,rs4222799,1,169153243,169907834,3.1960762039751767e-06,0.017553756141970647,6080372.0,trans
Mcm6,1.0,130228167.0,rs4222552,1,108290875,108527642,3.1975798724503377e-06,0.017558932037635686,21700525.0,trans
Ankfy1,11.0,72503504.0,rs13481068,11,64596125,64596125,3.2019029078325113e-06,0.017579585443342587,7907379.0,trans
Kcnj9,1.0,174251164.0,NES13029525,1,174201925,174420752,3.2033393350501905e-06,0.0175843858767011,0.0,cis
Pttg1,11.0,43233764.0,rs3664950,11,35986497,36449998,3.2062254890409637e-06,0.017597141348338598,6783766.0,trans
Mpc2,1.0,167391339.0,rs4222763,1,165315111,168178248,3.2139674311386718e-06,0.017636538319285043,0.0,cis
Dmrtc2,7.0,25655076.0,rs4228452,10,110731307,110731307,3.215334586647389e-06,0.017640946179247264,,trans
Adat2,10.0,13273035.0,rs13480526,10,19098323,19843775,3.22159165871053e-06,0.017671594353779456,5825288.0,trans
Edem1,6.0,108778646.0,rs6334121,6,110884644,110884644,3.2220504404691777e-06,0.017671594353779456,2105998.0,trans
1700030K09Rik,8.0,74967825.0,rs3717251,8,64089398,64687181,3.228051716294718e-06,0.01769998606150643,10280644.0,trans
Gm9920,15.0,54941831.0,UT_17_44.961343,17,45704198,45877173,3.2283586485889867e-06,0.01769998606150643,,trans
Mall,2.0,127530126.0,rs8264884,2,130881868,131487026,3.233325493619798e-06,0.017724111350161987,3351742.0,trans
Eif3m,2.0,104839813.0,rs6242654,2,107081147,109233749,3.2437236813587902e-06,0.01777799594585104,2241334.0,trans
Sipa1l1,12.0,83270433.0,gnf12.081.318,12,83974583,83974583,3.252578111895093e-06,0.017823402219498904,704150.0,cis
Scly,1.0,93194915.0,rs3692309,1,95148081,95906063,3.255818211308245e-06,0.01783803269530733,1953166.0,cis
Gjc2,11.0,58989068.0,rs13481041,11,56515096,56515096,3.2604443138468422e-06,0.017851509389914436,2473972.0,trans
Gjc2,11.0,58989068.0,rs4228731,11,55208056,55208056,3.2604443138468422e-06,0.017851509389914436,3781012.0,trans
4930578G10Rik,4.0,42749077.0,rs13477695,4,49784163,50695666,3.2605604995584998e-06,0.017851509389914436,7035086.0,trans
4930578G10Rik,4.0,42749077.0,CEL-4_51526276,4,52294103,54911506,3.2605604995584998e-06,0.017851509389914436,9545026.0,trans
Gpnmb,6.0,48986624.0,CEL-6_51479799,6,51483155,51546716,3.2633393503367604e-06,0.017863597261512744,2496531.0,trans
Crocc,4.0,140572552.0,rs6234904,4,138152372,139225623,3.276056932194656e-06,0.017930076236073567,1346929.0,cis
Zfp369,13.0,65380122.0,gnf13.057.762,13,59805606,59805606,3.278268735724336e-06,0.017939043192017137,5574516.0,trans
Olfr1282,2.0,111175316.0,rs13481186,11,100224674,100513550,3.2846347008497442e-06,0.017970735060262265,,trans
Trav15n-1,14.0,53793956.0,rs13482156,14,45858402,46175355,3.2880358102760995e-06,0.017986197506264165,7618601.0,trans
Ciapin1,8.0,97343704.0,rs4227313,8,93635988,98167503,3.2907671421247124e-06,0.017997718559752535,0.0,cis
Nup210,6.0,90963062.0,rs13478880,6,88537081,88960562,3.291292561081909e-06,0.017997718559752535,2002500.0,trans
Mut,17.0,41071656.0,rs3672987,17,33247165,35667114,3.2922680645029284e-06,0.01799990660157997,5404542.0,trans
Tmem132c,5.0,127722177.0,rs3692387,5,127383580,127383580,3.2965320846882257e-06,0.0180200701341713,338597.0,cis
Dgkh,14.0,78969871.0,D14Mit115,14,73244748,73244748,3.3044556011368124e-06,0.018060227294011477,5725123.0,trans
Cntn2,1.0,134406004.0,gnf01.128.089,1,130357592,130357592,3.3124237073429716e-06,0.018097811557524057,4048412.0,trans
Gm22980,4.0,116826698.0,rs13477881,4,103313312,104187378,3.31248934291884e-06,0.018097811557524057,12639320.0,trans
Wrn,8.0,34344845.0,CEL-8_25677705,8,28002388,28727629,3.3140438972688367e-06,0.018103143308569505,5617216.0,trans
Elovl5,9.0,77765175.0,rs13480279,9,74382953,74382953,3.316435629623418e-06,0.01811304552953526,3382222.0,trans
Rpl34-ps1,13.0,116943968.0,rs13477412,3,132350866,133905167,3.327117191951603e-06,0.018165041410192807,,trans
Rpl34-ps1,13.0,116943968.0,UT_3_141.310761,3,137054608,137879711,3.327117191951603e-06,0.018165041410192807,,trans
Cnot8,8.0,74228125.0,rs6313602,11,58819966,59042857,3.3283938429069543e-06,0.018168840706267307,,trans
Dars2,1.0,162970732.0,rs3693161,1,162215219,163901483,3.329471813904492e-06,0.018171554323428398,0.0,cis
Mall,2.0,127530126.0,rs6411422,2,128199226,129125488,3.336179253545707e-06,0.018204986086197375,669100.0,cis
Hmgcll1,9.0,75862784.0,rs3724833,9,74735877,77217284,3.359238286488562e-06,0.01832761860472085,0.0,cis
Dbndd2,2.0,164311640.0,rs13476884,2,162483273,162483273,3.363018632859593e-06,0.01834504439568206,1828367.0,cis
Gadd45gip1,8.0,87356181.0,rs13479891,8,90839695,91839246,3.3648532046444708e-06,0.018351851889355827,3483514.0,trans
H2-Q7,17.0,35576100.0,CEL-17_20354682,17,21827381,23003494,3.3743927644943317e-06,0.018399384564146224,12572606.0,trans
March11,15.0,26317506.0,rs13482508,15,31661107,33427166,3.37504963266412e-06,0.018399384564146224,5343601.0,trans
Reep5,18.0,34504528.0,gnf18.027.000,18,29688176,31285350,3.3764591243534102e-06,0.018399384564146224,3219178.0,trans
Trim12c,7.0,111488390.0,rs13479441,7,111297536,111297536,3.3767089547257737e-06,0.018399384564146224,190854.0,cis
Gm20472,12.0,18779275.0,rs13481305,12,12798107,12798107,3.3772071875163097e-06,0.018399384564146224,5981168.0,trans
Zfp146,7.0,30946286.0,rs13479153,7,25722935,25722935,3.377536830783813e-06,0.018399384564146224,5223351.0,trans
Rrs1,1.0,9535507.0,D1Mit294,1,11731388,12711281,3.3776854039880825e-06,0.018399384564146224,2195881.0,trans
Cdk5rap1,2.0,154161116.0,rs13476784,2,134345046,135758395,3.378404507528049e-06,0.01840009784472751,18402721.0,trans
H2-Q2,17.0,35479278.0,rs13482981,17,40708059,43226181,3.3964812185376845e-06,0.018495330666469793,5228781.0,trans
Gsr,8.0,34763710.0,D8Mit294,8,40490765,40490765,3.397432150994202e-06,0.0184972891913647,5727055.0,trans
Coq9,8.0,97362317.0,rs3666069,8,98229000,98229000,3.4115223069145255e-06,0.018569408041330848,866683.0,cis
1700030K09Rik,8.0,74967825.0,rs13479842,8,78352527,78791132,3.4118655055541637e-06,0.018569408041330848,3384702.0,trans
Plscr4,9.0,92352216.0,rs3674339,9,85386930,85749877,3.41262964588269e-06,0.01857033620155815,6602339.0,trans
Rmdn3,2.0,118962737.0,rs6322076,17,72598864,75262850,3.4160823869827853e-06,0.01858589191898422,,trans
BC051142,17.0,34535765.0,gnf17.005.541,17,8688392,9032964,3.4195299110792037e-06,0.018599103873029307,25502801.0,trans
Pusl1,4.0,155263230.0,rs3720634,4,155281703,155384694,3.4196997881177064e-06,0.018599103873029307,18473.0,cis
Cdkn2aipnl,11.0,51781165.0,rs3668680,11,55886003,56329568,3.422855558813015e-06,0.01861303159277978,4104838.0,trans
Dpp7,2.0,25207807.0,rs13476427,2,34869157,34869157,3.4261675758841276e-06,0.01862780397074514,9661350.0,trans
Klhl1,14.0,96504484.0,rs3692362,14,100175288,100680463,3.428301922231793e-06,0.01863616942432456,3670804.0,trans
Cdon,9.0,35282470.0,rs3023208,9,40929720,40929720,3.431472556253634e-06,0.018650164228209913,5647250.0,trans
Zfp866,8.0,72266759.0,rs6394046,8,64982540,69577204,3.4351571657986133e-06,0.0186669471586023,2689555.0,trans
Rexo4,2.0,26809083.0,CEL-2_24053663,2,23949161,26223875,3.437139022012757e-06,0.018674472954679073,585208.0,cis
2310040G07Rik,5.0,77357393.0,gnf05.066.286,5,72415729,73519551,3.4391855808335336e-06,0.01868234761474787,3837842.0,trans
Sfr1,19.0,47785109.0,D19Mit89,19,42573794,42573794,3.4419557296013575e-06,0.01869414954423827,5211315.0,trans
Ppp1r12b,1.0,136646075.0,CEL-1_152888326,1,154761280,155750989,3.4470307396149125e-06,0.018718463499657514,18115205.0,trans
Olfr593,7.0,110360376.0,rs3660608,15,38818095,38822670,3.4479287703683776e-06,0.01872009063813394,,trans
Noc3l,19.0,38863621.0,rs3710829,19,38242986,39682640,3.448778851262201e-06,0.018721456919436726,0.0,cis
Zkscan16,4.0,58958999.0,rs13477759,4,68938180,68938180,3.449605132619678e-06,0.018722693554946237,9979181.0,trans
H2-Ea-ps,17.0,34478897.0,gnf17.005.541,17,8688392,9032964,3.4521517756837723e-06,0.01873326538585825,25445933.0,trans
Slc6a16,7.0,52514432.0,gnf07.032.889,7,48180543,51065291,3.4559220979034104e-06,0.01874920172296502,1449141.0,cis
Arhgef15,11.0,68756656.0,rs3695202,11,64515287,64515287,3.456287154683869e-06,0.01874920172296502,4241369.0,trans
Gm4793,1.0,137481350.0,rs6406033,1,138462986,141128164,3.4619721263992993e-06,0.01877678489129568,981636.0,cis
Mrpl35,6.0,71762997.0,rs13478871,6,85767550,86058923,3.469320532227917e-06,0.018813378942444555,14004553.0,trans
Ciart,10.0,127986956.0,rs13478923,6,98959904,98959904,3.478066256176324e-06,0.018857536351692877,,trans
Dsel,1.0,113755394.0,rs4222552,1,108290875,108527642,3.482714245489462e-06,0.018879465025255174,5227752.0,trans
Gm23422,1.0,70643389.0,rs13480601,10,44026225,44026225,3.4892803986007997e-06,0.01891178248384022,,trans
Gins4,8.0,24337097.0,gnf08.023.320,8,25963094,25963094,3.4929560985345553e-06,0.018926691666994414,1625997.0,cis
Tm4sf5,11.0,70318779.0,rs13481099,11,73923769,75078947,3.4932411774751173e-06,0.018926691666994414,3604990.0,trans
Jund,8.0,73222848.0,rs3659789,8,58485097,63851355,3.4965239276279178e-06,0.018941197470478347,9371493.0,trans
Gm24495,7.0,66762568.0,rs13479305,7,73316124,73426174,3.4980669906737486e-06,0.018944995268343458,6553556.0,trans
Leprotl1,8.0,35198626.0,rs13459102,8,26133139,27552604,3.4984361570501516e-06,0.018944995268343458,7646022.0,trans
Jund,8.0,73222848.0,rs3717251,8,64089398,64687181,3.5022942672242308e-06,0.01896260556617846,8535667.0,trans
Pi16,17.0,29455827.0,rs13482942,17,30022647,31061912,3.5066374795083597e-06,0.018982835821814082,566820.0,cis
Gm16432,1.0,179921642.0,rs13476267,1,182213911,184421782,3.5236041499104284e-06,0.019071383098890785,2292269.0,trans
Acy1,9.0,106335321.0,gnf09.106.408,9,109590965,110265341,3.5319625862176043e-06,0.01911040120250129,3255644.0,trans
Olfml1,7.0,114710960.0,rs6280792,7,120195001,120696710,3.5326456863688593e-06,0.01911040120250129,5484041.0,trans
Olfml1,7.0,114710960.0,rs3726501,7,118971889,119466660,3.5326456863688593e-06,0.01911040120250129,4260929.0,trans
Cst3,2.0,148697458.0,CEL-2_135876979,2,135953692,136253017,3.533445377268473e-06,0.019111422496707168,12444441.0,trans
Fam177a,12.0,56300520.0,rs3705833,12,59053627,59702512,3.534178563469869e-06,0.019112083794607656,2753107.0,trans
Srp54b,12.0,56181442.0,rs3705833,12,59053627,59702512,3.5390521712045914e-06,0.019135131510605655,2872185.0,trans
Serpina1a,12.0,105091669.0,gnf12.100.410,12,103431463,103766711,3.546211897538756e-06,0.019170529830369747,1324958.0,cis
Tmem144,3.0,79617057.0,rs3698196,3,85931836,87487048,3.5565732513212013e-06,0.01922322066287181,6314779.0,trans
Fam57a,11.0,76024844.0,rs6373308,3,26093917,27874494,3.5598852347027883e-06,0.019237798140812373,,trans
Opn1sw,6.0,29326657.0,rs4228452,10,110731307,110731307,3.561355391198247e-06,0.01924241897765008,,trans
Lzts1,8.0,71659402.0,rs6173994,11,52342339,53868159,3.5679359225480365e-06,0.01927464540252896,,trans
Kdm6b,11.0,69212010.0,rs3677986,11,67961048,68740438,3.5700761055748253e-06,0.019282877263519283,471572.0,cis
Ciapin1,8.0,97343704.0,gnf08.091.954,8,93172237,93194487,3.572592100779646e-06,0.0192931357880247,4149217.0,trans
Cyb5d2,11.0,72590751.0,rs3695202,11,64515287,64515287,3.5774444023072334e-06,0.0193150026181296,8075464.0,trans
Wdr49,3.0,75200790.0,rs6243021,3,84948288,85493836,3.57787608968677e-06,0.0193150026181296,9747498.0,trans
Gm14140,2.0,149936348.0,rs4231742,18,11084828,11370613,3.580303802527426e-06,0.019317873924445873,,trans
Vstm2b,7.0,48154570.0,rs8260975,7,53682778,53682778,3.5807258846796653e-06,0.019317873924445873,5528208.0,trans
BC051142,17.0,34535765.0,CEL-17_29648158,17,31179361,31326531,3.580830882158312e-06,0.019317873924445873,3209234.0,trans
Lincenc1,13.0,98264754.0,rs13481874,13,73106373,73106373,3.580877962136407e-06,0.019317873924445873,25158381.0,trans
Snap23,2.0,120393407.0,rs13476716,2,115487885,116411066,3.583743250218616e-06,0.019329998050349774,3982341.0,trans
Pus7l,15.0,94353071.0,rs13482715,15,92839469,93134854,3.5902596066571103e-06,0.01936180773773538,1218217.0,cis
B3gnt6,7.0,105340933.0,rs3699086,7,103251219,103381987,3.593758842376597e-06,0.019377338320892144,1958946.0,cis
Golga7b,19.0,42322064.0,rs13483653,19,48078038,48078038,3.6114840032994704e-06,0.019468175026518736,5755974.0,trans
Rgsl1,1.0,155626517.0,rs3653666,1,160477203,161687298,3.611850201662366e-06,0.019468175026518736,4850686.0,trans
Rasgef1a,6.0,118030382.0,rs13479023,6,127388476,129105169,3.6152765690764853e-06,0.019483286561535047,9358094.0,trans
Surf4,2.0,26775559.0,rs3659436,6,94596953,94633916,3.6210563602082596e-06,0.019511073672295515,,trans
Timm22,11.0,76220681.0,UT_11_70.128831,11,70371167,72266233,3.6231901944971318e-06,0.019519209352746206,3954448.0,trans
Jmjd7,2.0,119853242.0,CEL-2_113459249,2,113408432,113667509,3.637177530812735e-06,0.01959118959781543,6185733.0,trans
Cbs,17.0,31749585.0,rs13482942,17,30022647,31061912,3.6391366948587753e-06,0.019597056745525625,687673.0,cis
Ubtd2,11.0,32355372.0,rs3668680,11,55886003,56329568,3.6396497886729914e-06,0.019597056745525625,23530631.0,trans
Ssr2,3.0,88383593.0,UT_3_93.299511,3,90413739,95488017,3.6401460587370767e-06,0.019597056745525625,2030146.0,trans
3110053B16Rik,12.0,20879998.0,rs3657682,12,15739388,16592330,3.640815938888388e-06,0.019597290658932814,4287668.0,trans
Szt2,4.0,118060348.0,D4Mit12,4,124048407,124048407,3.6416168443777544e-06,0.019598229635969123,5988059.0,trans
Arid5b,10.0,67558341.0,rs13480650,10,73389754,73389754,3.645828442663029e-06,0.019617520589676394,5831413.0,trans
5830403L16Rik,1.0,155696672.0,rs13476208,1,163955813,164935095,3.6478752856690606e-06,0.019625158768552715,8259141.0,trans
Dpp7,2.0,25207807.0,rs3699934,2,35957196,37285190,3.6515778255550906e-06,0.019641700252277412,10749389.0,trans
Plekhm3,1.0,64832557.0,rs13475883,1,59435975,61443791,3.654381692070707e-06,0.019653402949337775,3388766.0,trans
Gm25314,7.0,66627345.0,rs4226649,7,73194873,73194873,3.6569340453349522e-06,0.019660369976495055,6567528.0,trans
Gm25314,7.0,66627345.0,rs6345670,7,70840460,72948115,3.6569340453349522e-06,0.019660369976495055,4213115.0,trans
Olfr920,9.0,38563275.0,UT_9_38.426043,9,37454776,39934734,3.6607806323288565e-06,0.019675623348946937,0.0,cis
Gucy1b3,3.0,81835928.0,rs13483244,18,20982760,21287250,3.6610291237335513e-06,0.019675623348946937,,trans
4833403I15Rik,18.0,47009693.0,rs13483314,18,40103728,41821108,3.6631766607168973e-06,0.019683783435244556,5188585.0,trans
Zfp30,7.0,30569609.0,rs13479188,7,36124857,37123347,3.6640099297544843e-06,0.01968487981914753,5555248.0,trans
2410002F23Rik,7.0,51502096.0,gnf07.032.889,7,48180543,51065291,3.6662621263738744e-06,0.01969359770081355,436805.0,cis
Rfwd2,1.0,161162457.0,UT_1_169.988189,1,168323143,169017891,3.6684440270559987e-06,0.019701935054222335,7160686.0,trans
Rpl34-ps1,13.0,116943968.0,D3Mit128,3,150419220,150419220,3.6731642635688088e-06,0.019723899723144995,,trans
Axdnd1,1.0,158253880.0,rs6181202,1,156456243,159872935,3.675555118759319e-06,0.01973335085134752,0.0,cis
Xrcc2,5.0,25195630.0,rs13478144,5,23827219,23827219,3.676364723108743e-06,0.019734310760211253,1368411.0,cis
Fah,7.0,91733669.0,rs3658777,7,96762673,96762673,3.684781359731642e-06,0.019776097024839123,5029004.0,trans
Fam78b,1.0,168931606.0,rs13476187,1,156052564,156052564,3.6884419418637196e-06,0.01979234774915848,12879042.0,trans
Kpna2,11.0,106849943.0,rs3690511,11,103578808,103578808,3.6932983642689167e-06,0.019815008732552486,3271135.0,trans
Ptchd2,4.0,147612527.0,rs3675987,4,147659225,148197078,3.6945964445044814e-06,0.019818574266343387,46698.0,cis
Cda,4.0,137894443.0,CEL-4_130248229,4,131555157,131555157,3.697830893243933e-06,0.019832523875272463,6339286.0,trans
Adi1,12.0,29360072.0,rs4229294,12,26992470,26992470,3.7021246650665074e-06,0.019852149180609395,2367602.0,trans
Gm15446,5.0,110369445.0,rs13478442,5,106769482,107112542,3.7034166947354755e-06,0.01985567407631064,3256903.0,trans
Comt,16.0,18407622.0,rs4165334,16,23467678,23737062,3.7076527493461134e-06,0.01987497929447743,5060056.0,trans
Ivd,2.0,118687718.0,rs6209325,2,147881059,149804748,3.709029810902895e-06,0.019878954808918534,29193341.0,trans
Snrnp25,11.0,32105415.0,rs13480870,11,11016917,11457492,3.710161453992921e-06,0.01988161383935276,20647923.0,trans
Dlg4,11.0,69830717.0,rs3662476,11,76761052,76824057,3.72078408967617e-06,0.019932628379773627,6930335.0,trans
Lmcd1,6.0,112223752.0,rs13478971,6,111249787,112015841,3.7209557145478555e-06,0.019932628379773627,207911.0,cis
Rplp0,13.0,67911183.0,D5Mit188,5,118329639,118329639,3.7262631730324748e-06,0.019955074282314078,,trans
Galnt7,8.0,60003366.0,gnf03.152.088,3,148269915,148269915,3.7264215746671275e-06,0.019955074282314078,,trans
Cml2,6.0,85815416.0,rs6180964,12,16835276,26476092,3.734609278089974e-06,0.019995496910455855,,trans
Xaf1,11.0,72115165.0,rs13481117,11,79065732,79360701,3.7362361512259874e-06,0.02000078432953743,6950567.0,trans
BC026585,1.0,159388711.0,rs4222799,1,169153243,169907834,3.7384938379175644e-06,0.020009446226882742,9764532.0,trans
Cd59b,2.0,103910023.0,rs6208879,2,109622852,111930241,3.7443248542203036e-06,0.02003722733123012,5712829.0,trans
Tlr6,5.0,65344218.0,rs6265085,5,65141992,66605987,3.747601844627371e-06,0.020049183505176052,0.0,cis
Cntn2,1.0,134406004.0,gnf01.127.292,1,129548234,130226591,3.7487159578708756e-06,0.020049183505176052,4179413.0,trans
Cntn2,1.0,134406004.0,gnf01.126.387,1,128625711,129064813,3.7487159578708756e-06,0.020049183505176052,5341191.0,trans
Rpl3,15.0,79908225.0,rs13482635,15,69276656,70046282,3.749122588084671e-06,0.020049183505176052,9861943.0,trans
1190002N15Rik,9.0,94371746.0,rs13480605,10,45532637,45532637,3.751010613087374e-06,0.02005585174607992,,trans
Crtc3,7.0,87733045.0,rs3718695,7,89127386,89127386,3.7523478139744057e-06,0.0200595730725179,1394341.0,cis
Pcdhb18,18.0,37649119.0,rs6232550,4,40972607,40972607,3.7587224959214716e-06,0.020090218257926215,,trans
Tmem179,12.0,113737999.0,rs13481650,12,112426349,113741491,3.7614630270914488e-06,0.020101431904138732,0.0,cis
Plekhm3,1.0,64832557.0,rs13471817,1,63198205,65092381,3.7623056484999317e-06,0.020102500934881588,0.0,cis
Il17d,14.0,58143744.0,rs13482213,14,61919389,61919389,3.775985362398955e-06,0.02017214818521441,3775645.0,trans
H2-Ke6,17.0,34162978.0,CEL-17_21879142,17,23322637,26350810,3.778668332693878e-06,0.02017878411897124,7812168.0,trans
Leprotl1,8.0,35198626.0,rs3654540,8,37656756,40414117,3.77916258507779e-06,0.02017878411897124,2458130.0,trans
Leprotl1,8.0,35198626.0,rs4227117,8,40709630,42338973,3.77916258507779e-06,0.02017878411897124,5511004.0,trans
Kazn,4.0,141658306.0,gnf19.010.627,19,13033815,14870326,3.7804416836755612e-06,0.020182169203485274,,trans
Bok,1.0,95582271.0,rs13475980,1,93549972,94229306,3.7812408098082588e-06,0.020182991201351103,1352965.0,cis
Rer1,4.0,154448221.0,rs13478067,4,154365178,154599781,3.7820267740923722e-06,0.02018349379046273,0.0,cis
Gabbr1,17.0,37182911.0,CEL-17_20354682,17,21827381,23003494,3.782625306633387e-06,0.02018349379046273,14179417.0,trans
Mical2,7.0,119369370.0,mCV24779699,7,122555415,123277780,3.7884221005446512e-06,0.02021097736372024,3186045.0,trans
Stard4,18.0,33361075.0,gnf18.021.931,18,24601255,24789900,3.801408420700435e-06,0.02027680066461718,8571175.0,trans
Rasgef1a,6.0,118030382.0,gnf06.122.747,6,124006512,125515888,3.804568057640319e-06,0.020290194702582746,5976130.0,trans
Gm22289,7.0,67049641.0,rs13479319,7,76941381,77106359,3.809787897196333e-06,0.020314569597091076,9891740.0,trans
2410002F23Rik,7.0,51502096.0,rs3719256,7,51794017,52261292,3.812033261697335e-06,0.020323078376358123,291921.0,cis
Rpl34-ps1,13.0,116943968.0,UT_3_142.481798,3,138220054,138220054,3.816141622254928e-06,0.020341514747510274,,trans
Gabrb2,11.0,42233259.0,gnf11.035.919,11,34953683,35696875,3.818065209066218e-06,0.020346852828414756,6536384.0,trans
Ptk2b,14.0,66772099.0,rs6173994,11,52342339,53868159,3.81844384692514e-06,0.020346852828414756,,trans
Masp2,4.0,147976653.0,rs3675987,4,147659225,148197078,3.819900122611119e-06,0.02034871679792835,0.0,cis
Gxylt1,4.0,11327238.0,rs13482715,15,92839469,93134854,3.820094554081438e-06,0.02034871679792835,,trans
Snapin,3.0,90291841.0,rs13477251,3,88658602,90219227,3.822746291812851e-06,0.020359375355703552,72614.0,cis
AA388235,17.0,34118437.0,rs3709304,17,43560114,43560114,3.824311296675667e-06,0.02036424349336531,9441677.0,trans
Pnrc2,4.0,135426844.0,rs13478001,4,135998441,137764129,3.827593533585595e-06,0.02037825258236799,571597.0,cis
Kifap3,1.0,165709724.0,rs13476208,1,163955813,164935095,3.834196345842147e-06,0.0204099327643964,774629.0,cis
Ciapin1,8.0,97343704.0,rs13479914,8,93349658,93349658,3.8355500136612236e-06,0.020413665032779575,3994046.0,trans
Gins4,8.0,24337097.0,gnf08.020.641,8,23259030,24259338,3.839095926036477e-06,0.020429061668402405,77759.0,cis
Nnat,2.0,157385846.0,rs13476805,2,139549796,147753900,3.843498584440418e-06,0.020449011312341652,9631946.0,trans
Use1,8.0,73890841.0,rs6394046,8,64982540,69577204,3.8518123882758275e-06,0.02048975955418991,4313637.0,trans
Zfp457,13.0,67393386.0,rs13481870,13,71140974,71140974,3.864803213314489e-06,0.020555369178218003,3747588.0,trans
Cdon,9.0,35282470.0,rs6240566,9,40268402,40515147,3.865667760294018e-06,0.020556472553757442,4985932.0,trans
Mrpl35,6.0,71762997.0,CEL-6_57082524,6,57060038,57060038,3.86658200987252e-06,0.020557839812988508,14702959.0,trans
Tnpo3,14.0,53938493.0,rs13482214,14,62215307,65159865,3.869222849646375e-06,0.0205683849808986,8276814.0,trans
Cd5,19.0,10792633.0,rs13483511,19,6542811,6987338,3.8750269227517555e-06,0.020595739127183887,3805295.0,trans
Cdc14b,13.0,64296621.0,D13Mit224,13,64187020,64187020,3.879164068575944e-06,0.02061422577932342,109601.0,cis
Prmt3,7.0,57033716.0,rs3693478,7,67179979,70463288,3.881333137143379e-06,0.020619018610435677,10146263.0,trans
Chpt1,10.0,87936058.0,rs13459122,10,80258109,82124986,3.881384159736107e-06,0.020619018610435677,5811072.0,trans
Gm3415,5.0,147325697.0,rs13483511,19,6542811,6987338,3.884096946477095e-06,0.02062992657759745,,trans
Zfp85os,13.0,67845141.0,rs13481874,13,73106373,73106373,3.8866512944745105e-06,0.02063998945549145,5261232.0,trans
Zfp708,13.0,67169851.0,rs13481874,13,73106373,73106373,3.891014066412042e-06,0.020659650889389237,5936522.0,trans
Gm9936,5.0,115307081.0,rs3663155,5,128047890,128047890,3.8939383106945615e-06,0.02066940618827993,12740809.0,trans
Col4a3bp,13.0,97312690.0,rs13481968,13,99628244,100636777,3.894172770162846e-06,0.02066940618827993,2315554.0,trans
Rfwd2,1.0,161162457.0,rs13483183,18,3516539,6947944,3.896322743312666e-06,0.02067726569164197,,trans
4833403I15Rik,18.0,47009693.0,rs3676196,18,43083464,43083464,3.896975426961112e-06,0.02067726569164197,3926229.0,trans
Mro,18.0,74019039.0,rs13483438,18,74378481,74433167,3.913938413373036e-06,0.02076374925642345,359442.0,cis
Dgke,11.0,88899448.0,rs3659504,11,88522934,89402038,3.915092227383483e-06,0.020766348819211144,0.0,cis
2310030G06Rik,9.0,50547796.0,rs3673816,9,47039895,47223570,3.916125698566655e-06,0.0207683092889882,3324226.0,trans
Tox3,8.0,92770939.0,rs13479891,8,90839695,91839246,3.9194721695746395e-06,0.020782533499778447,931693.0,cis
Alox8,11.0,68997387.0,rs13478683,6,29127420,30223155,3.9263541331207214e-06,0.02081549624010147,,trans
Rpl26,19.0,29077895.0,rs13481068,11,64596125,64596125,3.929950236957323e-06,0.020831030835425923,,trans
Trim3,7.0,112758984.0,rs13479451,7,114512549,114512549,3.931534790171812e-06,0.020835899580947878,1753565.0,cis
Map2k1,9.0,64033588.0,rs13480251,9,66838171,67878904,3.932919690376496e-06,0.020839708758137544,2804583.0,trans
C330024D21Rik,5.0,67858153.0,RBMS3_AFFY_1452761,9,116482254,116482254,3.9349974585724015e-06,0.02084718738422728,,trans
Abcb8,5.0,23899514.0,rs6256752,5,20753293,22574279,3.94454562904243e-06,0.02089423415307523,1325235.0,cis
Grik3,4.0,125168075.0,D4Mit12,4,124048407,124048407,3.945490269530869e-06,0.020895699861952957,1119668.0,cis
Ywhae,11.0,75546430.0,rs13481099,11,73923769,75078947,3.948356064573846e-06,0.02090733797368097,467483.0,cis
Ankrd13d,19.0,4270180.0,rs13483511,19,6542811,6987338,3.9510661641757244e-06,0.020918147847202053,2272631.0,trans
Lad1,1.0,137715175.0,rs6406033,1,138462986,141128164,3.9564206732310205e-06,0.020941411112142847,747811.0,cis
Gm609,16.0,45416868.0,rs4176590,16,39630951,43943628,3.9567989729933385e-06,0.020941411112142847,1473240.0,cis
T2,17.0,8589494.0,rs3672987,17,33247165,35667114,3.9618981969351506e-06,0.02096485207040533,24657671.0,trans
Mtrr,13.0,68699657.0,rs13481870,13,71140974,71140974,3.9641187611045235e-06,0.020972804758005423,2441317.0,trans
Ggn,7.0,29955229.0,rs13480759,10,108815683,110380616,3.9647418795779826e-06,0.020972804758005423,,trans
Csrp1,1.0,137616638.0,rs6267646,1,154395967,154628105,3.9664292879950755e-06,0.020978183651967065,16779329.0,trans
4930474N05Rik,14.0,36908103.0,rs6310831,17,3227819,4366843,3.97103513986958e-06,0.02099561861653987,,trans
Pip5k1b,19.0,24369284.0,rs3701438,19,25740940,26160862,3.971068043886216e-06,0.02099561861653987,1371656.0,cis
Plcb3,19.0,7028203.0,rs13483502,19,4316396,4316396,3.9765642444793195e-06,0.021021125168341717,2711807.0,trans
F2rl2,13.0,96466875.0,rs4230027,13,101266456,101266456,3.977546545969548e-06,0.02102276551972503,4799581.0,trans
Gm4924,10.0,81817000.0,rs6191721,10,91382291,92120896,3.986635384372907e-06,0.02106724404559961,9565291.0,trans
Kpna2,11.0,106849943.0,rs3723163,11,103840961,104435021,3.9873304548521495e-06,0.02106735844735612,2414922.0,trans
Fam167a,14.0,64055292.0,rs3666583,14,52760254,54864244,3.989011557164303e-06,0.02107268170362372,9191048.0,trans
Snapc5,9.0,64027104.0,gnf09.058.846,9,64463047,66564041,3.9899236017723035e-06,0.021073941160616314,435943.0,cis
Aasdh,5.0,77304960.0,rs3707918,5,73733816,74027160,3.998237109864184e-06,0.021113461482226203,3277800.0,trans
Rpl3,15.0,79908225.0,rs3710055,15,87788314,87788314,3.9987557645897295e-06,0.021113461482226203,7880089.0,trans
Gpr19,6.0,134819175.0,rs6198929,6,139112058,139834734,4.002848255289065e-06,0.02113150336643315,4292883.0,trans
Gucy1b3,3.0,81835928.0,rs13477204,3,75866499,81433732,4.007115474138613e-06,0.021150461417287696,402196.0,cis
Zfp185,20.0,70242373.0,rs13478053,4,150659779,152699720,4.010153022606364e-06,0.021162923688639767,,trans
Gpn2,4.0,133140295.0,rs6386918,4,139323756,140081803,4.0144260406919265e-06,0.021181900644392664,6183461.0,trans
Ankfy1,11.0,72503504.0,rs3695202,11,64515287,64515287,4.022495833259942e-06,0.021220901295533282,7988217.0,trans
Thbs1,2.0,117937629.0,rs13476716,2,115487885,116411066,4.023351351883344e-06,0.021221835907347955,1526563.0,cis
Pdzrn4,15.0,92427799.0,CEL-15_93879270,15,93284539,94018478,4.0280076104111994e-06,0.02124281445928086,856740.0,cis
Haus7,20.0,70682652.0,CEL-X_44311522,20,49318772,49663846,4.030945255781888e-06,0.02125472388426805,21018806.0,trans
Zkscan16,4.0,58958999.0,rs3023981,4,69760186,71596921,4.032291860479656e-06,0.021258241329401944,10801187.0,trans
Rbm34,8.0,129471070.0,rs3697596,8,130354209,130601776,4.033966322507088e-06,0.021263485761712313,883139.0,cis
Chrna7,7.0,70243574.0,rs13479306,7,73604599,75261560,4.040043456992422e-06,0.021291931494364886,3361025.0,trans
Tmem62,2.0,120802798.0,rs8264884,2,130881868,131487026,4.0468746910308286e-06,0.0213222031714517,10079070.0,trans
Gm12176,11.0,47355312.0,rs13482942,17,30022647,31061912,4.0471505006762935e-06,0.0213222031714517,,trans
Rfwd2,1.0,161162457.0,rs13483200,18,9902165,9902165,4.04822232717628e-06,0.021324258882237716,,trans
Gm4425,12.0,22470042.0,rs4229294,12,26992470,26992470,4.05036963584998e-06,0.021331978115308757,4522428.0,trans
Cdkn2aipnl,11.0,51781165.0,rs6173994,11,52342339,53868159,4.051985664620537e-06,0.021336897142455725,561174.0,cis
Olfr1282,2.0,111175316.0,rs3661058,11,98780755,99441450,4.05742617320021e-06,0.021358355551741433,,trans
Olfr1282,2.0,111175316.0,rs13481185,11,99596170,99596170,4.05742617320021e-06,0.021358355551741433,,trans
Nxpe4,9.0,47970106.0,D9Mit227,9,41298949,41563128,4.062055891477976e-06,0.02137912909885061,6406978.0,trans
Syt17,7.0,125525370.0,rs3668680,11,55886003,56329568,4.063803512440328e-06,0.0213807976640146,,trans
Actr6,10.0,89174715.0,rs6191721,10,91382291,92120896,4.064137753106234e-06,0.0213807976640146,2207576.0,trans
Vars2,17.0,35792579.0,rs13482981,17,40708059,43226181,4.065048228004102e-06,0.0213807976640146,4915480.0,trans
Nsdhl,20.0,70163860.0,rs13483769,20,55907642,56198835,4.06510668426836e-06,0.0213807976640146,13965025.0,trans
Haus2,2.0,120435172.0,rs13476784,2,134345046,135758395,4.067244919142569e-06,0.021388447998608576,13909874.0,trans
Pcdhgb1,18.0,37821599.0,rs3666799,18,32047327,34074322,4.068483432142877e-06,0.02138869243945366,3747277.0,trans
Cyp2u1,3.0,130994047.0,UT_3_142.481798,3,138220054,138220054,4.069173805020596e-06,0.02138869243945366,7226007.0,trans
Mis12,11.0,70833113.0,rs3695202,11,64515287,64515287,4.069342482095448e-06,0.02138869243945366,6317826.0,trans
Zfp943,17.0,22099725.0,rs13482864,17,9565936,10166446,4.0824542751446424e-06,0.021454004256093003,11933279.0,trans
March1,8.0,68142424.0,rs6394046,8,64982540,69577204,4.08352526718503e-06,0.02145602826684225,0.0,cis
March8,6.0,116288056.0,rs13478993,6,117050639,119361486,4.0879764344177155e-06,0.021474437959918415,762583.0,cis
Flywch2,17.0,23913885.0,rs13482930,17,26950947,27588409,4.088401880283454e-06,0.021474437959918415,3037062.0,trans
Dhx33,11.0,70797593.0,rs13481087,11,69415411,70265537,4.100168845675605e-06,0.02153262897026734,532056.0,cis
Trav15n-1,14.0,53793956.0,rs3670380,14,47679977,49506930,4.102275227453435e-06,0.021540075011801562,4287026.0,trans
Impa1,3.0,10313540.0,rs3668064,3,9269819,9483989,4.105198627230552e-06,0.021551807802218062,829551.0,cis
Pgpep1,8.0,73172976.0,rs13479859,8,84568955,85463661,4.106471928171834e-06,0.0215548752850061,11395979.0,trans
Sord,2.0,122060560.0,rs3708635,2,125704535,127840968,4.109546270311982e-06,0.0215673938197565,3643975.0,trans
1190007I07Rik,10.0,82082603.0,gnf10.081.801,10,82278517,84148125,4.114476810178314e-06,0.021589648070370955,195914.0,cis
Ddx4,13.0,113388544.0,rs13482010,13,111231270,112643344,4.122423226080593e-06,0.02162771722894075,745200.0,cis
Senp3,11.0,69486612.0,gnf11.079.978,11,75282894,76408655,4.12471187913565e-06,0.021636095936221685,5796282.0,trans
Amdhd2,17.0,24292800.0,rs13482947,17,31769796,31769796,4.12910285861439e-06,0.021655497697841423,7476996.0,trans
Rmdn3,2.0,118962737.0,rs6411422,2,128199226,129125488,4.1324623863517545e-06,0.021669484309067726,9236489.0,trans
Akap1,11.0,88692106.0,rs13481128,11,83521936,87177234,4.1343780393130585e-06,0.02167589622310366,1514872.0,cis
Serpina1a,12.0,105091669.0,rs3724260,12,105957285,105957285,4.136052537413238e-06,0.021681041863078496,865616.0,cis
Kdm6b,11.0,69212010.0,UT_11_70.128831,11,70371167,72266233,4.139283359353782e-06,0.021694342606979097,1159157.0,cis
Dnah7a,1.0,53453853.0,rs6386920,1,54152567,54502962,4.148110335196397e-06,0.02173696390944045,698714.0,cis
Tmem203,2.0,25110974.0,rs13476413,2,31678178,33073858,4.151600921776406e-06,0.02175161182557285,6567204.0,trans
Vamp5,6.0,72318088.0,CEL-6_57082524,6,57060038,57060038,4.15806730127384e-06,0.021781843389843715,15258050.0,trans
Tmem242,17.0,5410869.0,rs13482845,17,4593482,4593482,4.1626304981061e-06,0.02180209676607302,817387.0,cis
Tmem63a,1.0,182872649.0,rs3682996,1,175676881,177366983,4.1673115952006305e-06,0.021822960770102092,5505666.0,trans
Ifrd1,12.0,40928154.0,NES13029525,1,174201925,174420752,4.172761135603259e-06,0.02184784122397064,,trans
Trmt61a,12.0,112916354.0,rs4140265,12,114553845,114553845,4.181306015479654e-06,0.021888772730326786,1637491.0,cis
Gm6723,15.0,78384832.0,rs3722797,13,81063898,81063898,4.182097725009013e-06,0.021888772730326786,,trans
Det1,7.0,85972360.0,rs6180964,12,16835276,26476092,4.183365887822828e-06,0.021888772730326786,,trans
C4b,17.0,34865325.0,CEL-17_20354682,17,21827381,23003494,4.183377436365611e-06,0.021888772730326786,11861831.0,trans
Zfp738,13.0,67770426.0,gnf13.057.501,13,59546202,59546202,4.18749213969187e-06,0.02190663824795299,8224224.0,trans
Gm22578,6.0,149001039.0,rs3692586,15,42453452,44180930,4.1925380241886765e-06,0.021929368400847297,,trans
Eno1b,4.0,149611364.0,rs13478048,4,149683530,150459961,4.199928312636207e-06,0.02196435147596347,72166.0,cis
Mrpl55,11.0,59015994.0,rs3024185,11,62910462,63033373,4.204430889446357e-06,0.021984223524863906,3894468.0,trans
4932438H23Rik,16.0,91054180.0,rs4219905,16,92999910,93538351,4.207483776583141e-06,0.02199651002855627,1945730.0,cis
Hjurp,1.0,90155662.0,rs3693929,13,18463431,18955999,4.211507721223061e-06,0.022013868217225965,,trans
Pip5k1b,19.0,24369284.0,rs4232105,19,23240261,23889912,4.2131556454469485e-06,0.022018803043321423,479372.0,cis
Gzmk,13.0,113961816.0,rs3675233,8,92275914,93011882,4.216376965086087e-06,0.02203195772993044,,trans
Rps18,17.0,34088944.0,rs13482864,17,9565936,10166446,4.224904339555577e-06,0.02207203909944542,23922498.0,trans
Chil1,1.0,136079041.0,D1Mit91,1,128355210,128413910,4.225649311546095e-06,0.02207203909944542,7665131.0,trans
Parp2,14.0,51427621.0,rs4230383,14,54987778,55236881,4.226492151831073e-06,0.02207203909944542,3560157.0,trans
Chp1,2.0,119373443.0,rs6411422,2,128199226,129125488,4.226869703643113e-06,0.02207203909944542,8825783.0,trans
Eci1,17.0,24563628.0,CEL-17_21879142,17,23322637,26350810,4.2305690159423035e-06,0.02208666630176266,0.0,cis
Exosc9,3.0,36451549.0,rs6274061,3,38788807,38788982,4.231082870369888e-06,0.02208666630176266,2337258.0,trans
Apobec3,15.0,79722856.0,CEL-15_73825145,15,73370669,74082232,4.232757825138236e-06,0.022091723474888976,5640624.0,trans
Zkscan16,4.0,58958999.0,rs6222684,4,71801321,73879435,4.234909946918298e-06,0.02209926898836524,12842322.0,trans
Sult2b1,7.0,52985353.0,CEL-7_36442524,7,56254113,56537917,4.235741157936351e-06,0.022099920151596744,3268760.0,trans
Reep5,18.0,34504528.0,rs13483314,18,40103728,41821108,4.238006195126837e-06,0.022108050818181246,5599200.0,trans
Otud7a,7.0,70589658.0,rs8260975,7,53682778,53682778,4.2414916009823126e-06,0.022122543906926362,16906880.0,trans
Dnah7c,1.0,46487608.0,rs6386920,1,54152567,54502962,4.244772467874682e-06,0.022135965518340572,7664959.0,trans
Rabl2,15.0,89412964.0,rs13482686,15,85458426,85601259,4.247532848986951e-06,0.022143559533448456,3811705.0,trans
Mrpl3,9.0,104955598.0,rs13478023,4,140528838,140755878,4.248321874187128e-06,0.022143559533448456,,trans
Mtus1,8.0,42076266.0,rs13479734,8,45708317,45708317,4.248352157510497e-06,0.022143559533448456,3632051.0,trans
Thbs1,2.0,117937629.0,rs6411422,2,128199226,129125488,4.253031216095438e-06,0.022164255239674434,10261597.0,trans
Dnah7a,1.0,53453853.0,rs3686293,1,58173264,58643671,4.25743879155615e-06,0.02218008631985753,4719411.0,trans
Sowahb,5.0,93470197.0,rs6297352,5,103545840,103545840,4.257486974374877e-06,0.02218008631985753,10075643.0,trans
Tmem107,11.0,68884311.0,rs3695202,11,64515287,64515287,4.263019931966386e-06,0.022203228850751308,4369024.0,trans
Cnot8,8.0,74228125.0,rs3023260,11,57088038,57644775,4.263348663611578e-06,0.022203228850751308,,trans
Gm16503,4.0,146914327.0,rs13478048,4,149683530,150459961,4.267489901841666e-06,0.022218766751115514,2769203.0,trans
Prmt3,7.0,57033716.0,rs8260975,7,53682778,53682778,4.267752624051669e-06,0.022218766751115514,3350938.0,trans
Pcdhb17,18.0,37644449.0,rs6232550,4,40972607,40972607,4.274415531922985e-06,0.022249752433243453,,trans
Cd99l2,20.0,68673240.0,gnfX.076.619,20,89920839,90523799,4.2812411639423565e-06,0.022281574698031312,21247599.0,trans
Dlg4,11.0,69830717.0,rs13477004,3,19544554,19544554,4.282806440632604e-06,0.022286013589129516,,trans
Evpl,11.0,116081873.0,gnf11.125.992,11,117108177,117108177,4.284738142016781e-06,0.022292357414403375,1026304.0,cis
Fhit,14.0,10382606.0,rs13482054,14,11312993,19569109,4.288325481771758e-06,0.022307311545513773,930387.0,cis
Rpl3,15.0,79908225.0,rs3708614,15,67951984,68411284,4.289192847579734e-06,0.022308114105827993,11496941.0,trans
Fcgr3,1.0,172981300.0,rs8242766,1,172981863,174164127,4.290403788167493e-06,0.022310703036503676,563.0,cis
Chil1,1.0,136079041.0,rs6406033,1,138462986,141128164,4.291708439304614e-06,0.02231377833368685,2383945.0,trans
Rps7,19.0,9290870.0,rs13481357,12,27578331,28255508,4.295238252267353e-06,0.022328419917728725,,trans
Mpg,11.0,32126511.0,rs13480870,11,11016917,11457492,4.298917371239953e-06,0.022343832661915558,20669019.0,trans
Htr5b,1.0,123406335.0,rs13476118,1,135891044,138214494,4.308461053255703e-06,0.022389716574627884,12484709.0,trans
Sppl2a,2.0,126718975.0,rs3708635,2,125704535,127840968,4.3112408405062464e-06,0.022400441250867976,0.0,cis
Sfrp1,8.0,24521990.0,mCV24506226,8,31744603,33820606,4.315968657243342e-06,0.022421282299528222,7222613.0,trans
Prkaca,8.0,86496887.0,rs13479825,8,85707108,85950408,4.324737975477516e-06,0.02246095026365593,546479.0,cis
Tmem260,14.0,49066131.0,rs3707560,14,55368949,56009748,4.325040449955333e-06,0.02246095026365593,6302818.0,trans
Zfp457,13.0,67393386.0,rs6280864,13,70216413,70216413,4.33003667644467e-06,0.022483164575532313,2823027.0,trans
AU022252,4.0,118898244.0,rs13477940,4,118271128,118641059,4.332449885130652e-06,0.02249196174894159,257185.0,cis
Pank2,2.0,131087973.0,UT_2_119.151187,2,118706767,121192484,4.334217863686385e-06,0.02249740683948674,9895489.0,trans
Reep5,18.0,34504528.0,rs3676196,18,43083464,43083464,4.337512146398374e-06,0.0225107713194236,8578936.0,trans
Tctex1d2,16.0,32419788.0,rs4173858,16,36613089,36613089,4.339681867533615e-06,0.022518296097078706,4193301.0,trans
Zfp932,5.0,110436056.0,rs13478434,5,104572764,106233590,4.350273447715111e-06,0.022569511550729376,4202466.0,trans
Igsf3,3.0,101181048.0,D11Mit349,11,55602850,55602850,4.362692962064597e-06,0.02263019189340161,,trans
Cdh7,1.0,111878904.0,rs13476012,1,101801486,105621440,4.365613641346344e-06,0.022637834903713995,6257464.0,trans
Cdh7,1.0,111878904.0,rs13476033,1,107790532,108029792,4.365613641346344e-06,0.022637834903713995,3849112.0,trans
Txndc9,1.0,38040712.0,UT_1_35.224766,1,34593292,34867217,4.367227606736593e-06,0.02264245100126243,3173495.0,trans
Atf7ip,6.0,136556350.0,rs3682699,6,138384999,139010268,4.371086955756897e-06,0.022658705119121582,1828649.0,cis
H2-Q7,17.0,35576100.0,rs3672987,17,33247165,35667114,4.381079465490712e-06,0.02270674147250942,0.0,cis
Szt2,4.0,118060348.0,rs3659850,4,110966848,114284494,4.386068809528034e-06,0.02272520613117183,3775854.0,trans
Trmt61a,12.0,112916354.0,rs4229611,12,114496727,114496727,4.3860949002573235e-06,0.02272520613117183,1580373.0,cis
Zfp715,7.0,50551758.0,rs13479226,7,52843651,53422379,4.389217049086622e-06,0.02273761683517307,2291893.0,trans
Arnt2,7.0,91394788.0,rs3672782,7,95155270,96589291,4.392320812707873e-06,0.022747821598422424,3760482.0,trans
4930505A04Rik,11.0,30326004.0,rs13480888,11,16853390,17636603,4.393368367303522e-06,0.022747821598422424,12689401.0,trans
4930505A04Rik,11.0,30326004.0,rs13480894,11,17845701,18067657,4.393368367303522e-06,0.022747821598422424,12258347.0,trans
Kazn,4.0,141658306.0,rs6234904,4,138152372,139225623,4.397602058601709e-06,0.022765431368110933,2432683.0,trans
Gm8526,13.0,88618191.0,rs13478586,5,147658808,148539066,4.3989525082603e-06,0.022765431368110933,,trans
Gm8526,13.0,88618191.0,rs3696754,5,145200213,145200213,4.3989525082603e-06,0.022765431368110933,,trans
Rufy4,1.0,74172115.0,rs3687595,1,72735307,73257786,4.399925287573768e-06,0.02276669948610999,914329.0,cis
Nnat,2.0,157385846.0,gnf02.161.674,2,158566515,158683924,4.403343969323367e-06,0.02278062101705553,1180669.0,cis
4930578G10Rik,4.0,42749077.0,rs13477694,4,49601465,49601465,4.407478478284357e-06,0.022798240651233107,6852388.0,trans
Fmo2,1.0,164805178.0,rs4222799,1,169153243,169907834,4.418023021297061e-06,0.022849005691406223,4348065.0,trans
Rbm34,8.0,129471070.0,rs13480045,8,130889097,131457798,4.419767718814821e-06,0.022851719919272668,1418027.0,cis
D330041H03Rik,17.0,24548972.0,rs13476187,1,156052564,156052564,4.4200087556295925e-06,0.022851719919272668,,trans
Tor3a,1.0,158583751.0,CEL-1_152888326,1,154761280,155750989,4.4224226469858765e-06,0.022859700766872056,2832762.0,trans
Dhx35,2.0,158620556.0,rs13476805,2,139549796,147753900,4.4230138499948686e-06,0.022859700766872056,10866656.0,trans
Ccdc171,4.0,83171500.0,rs13477746,4,65605269,66843059,4.423932558161513e-06,0.022860672225045005,16328441.0,trans
Focad,4.0,87767203.0,CEL-4_85931631,4,87303085,87557344,4.431174598835295e-06,0.02288969999976892,209859.0,cis
Gm16503,4.0,146914327.0,rs3023025,4,142772319,142772319,4.431682414933195e-06,0.02288969999976892,4142008.0,trans
Galnt7,8.0,60003366.0,rs3724562,3,150996554,150996554,4.432474747275743e-06,0.02288969999976892,,trans
AA415398,4.0,119202906.0,rs3659850,4,110966848,114284494,4.43247662398272e-06,0.02288969999976892,4918412.0,trans
BC016579,16.0,45626961.0,rs3656776,16,73748202,74870025,4.439196748312632e-06,0.022920619784991384,28121241.0,trans
Arhgap4,20.0,71139695.0,rs13483765,20,54787688,55119515,4.453394756214044e-06,0.022990133070884315,16020180.0,trans
Sybu,15.0,44503402.0,rs13482508,15,31661107,33427166,4.458497354509817e-06,0.023012677170328892,11076236.0,trans
Csrp1,1.0,137616638.0,rs8256197,1,130485641,130485675,4.460140289082234e-06,0.023017359612355973,7130963.0,trans
Rps20,4.0,3761613.0,rs3702283,4,4494214,5606395,4.461451785465572e-06,0.023020330345255996,732601.0,cis
Rpl26,19.0,29077895.0,UT_11_70.128831,11,70371167,72266233,4.467489058965359e-06,0.023047680281195415,,trans
Slc7a2,8.0,41947721.0,D8Mit294,8,40490765,40490765,4.472088171166103e-06,0.02306760297820548,1456956.0,cis
Baalc,15.0,38765446.0,rs3692586,15,42453452,44180930,4.4786178095836145e-06,0.023097475366210526,3688006.0,trans
Miip,4.0,147234900.0,rs3023025,4,142772319,142772319,4.482263367348865e-06,0.023112466353759156,4462581.0,trans
Eno3,11.0,70470706.0,rs13477004,3,19544554,19544554,4.486584271051553e-06,0.02313093419882222,,trans
Adpgk,9.0,59139379.0,mCV23098764,9,51521230,51995283,4.490833847042651e-06,0.02314902828295259,7144096.0,trans
Rpl3,15.0,79908225.0,rs13482687,15,85776069,86099724,4.4917459062082236e-06,0.023149915247138345,5867844.0,trans
Fgfr1op2,6.0,146526457.0,rs6152631,6,144002632,144814489,4.495842421340166e-06,0.023167211516711764,1711968.0,cis
Mtus1,8.0,42076266.0,rs13479735,8,46649263,46649263,4.504758240883428e-06,0.0232093320202036,4572997.0,trans
Clmp,9.0,40494047.0,rs3023208,9,40929720,40929720,4.510794816320883e-06,0.02323660670679138,435673.0,cis
Gm22578,6.0,149001039.0,rs3660608,15,38818095,38822670,4.513030524418795e-06,0.02324156034492939,,trans
Mrps5,2.0,127413155.0,UT_2_119.151187,2,118706767,121192484,4.513242279961039e-06,0.02324156034492939,6220671.0,trans
Gm25229,7.0,66669461.0,gnf07.050.858,7,63779524,65367119,4.5158434361203935e-06,0.02325112800928052,1302342.0,cis
Adh6b,3.0,138015342.0,rs13477425,3,134595339,136479848,4.518678449871414e-06,0.023261896410233008,1535494.0,cis
Rps19-ps3,4.0,147195886.0,rs3023025,4,142772319,142772319,4.526199089115845e-06,0.023296778629328427,4423567.0,trans
D630004N19Rik,7.0,107694262.0,rs13479416,7,103132457,103132457,4.528207108107118e-06,0.023303280057172242,4561805.0,trans
Rabgap1l,1.0,162149305.0,rs13476267,1,182213911,184421782,4.5305268421547544e-06,0.02331138324575725,20064606.0,trans
Ublcp1,11.0,44268075.0,rs3664950,11,35986497,36449998,4.533044390472428e-06,0.023320501435879198,7818077.0,trans
Grhl3,4.0,135097803.0,D4Mit339,4,133923341,133923341,4.538907486991462e-06,0.023344162842799606,1174462.0,cis
Fancl,11.0,26287084.0,rs13480872,11,11669289,12248051,4.5391361006421615e-06,0.023344162842799606,14039033.0,trans
Pgap2,7.0,109371588.0,rs6394492,7,94381203,94381203,4.5570251906505135e-06,0.023432311914442706,14990385.0,trans
Dthd1,5.0,63209761.0,CEL-5_67747877,5,69527299,71133299,4.5579040272739215e-06,0.023432979334892787,6317538.0,trans
Gins4,8.0,24337097.0,rs13459102,8,26133139,27552604,4.558824746916593e-06,0.023433861828537145,1796042.0,cis
Pcdhb16,18.0,37637494.0,rs6232550,4,40972607,40972607,4.561276047069268e-06,0.023439210518314407,,trans
Gm23254,7.0,66854274.0,CEL-7_43304662,7,62999955,63232349,4.561363758239523e-06,0.023439210518314407,3621925.0,trans
Dgat2,7.0,106302168.0,rs4226783,7,100081465,102651418,4.5701336005183736e-06,0.023480418752629732,3650750.0,trans
Them4,3.0,94114054.0,UT_3_93.299511,3,90413739,95488017,4.572023375373186e-06,0.023486270868349757,0.0,cis
Zfp933,4.0,147197095.0,rs6316136,4,142959727,144118897,4.576560641465769e-06,0.023505718868725108,3078198.0,trans
Fah,7.0,91733669.0,CEL-7_79063914,7,98979741,99797453,4.578742871725023e-06,0.02350920771725221,7246072.0,trans
Fah,7.0,91733669.0,rs13479395,7,97208893,98602160,4.578742871725023e-06,0.02350920771725221,5475224.0,trans
Zfp9,6.0,118411992.0,rs6204829,6,115865552,116706746,4.581227335523205e-06,0.023518104151782963,1705246.0,cis
Lypd2,15.0,74562682.0,rs13480759,10,108815683,110380616,4.585495162905393e-06,0.02353615120740112,,trans
Dap3,3.0,88724725.0,rs13477280,3,98086968,99356961,4.591585990573961e-06,0.02356354779233454,9362243.0,trans
Igtp,11.0,58013058.0,rs13481023,11,51824799,52067554,4.593198982410935e-06,0.023567959365736735,5945504.0,trans
Adgb,10.0,10155731.0,rs13480525,10,18980512,18980512,4.597282169091883e-06,0.02358504212083474,8824781.0,trans
Gzmk,13.0,113961816.0,rs13481998,13,107925489,108821881,4.601929083312803e-06,0.023605010842940737,5139935.0,trans
Tm2d3,7.0,72836055.0,rs3710348,13,31365186,32485698,4.6044740876852635e-06,0.023614193305730134,,trans
2810001A02Rik,15.0,86044462.0,D15Mit189,15,82471605,82471605,4.607544359290032e-06,0.023624781971065767,3572857.0,trans
Olfml1,7.0,114710960.0,rs3674465,7,119879435,120077980,4.608049086343989e-06,0.023624781971065767,5168475.0,trans
Tmem132c,5.0,127722177.0,rs3663155,5,128047890,128047890,4.615800755659775e-06,0.02366064610304689,325713.0,cis
Cobll1,2.0,64926408.0,rs6314726,2,63950899,64580035,4.618988724819565e-06,0.023673108738652787,346373.0,cis
Cd320,17.0,33980036.0,rs13482934,17,27985170,29917068,4.623939028961463e-06,0.023692616708872228,4062968.0,trans
Gm22510,7.0,66744059.0,rs13479276,7,65717523,66413236,4.624309708033731e-06,0.023692616708872228,330823.0,cis
Gsr,8.0,34763710.0,rs3654540,8,37656756,40414117,4.626474160238324e-06,0.02369594473587215,2893046.0,trans
Gsr,8.0,34763710.0,rs4227117,8,40709630,42338973,4.626474160238324e-06,0.02369594473587215,5945920.0,trans
Gm10404,14.0,12453002.0,rs13482054,14,11312993,19569109,4.630125644943247e-06,0.02370778666570303,0.0,cis
Mpc2,1.0,167391339.0,UT_1_169.988189,1,168323143,169017891,4.630301864645178e-06,0.02370778666570303,931804.0,cis
Tasp1,2.0,139659293.0,rs6209325,2,147881059,149804748,4.6315325812823575e-06,0.02371020754759221,8221766.0,trans
Ercc5,1.0,44204692.0,rs6386920,1,54152567,54502962,4.643692554059105e-06,0.023768568630733396,9947875.0,trans
Cyp2r1,7.0,121693678.0,rs13479483,7,125869548,125869548,4.648704099424148e-06,0.023787706885767826,4175870.0,trans
Spint1,2.0,119063141.0,rs4223510,2,131679415,131819271,4.648952373346609e-06,0.023787706885767826,12616274.0,trans
Nsdhl,20.0,70163860.0,rs13480872,11,11669289,12248051,4.65045820388628e-06,0.02379152058404837,,trans
Atg2a,19.0,6241668.0,rs13483511,19,6542811,6987338,4.653356903620585e-06,0.023802457721923468,301143.0,cis
LOC102638985,13.0,49859664.0,CEL-10_113177617,10,112836909,115238616,4.655085744274529e-06,0.02380740829783041,,trans
Dvl2,11.0,69814119.0,rs13481099,11,73923769,75078947,4.656095426046673e-06,0.02380867987722029,4109650.0,trans
Rnps1,6.0,7932358.0,rs6242153,17,32068298,32078991,4.6601385867664645e-06,0.02382546002856301,,trans
Zfp52,17.0,21672503.0,rs13482864,17,9565936,10166446,4.661403830961944e-06,0.023828034619671517,11506057.0,trans
Nhlrc1,13.0,47107927.0,UT_3_150.551162,3,146294051,146395300,4.663005165598732e-06,0.023828790725863334,,trans
Aste1,9.0,105297745.0,rs13480387,9,103827403,105541853,4.663075128573054e-06,0.023828790725863334,0.0,cis
Dsel,1.0,113755394.0,rs13476012,1,101801486,105621440,4.664746421840764e-06,0.023829546316002915,8133954.0,trans
Dsel,1.0,113755394.0,rs13476033,1,107790532,108029792,4.664746421840764e-06,0.023829546316002915,5725602.0,trans
Gm10560,4.0,155395712.0,rs13478053,4,150659779,152699720,4.6726043292070046e-06,0.023865790820360992,2695992.0,trans
Tm2d3,7.0,72836055.0,CEL-7_43304662,7,62999955,63232349,4.674583514773612e-06,0.023871901235371203,9603706.0,trans
Rpsa,3.0,149735535.0,rs13481399,12,39541327,46008977,4.6753268061656525e-06,0.023871901235371203,,trans
Ifih1,2.0,62435358.0,rs6302554,2,64696669,65496551,4.6830886267159615e-06,0.02390763055160884,2261311.0,trans
Dnajc17,2.0,118998236.0,UT_2_119.151187,2,118706767,121192484,4.689497341959444e-06,0.023936441599402343,0.0,cis
Ndufc2,7.0,104548587.0,rs6394492,7,94381203,94381203,4.694460134862352e-06,0.023957864078988585,10167384.0,trans
March8,6.0,116288056.0,rs13478980,6,113408783,113408783,4.695509983683338e-06,0.023959313378406264,2879273.0,trans
Gmip,8.0,72332586.0,UT_6_76.003706,8,77908172,78222251,4.699591176384999e-06,0.023976227420616836,5575586.0,trans
Dcaf6,1.0,167259821.0,rs13476208,1,163955813,164935095,4.711178432674635e-06,0.024031423903799313,2324726.0,trans
Polb,8.0,23738598.0,rs3682996,1,175676881,177366983,4.713410911884149e-06,0.024038892041781165,,trans
Ipw,7.0,67009126.0,rs6345670,7,70840460,72948115,4.716895462747217e-06,0.02404882246313156,3831334.0,trans
Ipw,7.0,67009126.0,rs4226649,7,73194873,73194873,4.716895462747217e-06,0.02404882246313156,6185747.0,trans
1500015L24Rik,19.0,20479778.0,rs13483549,19,18231112,19172288,4.7213671969674355e-06,0.02406769896901097,1307490.0,cis
Ssr2,3.0,88383593.0,rs3698196,3,85931836,87487048,4.723148717217542e-06,0.024072857890888654,896545.0,cis
Gxylt1,4.0,11327238.0,CEL-15_93879270,15,93284539,94018478,4.731072232977749e-06,0.0241093144430361,,trans
Pla2g4e,2.0,119992148.0,rs6291774,2,154372104,154520256,4.732656828941111e-06,0.02411346155355177,34379956.0,trans
Gm10719,9.0,3017408.0,rs4224919,4,144563168,147520407,4.73464206240103e-06,0.024119648277754223,,trans
Zfp874b,13.0,67573964.0,rs13481861,13,68711508,69092648,4.737794192854789e-06,0.024131776533344525,1137544.0,cis
Napepld,5.0,21168721.0,rs3706626,5,24621790,24621790,4.741724340814113e-06,0.024147768183685383,3453069.0,trans
Gm25134,7.0,19827479.0,rs13481462,12,55741344,56422769,4.742477610490759e-06,0.024147768183685383,,trans
Pkmyt1,17.0,23863303.0,CEL-17_20354682,17,21827381,23003494,4.744802911254184e-06,0.024155676572271738,859809.0,cis
Vps52,17.0,34092757.0,rs3672987,17,33247165,35667114,4.751245611732807e-06,0.024184540558858977,0.0,cis
Dars2,1.0,162970732.0,rs4222799,1,169153243,169907834,4.753204912007333e-06,0.024190577698822737,6182511.0,trans
Hist3h2bb-ps,11.0,58767550.0,D11Mit349,11,55602850,55602850,4.759924990732373e-06,0.024220838055728878,3164700.0,trans
Scn1b,7.0,31901543.0,rs13479163,7,27852866,27852866,4.763350367716313e-06,0.02423287678265712,4048677.0,trans
Gm15526,8.0,110214308.0,rs3676408,9,107733463,108704749,4.763840080446797e-06,0.02423287678265712,,trans
Rnf122,8.0,32222318.0,rs3661760,8,24557766,25314442,4.76559329478242e-06,0.024237853983297804,6907876.0,trans
Ubtd2,11.0,32355372.0,rs13481041,11,56515096,56515096,4.767421249448784e-06,0.024239269570800137,24159724.0,trans
Ubtd2,11.0,32355372.0,rs4228731,11,55208056,55208056,4.767421249448784e-06,0.024239269570800137,22852684.0,trans
Nsdhl,20.0,70163860.0,rs6250760,11,12902701,14903307,4.770229671328945e-06,0.02424960748593103,,trans
Zfp933,4.0,147197095.0,rs3718552,4,142466392,142466392,4.774704641283874e-06,0.02426324966709457,4730703.0,trans
Zfp933,4.0,147197095.0,rs13478024,4,140884373,142095184,4.774704641283874e-06,0.02426324966709457,5101911.0,trans
Gm13375,2.0,20891520.0,rs13476427,2,34869157,34869157,4.775240012123153e-06,0.02426324966709457,13977637.0,trans
Spint1,2.0,119063141.0,CEL-2_113459249,2,113408432,113667509,4.776910991390548e-06,0.02426779850480148,5395632.0,trans
Gga3,11.0,115445569.0,rs13481254,11,117410376,118205264,4.778061024620732e-06,0.02426969977026175,1964807.0,cis
Plekhh2,17.0,84911235.0,rs6278585,17,77217264,78754732,4.781371518551356e-06,0.024282572488547153,6156503.0,trans
Tor3a,1.0,158583751.0,rs3653666,1,160477203,161687298,4.784041767978422e-06,0.024289880964840388,1893452.0,cis
Unc45a,7.0,87470178.0,rs13479326,7,78841853,78841853,4.784363458145615e-06,0.024289880964840388,8628325.0,trans
Nudt6,3.0,37303904.0,rs3151902,3,36502923,36502923,4.7877177717045155e-06,0.024302966575534896,800981.0,cis
Pdzrn4,15.0,92427799.0,rs13482723,15,94999572,94999572,4.790968678275336e-06,0.024315523120656202,2571773.0,trans
Gm10478,12.0,20902100.0,rs4229294,12,26992470,26992470,4.7930720192441066e-06,0.02432225231651995,6090370.0,trans
Atf7ip,6.0,136556350.0,rs13479055,6,134571804,136350811,4.797311286431082e-06,0.02433586946019607,205539.0,cis
Atf7ip,6.0,136556350.0,rs13479064,6,136560768,136560768,4.797311286431082e-06,0.02433586946019607,4418.0,cis
Cbs,17.0,31749585.0,rs6242153,17,32068298,32078991,4.7981251951753975e-06,0.024336052094621613,318713.0,cis
Ncaph,2.0,126929562.0,rs8264884,2,130881868,131487026,4.8014840805946844e-06,0.024349140678487893,3952306.0,trans
Acot11,4.0,106417185.0,rs13477942,4,119150596,120476226,4.807501769462476e-06,0.024372149678378835,12733411.0,trans
Armc7,11.0,115336991.0,rs13481254,11,117410376,118205264,4.807651763039555e-06,0.024372149678378835,2073385.0,trans
Lcmt2,2.0,120964276.0,CEL-2_113459249,2,113408432,113667509,4.808358478150625e-06,0.024372149678378835,7296767.0,trans
Lemd1,1.0,134088008.0,rs13483221,18,15408257,15408257,4.80927000094598e-06,0.024372786572867,,trans
LOC102640399,7.0,66948590.0,rs8260975,7,53682778,53682778,4.810042291233074e-06,0.024372786572867,13265812.0,trans
Krt10,11.0,99246568.0,rs13482529,15,38955763,42338284,4.8154292708437e-06,0.02439613130669162,,trans
Dnajb13,7.0,107651527.0,rs13479451,7,114512549,114512549,4.817241762397375e-06,0.024401362190408123,6861022.0,trans
Arhgef15,11.0,68756656.0,rs13481068,11,64596125,64596125,4.835231284772014e-06,0.024488521601658864,4160531.0,trans
5830428H23Rik,19.0,61134110.0,rs3658400,19,59530841,60010466,4.843410536913026e-06,0.02452597572574811,1123644.0,cis
Tldc2,2.0,156888628.0,rs8264884,2,130881868,131487026,4.855628256079902e-06,0.02458386433437505,25401602.0,trans
Gm22980,4.0,116826698.0,rs3675629,4,120731448,121366806,4.856836863283401e-06,0.024586004505736832,3904750.0,trans
Crat,2.0,30255996.0,rs3709811,2,37512633,39670020,4.865615258201579e-06,0.024625126261313253,7256637.0,trans
1810032O08Rik,11.0,116532988.0,rs13482529,15,38955763,42338284,4.866139454833896e-06,0.024625126261313253,,trans
Lrrc8b,5.0,105844794.0,rs3677428,5,107349228,107412225,4.867969739077657e-06,0.024629164173149844,1504434.0,cis
Acot11,4.0,106417185.0,rs3659850,4,110966848,114284494,4.868511932464191e-06,0.024629164173149844,4549663.0,trans
Abhd10,16.0,45730030.0,rs4193040,16,60576914,60978161,4.874392752113179e-06,0.024654927579494793,14846884.0,trans
Parm1,5.0,91946726.0,rs4228112,10,12729007,13131982,4.875664921475837e-06,0.024657375635958045,,trans
Lama2,10.0,26701091.0,rs6332670,10,28501119,28885317,4.877255068712348e-06,0.024658734552984046,1800028.0,cis
Gm13375,2.0,20891520.0,rs13459062,2,31027541,31290124,4.8775100705920606e-06,0.024658734552984046,10136021.0,trans
Etnk2,1.0,135260341.0,gnf01.126.387,1,128625711,129064813,4.8825882734048375e-06,0.024676432333482635,6195528.0,trans
Etnk2,1.0,135260341.0,gnf01.127.292,1,129548234,130226591,4.8825882734048375e-06,0.024676432333482635,5033750.0,trans
Ctse,1.0,133534891.0,D1Mit91,1,128355210,128413910,4.8925208618373085e-06,0.024722637328004844,5120981.0,trans
Ehd3,17.0,74154204.0,rs3701107,17,70599746,72001677,4.896048801526694e-06,0.024736468980168923,2152527.0,trans
Tmem203,2.0,25110974.0,rs13476464,2,43538350,44257293,4.8984091175806025e-06,0.02474439789459244,18427376.0,trans
Mrap2,9.0,87064367.0,rs3669564,9,87780386,88102529,4.899587721061025e-06,0.024746355771183125,716019.0,cis
Gm10404,14.0,12453002.0,gnf14.013.298,14,20733677,23539821,4.9019057195952335e-06,0.024754066831231703,8280675.0,trans
Ephb2,4.0,136209523.0,rs3023009,4,129249415,129300960,4.903272522173564e-06,0.024756972745999646,6908563.0,trans
Dars2,1.0,162970732.0,UT_1_169.988189,1,168323143,169017891,4.904202164795672e-06,0.024757568111517955,5352411.0,trans
Gpr52,1.0,162506799.0,rs3693161,1,162215219,163901483,4.90571900028294e-06,0.024757568111517955,0.0,cis
Gm11826,4.0,13409902.0,rs3695202,11,64515287,64515287,4.905764577999272e-06,0.024757568111517955,,trans
2810025M15Rik,1.0,159342483.0,rs13476208,1,163955813,164935095,4.910352495106261e-06,0.024776724731148236,4613330.0,trans
Hps1,19.0,42829686.0,rs3023496,19,48212356,48212356,4.9115014996034525e-06,0.024778525857549333,5382670.0,trans
Gm26467,7.0,66837433.0,rs13479319,7,76941381,77106359,4.912913897604752e-06,0.024781655009143234,10103948.0,trans
Appbp2,11.0,85004808.0,rs13481152,11,89938912,90397848,4.925087194441176e-06,0.02483905438415423,4934104.0,trans
Tldc2,2.0,156888628.0,rs4223510,2,131679415,131819271,4.930330471187563e-06,0.024861490208870633,25069357.0,trans
Lad1,1.0,137715175.0,D1Mit218,1,129336687,129336687,4.93169973399169e-06,0.02486438700022301,8378488.0,trans
H2-Bl,17.0,36216993.0,rs13482981,17,40708059,43226181,4.934212735557592e-06,0.024873048371409853,4491066.0,trans
Pusl1,4.0,155263230.0,rs6316711,4,155235047,155235047,4.936760302167997e-06,0.02487588804527681,28183.0,cis
Fbxo44,4.0,147526910.0,rs13478048,4,149683530,150459961,4.937512907004411e-06,0.02487588804527681,2156620.0,trans
Haus8,8.0,73775023.0,rs13479859,8,84568955,85463661,4.9376500218875745e-06,0.02487588804527681,10793932.0,trans
Gm25134,7.0,19827479.0,rs3705833,12,59053627,59702512,4.93795670678815e-06,0.02487588804527681,,trans
Got1l1,8.0,28307931.0,rs3697344,8,34630321,35274784,4.939774544086601e-06,0.024877033816296565,6322390.0,trans
Got1l1,8.0,28307931.0,rs6182243,8,35372423,36878789,4.939774544086601e-06,0.024877033816296565,7064492.0,trans
Paxbp1,16.0,91015021.0,rs4215932,16,88934053,89451583,4.941848599017146e-06,0.024883473184723635,1563438.0,cis
Nrg4,9.0,55069105.0,rs3689326,9,53767155,54508270,4.942949533218778e-06,0.024885011357079944,560835.0,cis
Mela,8.0,125949778.0,D9Mit11,9,86133452,86133452,4.950868769030166e-06,0.024920869880981997,,trans
Rnase6,14.0,51748765.0,rs13482141,14,39961749,40378547,4.959088302942491e-06,0.024958228215462487,11370218.0,trans
Rabl2,15.0,89412964.0,rs13482693,15,87908143,88048035,4.96409534785017e-06,0.024979409234442772,1364929.0,cis
Chga,12.0,103793179.0,rs13481611,12,100818237,100818237,4.966030134365229e-06,0.024985126272252817,2974942.0,trans
3110070M22Rik,13.0,120276068.0,rs13482038,13,120059029,120203851,4.975912188024694e-06,0.02502833631311107,72217.0,cis
Zfp658,7.0,50820009.0,rs13479226,7,52843651,53422379,4.976218608921329e-06,0.02502833631311107,2023642.0,trans
Tnfrsf8,4.0,144858879.0,D4Mit343,4,142301240,142301240,4.981371675050109e-06,0.0250502267521885,2557639.0,trans
Thbs1,2.0,117937629.0,rs3686617,2,122383806,125564678,4.989462137129504e-06,0.02508687930138504,4446177.0,trans
Rasgrp2,19.0,6399509.0,rs6180964,12,16835276,26476092,4.991025715842687e-06,0.025090708353142463,,trans
Bex4,1.0,152116052.0,rs6205221,20,126830239,128323972,4.992251828308296e-06,0.025092839948647305,,trans
Pacrg,17.0,10595878.0,rs13482864,17,9565936,10166446,4.995078595735678e-06,0.025103015030138207,429432.0,cis
Aasdh,5.0,77304960.0,gnf05.066.286,5,72415729,73519551,5.000893215085844e-06,0.025125954799568976,3785409.0,trans
Sntg2,12.0,30859858.0,rs6238712,12,28507708,29676794,5.001249535846994e-06,0.025125954799568976,1183064.0,cis
Abhd10,16.0,45730030.0,rs4186744,16,51442246,51548005,5.0089577941728225e-06,0.025160640020064403,5712216.0,trans
Gm4924,10.0,81817000.0,rs3654502,1,194704348,195301070,5.013974897117569e-06,0.025179747094749846,,trans
Ifi203,1.0,175850531.0,rs3682996,1,175676881,177366983,5.014776009390696e-06,0.025179747094749846,0.0,cis
Zfp943,17.0,22099725.0,rs13482930,17,26950947,27588409,5.015176238629309e-06,0.025179747094749846,4851222.0,trans
Dap3,3.0,88724725.0,rs3699123,3,82199891,84792918,5.018220792317531e-06,0.02519099006819931,3931807.0,trans
Ndufaf1,2.0,119481182.0,rs13476723,2,117118532,118639998,5.02004105018134e-06,0.025196084571757,841184.0,cis
Gm10654,8.0,73455693.0,rs13479825,8,85707108,85950408,5.02289855104592e-06,0.02520286265135057,12251415.0,trans
2310030G06Rik,9.0,50547796.0,rs13480191,9,50964758,50964758,5.023231909142927e-06,0.02520286265135057,416962.0,cis
Nmbr,10.0,14480027.0,rs4228112,10,12729007,13131982,5.023964334224608e-06,0.02520286265135057,1348045.0,cis
Armc3,2.0,19123395.0,rs13476364,2,19000350,22676436,5.024613963183455e-06,0.02520286265135057,0.0,cis
Csrp1,1.0,137616638.0,rs13476138,1,141417668,141417668,5.025657199960101e-06,0.025204054348153735,3801030.0,trans
Col4a3bp,13.0,97312690.0,rs3672897,9,83587154,84973161,5.031048210384049e-06,0.025227046584688613,,trans
Dmrtc2,7.0,25655076.0,rs6353445,10,111131157,111836441,5.0335042618616615e-06,0.025231851079168807,,trans
H2-T10,17.0,36254033.0,UT_3_150.551162,3,146294051,146395300,5.033619455267791e-06,0.025231851079168807,,trans
A930017M01Rik,15.0,44712926.0,rs4230714,15,44206758,44717039,5.03959694822662e-06,0.025257767181957897,0.0,cis
Dnajc17,2.0,118998236.0,rs6411422,2,128199226,129125488,5.043107714908825e-06,0.0252713140695439,9200990.0,trans
Vstm2b,7.0,48154570.0,rs13481357,12,27578331,28255508,5.049624845627681e-06,0.025299919275041525,,trans
Tmem150c,5.0,100506891.0,rs3712722,5,98239478,98975792,5.062998807441181e-06,0.025362864305834277,1531099.0,cis
Bok,1.0,95582271.0,rs13475954,1,82901014,83335506,5.069628346177279e-06,0.025392008707126785,12246765.0,trans
Spint1,2.0,119063141.0,CEL-2_135876979,2,135953692,136253017,5.0705176834145725e-06,0.025392397703178315,16890551.0,trans
Zfp446,7.0,13563197.0,rs3675839,7,16621522,17545980,5.085440809423111e-06,0.025463054451387617,3058325.0,trans
Aldh7a1,18.0,56685390.0,rs13477364,3,118290074,119016593,5.090160623720805e-06,0.025482608273302985,,trans
2610005L07Rik,18.0,4198214.0,rs3661760,8,24557766,25314442,5.099808786378347e-06,0.0255268244262823,,trans
Tec,5.0,73146973.0,gnf05.066.286,5,72415729,73519551,5.108357024928766e-06,0.025565521700895,0.0,cis
Rcan1,16.0,92392196.0,rs4219239,16,91670409,91670409,5.112198577283445e-06,0.025580655062839068,721787.0,cis
Rcan1,16.0,92392196.0,rs4219613,16,92411850,92411850,5.119363690177056e-06,0.025611194450662456,19654.0,cis
Gm6728,6.0,136434677.0,rs13465325,5,92055406,92055406,5.119939092738931e-06,0.025611194450662456,,trans
4930533L02Rik,7.0,132461873.0,rs13479305,7,73316124,73426174,5.12165554162779e-06,0.025615684661940644,59035699.0,trans
Rgl2,17.0,34066839.0,CEL-17_20354682,17,21827381,23003494,5.124457183546216e-06,0.025625600104713916,11063345.0,trans
Fam171a2,11.0,102298295.0,rs13481194,11,101460336,103038835,5.125754866521616e-06,0.025627992812687565,0.0,cis
Luzp1,4.0,136025688.0,rs6386918,4,139323756,140081803,5.126716219917669e-06,0.02562870342806815,3298068.0,trans
Thbs1,2.0,117937629.0,rs3675388,2,152495773,153967020,5.129290847836838e-06,0.02563747736557064,34558144.0,trans
Pot1b,17.0,55791323.0,rs6272475,17,53622040,53622040,5.130226263315714e-06,0.025638056615331774,2169283.0,trans
Pfdn2,1.0,173275830.0,rs13476241,1,174792335,175262195,5.131763899600501e-06,0.025641644768605882,1516505.0,cis
Fdx1,9.0,51751412.0,rs3696307,10,53462955,53462955,5.133376710565648e-06,0.025645607337697926,,trans
Plekhh2,17.0,84911235.0,rs3667051,17,90179672,90487044,5.144903869083228e-06,0.02569909137888834,5268437.0,trans
Tmco6,18.0,36894722.0,rs13483292,18,34134969,34134969,5.1462894248539896e-06,0.025700268579604727,2759753.0,trans
Mtrr,13.0,68699657.0,rs4184167,13,59454245,59454245,5.146782569339772e-06,0.025700268579604727,9245412.0,trans
Mina,16.0,59471668.0,rs4189478,16,57552272,59838934,5.1555897644400454e-06,0.02573863404105413,0.0,cis
Tm2d3,7.0,72836055.0,rs13481740,13,30769381,30769381,5.157481770506825e-06,0.02573863404105413,,trans
Grin3a,4.0,49675645.0,rs13477695,4,49784163,50695666,5.157756666237108e-06,0.02573863404105413,108518.0,cis
Grin3a,4.0,49675645.0,CEL-4_51526276,4,52294103,54911506,5.157756666237108e-06,0.02573863404105413,2618458.0,trans
Wrn,8.0,34344845.0,rs13459102,8,26133139,27552604,5.160585812349524e-06,0.025748644966585306,6792241.0,trans
9330160F10Rik,11.0,68871220.0,rs13481068,11,64596125,64596125,5.165041834916541e-06,0.025766768674127485,4275095.0,trans
Adal,2.0,120966172.0,rs13476709,2,114022898,115248630,5.168821917725921e-06,0.025781515089277094,5717542.0,trans
Gm24306,7.0,66604906.0,rs13479305,7,73316124,73426174,5.1785859954361576e-06,0.025826099553033725,6711218.0,trans
Far1,7.0,120657376.0,rs13479470,7,121842519,121842519,5.180856241009159e-06,0.025833303309390758,1185143.0,cis
Haus7,20.0,70682652.0,rs13483770,20,56488674,56488674,5.187421210290932e-06,0.02586191613770792,14193978.0,trans
Pde5a,3.0,122432076.0,rs13477369,3,119424850,119424850,5.194234413453398e-06,0.025887986702360612,3007226.0,trans
Zfp951,5.0,105242188.0,rs13478446,5,107623394,108406052,5.194305510569751e-06,0.025887986702360612,2381206.0,trans
Fah,7.0,91733669.0,rs13479416,7,103132457,103132457,5.2018155773846825e-06,0.02592128668467967,11398788.0,trans
Lsm4,8.0,73197147.0,rs3719174,8,83396538,84339460,5.209314366554655e-06,0.02595451987127834,10199391.0,trans
Zfp185,20.0,70242373.0,rs13483769,20,55907642,56198835,5.210270661995012e-06,0.025955150806099114,14043538.0,trans
1700001L05Rik,15.0,83187990.0,rs3667755,15,78741347,81745213,5.21300945785657e-06,0.025964659716290403,1442777.0,cis
Lmcd1,6.0,112223752.0,rs13478951,6,105762437,110706035,5.2147655446269865e-06,0.025969271756976393,1517717.0,cis
D130040H23Rik,8.0,71794979.0,rs13479883,8,89785659,90415071,5.215871943874357e-06,0.02597064743311711,17990680.0,trans
Mus81,19.0,5482851.0,rs13483511,19,6542811,6987338,5.218542817291905e-06,0.025979811194960144,1059960.0,cis
Ppp1r32,19.0,10548729.0,D19Mit42,19,10157495,10157495,5.232167470564853e-06,0.026043495279054016,391234.0,cis
Eci1,17.0,24563628.0,CEL-17_20354682,17,21827381,23003494,5.23401938599877e-06,0.026048568761768576,1560134.0,cis
Qrfp,2.0,31661688.0,rs6353445,10,111131157,111836441,5.2350027783458024e-06,0.02604887717007813,,trans
Zfp949,9.0,88461997.0,rs3674339,9,85386930,85749877,5.23574666925919e-06,0.02604887717007813,2712120.0,trans
Gm6970,19.0,47244959.0,rs13483647,19,46657000,47045663,5.239518444343405e-06,0.02606349754025879,199296.0,cis
Glul,1.0,155747075.0,gnf01.132.831,1,135115364,135695643,5.241673652306195e-06,0.02607007307722337,20051432.0,trans
Nudt6,3.0,37303904.0,rs13477062,3,36739264,36836603,5.246805128120978e-06,0.026091446984767536,467301.0,cis
Htr5b,1.0,123406335.0,gnf01.103.869,1,105918405,107242004,5.262300920948844e-06,0.02616062271750929,16164331.0,trans
Snrnp25,11.0,32105415.0,D11Mit79,11,19645820,19740965,5.26238833561637e-06,0.02616062271750929,12364450.0,trans
Mis12,11.0,70833113.0,rs13481068,11,64596125,64596125,5.263443067930046e-06,0.026161708779076052,6236988.0,trans
Gm4983,12.0,17999672.0,rs13481313,12,14876064,15561948,5.268484746192819e-06,0.026182608284383554,2437724.0,trans
Ephb2,4.0,136209523.0,rs3663950,4,135285446,135525152,5.275001351762937e-06,0.026206667450947102,684371.0,cis
Ephb2,4.0,136209523.0,rs3664871,4,132410010,133808951,5.275001351762937e-06,0.026206667450947102,2400572.0,trans
Golga7b,19.0,42322064.0,rs3660360,19,48448365,48448365,5.280358672614632e-06,0.026228050756870527,6126301.0,trans
Azgp1,5.0,138422764.0,rs4228452,10,110731307,110731307,5.280982252664104e-06,0.026228050756870527,,trans
Dph6,2.0,114337809.0,rs13476241,1,174792335,175262195,5.283152931640361e-06,0.02623295059950122,,trans
Fam115e,6.0,42537212.0,rs13478053,4,150659779,152699720,5.28364591100068e-06,0.02623295059950122,,trans
Tmem87b,2.0,128644047.0,rs13476740,2,121412769,122144319,5.287813399446375e-06,0.02624947598027559,6499728.0,trans
P4ha3,7.0,107434030.0,rs4226783,7,100081465,102651418,5.292929262909332e-06,0.026270703242202383,4782612.0,trans
Tnni1,1.0,137696016.0,gnf01.128.089,1,130357592,130357592,5.317198790368388e-06,0.02638697518226983,7338424.0,trans
Gm10577,4.0,100692903.0,CEL-10_113177617,10,112836909,115238616,5.322250710720063e-06,0.026407856630880116,,trans
Txndc9,1.0,38040712.0,mCV25004024,1,38451547,38607247,5.3265262256206485e-06,0.02642152130836997,410835.0,cis
9030025P20Rik,17.0,15178579.0,UT_17_3.221024,17,6039015,7955311,5.327302181571689e-06,0.02642152130836997,7223268.0,trans
Zfp125,12.0,20905683.0,rs13481305,12,12798107,12798107,5.327538401305182e-06,0.02642152130836997,8107576.0,trans
Lincenc1,13.0,98264754.0,rs3664096,13,75901604,80877111,5.329690718534377e-06,0.02642800596043787,17387643.0,trans
Rasl11b,5.0,74591321.0,rs3685576,9,108961892,109158530,5.33245868357628e-06,0.026437540847876355,,trans
Gm7222,20.0,131362718.0,rs13482942,17,30022647,31061912,5.334161613449902e-06,0.02644179326360338,,trans
Srp14,2.0,118301579.0,rs13476740,2,121412769,122144319,5.348962531864384e-06,0.026510961644347568,3111190.0,trans
Gdf1,8.0,72839673.0,rs3717251,8,64089398,64687181,5.351818693440339e-06,0.02651968704831444,8152492.0,trans
Hdhd3,4.0,62160046.0,rs6258088,4,82262282,87106965,5.352418418738336e-06,0.02651968704831444,20102236.0,trans
Uba5,9.0,103949479.0,rs3657415,9,105983686,106321565,5.35544595626903e-06,0.02653048577140686,2034207.0,trans
Mr1,1.0,156975008.0,rs6267646,1,154395967,154628105,5.367130230390584e-06,0.026584159122154786,2346903.0,trans
Gm24254,8.0,94563816.0,rs3668680,11,55886003,56329568,5.368252926620102e-06,0.026585510763973072,,trans
Gm10568,1.0,3670652.0,D1Mit294,1,11731388,12711281,5.3839871222978135e-06,0.026659211902084902,8060736.0,trans
Tox3,8.0,92770939.0,rs13479883,8,89785659,90415071,5.384878320394029e-06,0.026659405139992015,2355868.0,trans
Nudt7,8.0,116657515.0,rs6182338,8,109504195,110469117,5.388492038343934e-06,0.026673074809839457,6188398.0,trans
Pcdhgb1,18.0,37821599.0,gnf18.027.000,18,29688176,31285350,5.389742676470697e-06,0.026675044742742033,6536249.0,trans
Car2,3.0,14886706.0,rs13476993,3,16964502,16964502,5.392472010314485e-06,0.02668029081353495,2077796.0,trans
Micalcl,7.0,119517847.0,rs3674465,7,119879435,120077980,5.392508335206434e-06,0.02668029081353495,361588.0,cis
Pus7l,15.0,94353071.0,rs6285067,15,95144976,95780106,5.396930780019621e-06,0.026697949206348784,791905.0,cis
Dennd1b,1.0,140860363.0,D1Mit91,1,128355210,128413910,5.401203264220532e-06,0.026710719652569465,12446453.0,trans
Psen2,1.0,182157137.0,rs13476267,1,182213911,184421782,5.401219922837169e-06,0.026710719652569465,56774.0,cis
Nabp2,10.0,127838451.0,rs8242766,1,172981863,174164127,5.406482675659286e-06,0.02673147474830816,,trans
Sfrp1,8.0,24521990.0,rs3680402,8,33934049,34520656,5.407125798475492e-06,0.02673147474830816,9412059.0,trans
4930474N05Rik,14.0,36908103.0,rs13482868,17,10586984,11481618,5.4261898060293585e-06,0.026821483883165357,,trans
Pkmyt1,17.0,23863303.0,rs13482930,17,26950947,27588409,5.428100608561653e-06,0.026826690226045932,3087644.0,trans
Rph3al,11.0,75645639.0,UT_3_150.551162,3,146294051,146395300,5.4291774750633125e-06,0.026827774107099116,,trans
Tsc2,17.0,24732882.0,CEL-17_29648158,17,31179361,31326531,5.432808263436636e-06,0.026841475619477546,6446479.0,trans
5830417I10Rik,3.0,88615559.0,CEL-3_75140206,3,74542042,75418536,5.435477325704588e-06,0.026850422025785456,13197023.0,trans
Myo7a,7.0,105199570.0,rs13479460,7,118818343,118818343,5.4442380840608415e-06,0.026889452898123025,13618773.0,trans
Rd3,1.0,193801254.0,rs13476316,1,197014646,197134686,5.449913746626684e-06,0.026908270520571966,3213392.0,trans
Impa1,3.0,10313540.0,rs13476950,3,3785418,8755000,5.450195652691786e-06,0.026908270520571966,1558540.0,cis
Mrpl35,6.0,71762997.0,CEL-6_86603542,6,86222500,86953033,5.45062842219528e-06,0.026908270520571966,14459503.0,trans
Pih1d1,7.0,52409724.0,rs3668040,7,47556868,47652851,5.452281027016838e-06,0.026912182148015464,4756873.0,trans
Asb16,11.0,102130137.0,rs8274734,16,97799872,97799872,5.453636608975261e-06,0.026914626682831056,,trans
Gpr12,5.0,147393726.0,rs13478586,5,147658808,148539066,5.4555984362061565e-06,0.026915816501466877,265082.0,cis
Gpr12,5.0,147393726.0,rs3696754,5,145200213,145200213,5.4555984362061565e-06,0.026915816501466877,2193513.0,trans
Chil1,1.0,136079041.0,CEL-1_152888326,1,154761280,155750989,5.458902472036056e-06,0.02692787071029481,18682239.0,trans
Arsb,13.0,94541714.0,rs13481968,13,99628244,100636777,5.460559038620693e-06,0.026931795703913845,5086530.0,trans
Tnip1,11.0,54713832.0,rs6199956,11,50558769,51384701,5.46753828717711e-06,0.026961967100064613,3329131.0,trans
H2-Q2,17.0,35479278.0,rs3701810,17,53810984,55409409,5.471201345823761e-06,0.02697577849929274,18331706.0,trans
Gm609,16.0,45416868.0,rs4186333,16,51096872,51105989,5.473313585875976e-06,0.026980227799003144,5680004.0,trans
Tesk1,4.0,43454811.0,rs6232550,4,40972607,40972607,5.473828603891995e-06,0.026980227799003144,2482204.0,trans
Lmcd1,6.0,112223752.0,rs6334121,6,110884644,110884644,5.477567500631265e-06,0.026992097187395064,1339108.0,cis
Pusl1,4.0,155263230.0,rs3693087,4,155495857,155557886,5.478782995095121e-06,0.026992097187395064,232627.0,cis
Btbd9,17.0,30357025.0,rs3672987,17,33247165,35667114,5.478825121915454e-06,0.026992097187395064,2890140.0,trans
T2,17.0,8589494.0,rs13482868,17,10586984,11481618,5.4909093644473044e-06,0.0270443023131911,1997490.0,cis
Nmi,2.0,51804025.0,CEL-2_50605053,2,50500582,50645386,5.491150610550499e-06,0.0270443023131911,1158639.0,cis
Zfp933,4.0,147197095.0,rs13478023,4,140528838,140755878,5.494349376551955e-06,0.027051814538700994,6441217.0,trans
Pfdn6,17.0,34075864.0,rs13482942,17,30022647,31061912,5.494536655318392e-06,0.027051814538700994,3013952.0,trans
Trim3,7.0,112758984.0,D7Mit323,7,108024450,108024450,5.495270061725546e-06,0.027051814538700994,4734534.0,trans
B2m,2.0,121973423.0,rs13476723,2,117118532,118639998,5.524658803036938e-06,0.027192208956657096,3333425.0,trans
Ythdc2,18.0,44988341.0,rs3716758,18,46435494,49028157,5.528417625843001e-06,0.02720642933995332,1447153.0,cis
Haus8,8.0,73775023.0,rs3722665,8,75068927,77417178,5.531440535347718e-06,0.027217024245687737,1293904.0,cis
Pyroxd2,19.0,42801409.0,CEL-19_48014568,19,48744594,48972883,5.534716823216357e-06,0.027228862351702215,5943185.0,trans
Snapc5,9.0,64027104.0,rs4227700,9,58724842,59934577,5.537105713345108e-06,0.027236331736344523,4092527.0,trans
Parp2,14.0,51427621.0,rs6175724,14,46697706,47011325,5.547140875871016e-06,0.027281403919073913,4416296.0,trans
Eqtn,4.0,94573984.0,rs13477785,4,75774917,80950127,5.550248493938484e-06,0.02729239691854798,13623857.0,trans
Hdhd3,4.0,62160046.0,rs13477785,4,75774917,80950127,5.552964889521331e-06,0.027301459677357587,13614871.0,trans
Chac1,2.0,119176992.0,rs3708635,2,125704535,127840968,5.554363920161114e-06,0.027301459677357587,6527543.0,trans
Cd320,17.0,33980036.0,CEL-17_21879142,17,23322637,26350810,5.554709606499781e-06,0.027301459677357587,7629226.0,trans
Nmnat2,1.0,154802231.0,UT_1_169.988189,1,168323143,169017891,5.5604333266245955e-06,0.027325298770037205,13520912.0,trans
Ppib,9.0,65907976.0,rs4227706,9,62226500,64300970,5.564039902861947e-06,0.02733872785722769,1607006.0,cis
Emp1,6.0,135312949.0,D6Mit339,6,136372097,136372097,5.56683290881288e-06,0.02734815590352009,1059148.0,cis
Bloc1s6,2.0,122564241.0,rs13476709,2,114022898,115248630,5.568939371934117e-06,0.027354208742785057,7315611.0,trans
Slc35f5,1.0,127457600.0,rs6406033,1,138462986,141128164,5.571873439251128e-06,0.027364324172639013,11005386.0,trans
Orc6,8.0,87823690.0,rs13479859,8,84568955,85463661,5.5754737198139354e-06,0.027377295728996477,2360029.0,trans
Pcdhb16,18.0,37637494.0,rs13477674,4,43562053,44330250,5.577140043870749e-06,0.027377295728996477,,trans
Pcdhb16,18.0,37637494.0,rs13477670,4,42803507,43197670,5.577140043870749e-06,0.027377295728996477,,trans
Gm8840,1.0,69177545.0,rs13478566,5,142540280,143680350,5.599308706058003e-06,0.027481805950505027,,trans
Zfp85os,13.0,67845141.0,rs6220659,13,64303979,65397885,5.6067310162092475e-06,0.027509603359585452,2447256.0,trans
Zfp85os,13.0,67845141.0,rs13481845,13,63061924,64072990,5.6067310162092475e-06,0.027509603359585452,3772151.0,trans
Spire2,8.0,125856613.0,rs13480026,8,126224093,126224093,5.6155658128283865e-06,0.027548630892982692,367480.0,cis
Pde2a,7.0,108570223.0,rs3699086,7,103251219,103381987,5.616869036952496e-06,0.027550703877077073,5188236.0,trans
Nudt12,17.0,59139041.0,rs13476950,3,3785418,8755000,5.625183353587836e-06,0.027587160180604503,,trans
Gm7108,20.0,87050254.0,rs13483511,19,6542811,6987338,5.626670578738384e-06,0.027590128716629813,,trans
Man2b1,8.0,87607168.0,rs13479883,8,89785659,90415071,5.628753542954235e-06,0.02759601704441988,2178491.0,trans
Cacybp,1.0,162132500.0,rs6209248,1,160302634,160302634,5.632380972169358e-06,0.027609474368986357,1829866.0,cis
Vamp5,6.0,72318088.0,rs13478780,6,59473346,60541372,5.637086660857519e-06,0.02762821218929234,11776716.0,trans
4930533L02Rik,7.0,132461873.0,rs4226649,7,73194873,73194873,5.64377091291488e-06,0.02765159807740831,59267000.0,trans
4930533L02Rik,7.0,132461873.0,rs6345670,7,70840460,72948115,5.64377091291488e-06,0.02765159807740831,59513758.0,trans
Pgm1,5.0,64484189.0,rs3657916,5,63556502,63605205,5.644509834895699e-06,0.02765159807740831,878984.0,cis
Spef1,2.0,130995997.0,rs4223510,2,131679415,131819271,5.656606725888366e-06,0.027703802442712328,683418.0,cis
Tesk1,4.0,43454811.0,rs3694836,4,45985764,46553371,5.657220152962975e-06,0.027703802442712328,2530953.0,trans
Gsr,8.0,34763710.0,CEL-8_23309075,8,25612807,25612807,5.657822962109474e-06,0.027703802442712328,9150903.0,trans
4930578G10Rik,4.0,42749077.0,CEL-4_34185403,4,34041019,35257017,5.6606972467756215e-06,0.027713538820062895,7492060.0,trans
Gm25874,7.0,66706485.0,rs4226649,7,73194873,73194873,5.672121335107889e-06,0.02776077984435179,6488388.0,trans
Gm25874,7.0,66706485.0,rs6345670,7,70840460,72948115,5.672121335107889e-06,0.02776077984435179,4133975.0,trans
Folr2,7.0,108988010.0,rs13482529,15,38955763,42338284,5.674867838333962e-06,0.02776987744382297,,trans
Dph7,2.0,24817943.0,rs13476364,2,19000350,22676436,5.679108423393921e-06,0.02778628232036955,2141507.0,trans
Gm12282,11.0,62563572.0,rs3657810,5,113832345,114910446,5.6832674354577205e-06,0.027802283015036962,,trans
Zfp933,4.0,147197095.0,rs13478053,4,150659779,152699720,5.68516050513842e-06,0.027807195553491804,3462684.0,trans
Polr1b,2.0,128926750.0,rs8264884,2,130881868,131487026,5.689812323021389e-06,0.02782344491715156,1955118.0,cis
Gm6723,15.0,78384832.0,rs3664096,13,75901604,80877111,5.6906195022204725e-06,0.02782344491715156,,trans
Flywch2,17.0,23913885.0,rs13482873,17,11606730,21646617,5.6911508193298535e-06,0.02782344491715156,2267268.0,trans
Zfp945,17.0,22984461.0,rs13482873,17,11606730,21646617,5.696286790636122e-06,0.027844202810539502,1337844.0,cis
Gm10568,1.0,3670652.0,rs6298633,1,6820242,11259433,5.699026410351648e-06,0.027853242364732984,3149590.0,trans
LOC100503822,12.0,56376368.0,rs3705833,12,59053627,59702512,5.704403831850405e-06,0.027875168990656722,2677259.0,trans
Acer2,4.0,86520318.0,CEL-4_85931631,4,87303085,87557344,5.7088456328326535e-06,0.02789251747375228,782767.0,cis
Qrfp,2.0,31661688.0,rs13480759,10,108815683,110380616,5.721277394339509e-06,0.027948892127307518,,trans
Rpl26,19.0,29077895.0,rs3677986,11,67961048,68740438,5.724761039080865e-06,0.027961543744826477,,trans
Chac1,2.0,119176992.0,rs13476723,2,117118532,118639998,5.727408601474264e-06,0.027966754464327576,536994.0,cis
Rrs1,1.0,9535507.0,rs8236463,1,5579194,6217922,5.727615790264046e-06,0.027966754464327576,3317585.0,trans
Atf7ip,6.0,136556350.0,rs6198929,6,139112058,139834734,5.739574323560838e-06,0.028020772028510634,2555708.0,trans
Mus81,19.0,5482851.0,rs13483499,19,3413095,3717263,5.748551141652973e-06,0.028060218185180858,1765588.0,cis
Slc4a5,6.0,83174665.0,rs13480778,10,116782073,118297729,5.754027795899168e-06,0.02807818908940699,,trans
Slc4a5,6.0,83174665.0,rs6317716,10,118914359,119215628,5.754027795899168e-06,0.02807818908940699,,trans
4930505A04Rik,11.0,30326004.0,rs3714397,11,8736728,10903789,5.7571640423713015e-06,0.028089111779645938,19422215.0,trans
C920025E04Rik,17.0,36166710.0,rs13482967,17,37015393,39314866,5.7684200459293e-06,0.02813964105164109,848683.0,cis
Pgap2,7.0,109371588.0,rs13459173,7,112784815,114369537,5.770038951469992e-06,0.028143149981225284,3413227.0,trans
Hmgcll1,9.0,75862784.0,rs6167970,9,73368886,73954058,5.771269675937852e-06,0.02814476477325719,1908726.0,cis
Gm1661,4.0,116887795.0,UT_4_121.927901,4,122536809,123885163,5.7748985758522185e-06,0.02815368438402607,5649014.0,trans
Gm1661,4.0,116887795.0,rs3677161,4,124517596,124745401,5.7748985758522185e-06,0.02815368438402607,7629801.0,trans
Trim21,7.0,109706438.0,D7Mit301,7,98732421,98732421,5.79192443878849e-06,0.028232288964098365,10974017.0,trans
Gm4876,6.0,17026262.0,petM-02094-1,6,17673651,18272206,5.799589560710885e-06,0.028265247951144903,647389.0,cis
5830403L16Rik,1.0,155696672.0,rs6202860,1,147391348,148385403,5.810434979517312e-06,0.02831286972066992,7311269.0,trans
Gm25934,7.0,66606779.0,CEL-7_36442524,7,56254113,56537917,5.811170859307059e-06,0.02831286972066992,10068862.0,trans
Ciao1,2.0,127066674.0,rs3708635,2,125704535,127840968,5.820621748627237e-06,0.02835117129677173,0.0,cis
Steap3,1.0,122123000.0,gnf01.132.831,1,135115364,135695643,5.82106272197991e-06,0.02835117129677173,12992364.0,trans
Ang,14.0,51710792.0,rs6197032,14,40646888,42000002,5.822198656543113e-06,0.02835117129677173,9710790.0,trans
Josd2,7.0,51723426.0,rs13479203,7,47173276,47419464,5.822657196634935e-06,0.02835117129677173,4303962.0,trans
Ap5m1,14.0,49686170.0,mCV23384307,14,49708958,49708958,5.8257046634234754e-06,0.028361595498436747,22788.0,cis
Adpgk,9.0,59139379.0,gnf09.058.846,9,64463047,66564041,5.831401905659134e-06,0.0283837015529543,5323668.0,trans
Myl9,2.0,156601165.0,rs6265656,2,156689630,158441351,5.8320600085548475e-06,0.0283837015529543,88465.0,cis
Scaper,9.0,55398057.0,rs3676630,13,20529561,20529561,5.839745433994837e-06,0.028412265129919817,,trans
Scaper,9.0,55398057.0,rs13481721,13,20656484,21871443,5.839745433994837e-06,0.028412265129919817,,trans
Surf4,2.0,26775559.0,rs13478893,6,92514678,92514678,5.8455637459386875e-06,0.0284361506956738,,trans
Ap5m1,14.0,49686170.0,rs6278789,14,50409368,52650880,5.847693476763189e-06,0.028439213523041632,723198.0,cis
Lrrc61,6.0,48504951.0,rs13478727,6,43776811,43906026,5.848011494220627e-06,0.028439213523041632,4598925.0,trans
Fmo1,1.0,164759688.0,rs3693161,1,162215219,163901483,5.8627647774842865e-06,0.028506528285047898,858205.0,cis
Hjurp,1.0,90155662.0,rs3670611,1,20623898,20623898,5.86597388640318e-06,0.02851769959549897,69531764.0,trans
Diablo,5.0,123961339.0,rs3671202,5,125290218,125382920,5.87198011097914e-06,0.028542463626935445,1328879.0,cis
Timm22,11.0,76220681.0,rs13481117,11,79065732,79360701,5.8747910069440934e-06,0.028550696493956,2845051.0,trans
Zfp30,7.0,30569609.0,rs13479194,7,37555006,37568559,5.8754990971464735e-06,0.028550696493956,6985397.0,trans
Chchd6,6.0,89333145.0,rs13478880,6,88537081,88960562,5.8796829278880795e-06,0.028566589716021953,372583.0,cis
March11,15.0,26317506.0,rs3692586,15,42453452,44180930,5.886095431850914e-06,0.028593304386710226,16135946.0,trans
Noxo1,17.0,24833219.0,rs13482868,17,10586984,11481618,5.887366220951255e-06,0.028593790542971117,13351601.0,trans
Cd59b,2.0,103910023.0,rs3695682,2,101560604,102471685,5.8880235209288444e-06,0.028593790542971117,1438338.0,cis
Unc45a,7.0,87470178.0,rs3676254,7,79831151,79831151,5.891245514776452e-06,0.028604997001639022,7639027.0,trans
Hfm1,5.0,107330908.0,rs13480120,9,30287464,30287464,5.8944498858785615e-06,0.028616114428075677,,trans
Csrp1,1.0,137616638.0,rs13476148,1,144862429,144862429,5.900988231295405e-06,0.028643411524174413,7245791.0,trans
Trim12a,7.0,111392519.0,rs3658777,7,96762673,96762673,5.906014203434316e-06,0.02866336022601497,14629846.0,trans
Rufy4,1.0,74172115.0,D1Mit282,1,73273629,73273629,5.910478630525836e-06,0.028680577843863388,898486.0,cis
Serpina1b,12.0,104966144.0,rs13481611,12,100818237,100818237,5.912788484686394e-06,0.02868430570479032,4147907.0,trans
Flt3,5.0,148142322.0,rs13483511,19,6542811,6987338,5.913080663869141e-06,0.02868430570479032,,trans
Myo19,11.0,84693869.0,rs13481128,11,83521936,87177234,5.923642968323595e-06,0.028731088233893316,0.0,cis
Clec4d,6.0,123212135.0,rs6257938,19,53459279,53512608,5.92570918260535e-06,0.028736654573127914,,trans
B3galt4,17.0,34086857.0,rs13482967,17,37015393,39314866,5.930509375512016e-06,0.02875547552804544,2928536.0,trans
Chil1,1.0,136079041.0,gnf01.128.089,1,130357592,130357592,5.9348786647656e-06,0.02877220163535497,5721449.0,trans
Pdzrn4,15.0,92427799.0,rs4230970,15,89413298,89873514,5.94501845507494e-06,0.0288168935264043,2554285.0,trans
Lrrc10b,19.0,10531104.0,D19Mit22,19,10826464,10826464,5.954389857817265e-06,0.02885784759316635,295360.0,cis
Fancd2,6.0,113481679.0,rs6334121,6,110884644,110884644,5.958951112740861e-06,0.028870920057848522,2597035.0,trans
Chd3os,11.0,69154319.0,rs13481068,11,64596125,64596125,5.959469643405462e-06,0.028870920057848522,4558194.0,trans
Fam221a,6.0,49317822.0,rs13478751,6,50804368,51147309,5.95985575950073e-06,0.028870920057848522,1486546.0,cis
Sepn1,4.0,134093807.0,rs3693138,4,154079631,154079631,5.9654229020479835e-06,0.028893414534312215,19985824.0,trans
Snapc5,9.0,64027104.0,rs6355445,9,69810186,70880254,5.973098229019561e-06,0.02892611141782763,5783082.0,trans
Use1,8.0,73890841.0,rs3722665,8,75068927,77417178,5.984301144245176e-06,0.028975878699027815,1178086.0,cis
Hpgd,8.0,58773390.0,rs4227253,8,77650955,77650955,5.991788029323597e-06,0.029007640410338712,18877565.0,trans
1700019G17Rik,6.0,85849044.0,rs13481305,12,12798107,12798107,5.993876039726567e-06,0.029013259128129937,,trans
Slc35f5,1.0,127457600.0,rs13476138,1,141417668,141417668,5.9974748506709515e-06,0.02902618798147172,13960068.0,trans
Tada1,1.0,168309431.0,rs3653666,1,160477203,161687298,6.003852737375178e-06,0.02905256074451214,6622133.0,trans
Pcdhgb1,18.0,37821599.0,rs13483308,18,38428527,38428527,6.007069081453205e-06,0.029063629054958216,606928.0,cis
Armcx1,20.0,131252509.0,gnfX.118.600,20,134859903,134859903,6.010509610783503e-06,0.029075778436244502,3607394.0,trans
Mbd4,6.0,115792347.0,rs6204829,6,115865552,116706746,6.0189154746752344e-06,0.029111940102017914,73205.0,cis
6330403K07Rik,11.0,70845443.0,rs3662476,11,76761052,76824057,6.029032203128001e-06,0.02915636431877226,5915609.0,trans
Micalcl,7.0,119517847.0,rs3686975,7,117123258,117123258,6.033656500337316e-06,0.029174212855357685,2394589.0,trans
Gm25120,7.0,66691519.0,D7Mit199,7,73078958,73078958,6.0369492764967935e-06,0.029174212855357685,6387439.0,trans
Zfp704,3.0,9427020.0,rs13476970,3,10018673,10018673,6.037746049800917e-06,0.029174212855357685,591653.0,cis
Far1,7.0,120657376.0,rs13479471,7,122276142,122338369,6.0381742339198796e-06,0.029174212855357685,1618766.0,cis
Mrpl48,4.0,88244872.0,rs3023151,7,103823533,107944155,6.03831832488806e-06,0.029174212855357685,,trans
Mrpl48,4.0,88244872.0,CEL-7_88290939,7,108094541,111033533,6.03831832488806e-06,0.029174212855357685,,trans
Zfp945,17.0,22984461.0,rs13482868,17,10586984,11481618,6.0418879467473946e-06,0.02918695189204618,11502843.0,trans
Fpr-rs3,17.0,20760810.0,rs6353445,10,111131157,111836441,6.043186575848764e-06,0.02918871805240624,,trans
Noxo1,17.0,24833219.0,CEL-17_29648158,17,31179361,31326531,6.05232555729666e-06,0.029228346888151333,6346142.0,trans
Olfr1507,14.0,53109610.0,rs13482235,14,68529236,69379833,6.06467934017687e-06,0.029283486256110953,15419626.0,trans
Smyd1,6.0,71163934.0,gnf05.017.151,5,22716675,23652258,6.0660646961447385e-06,0.02928565540018025,,trans
Gjc2,11.0,58989068.0,D11Mit349,11,55602850,55602850,6.068718691586551e-06,0.02929394764830327,3386218.0,trans
Dhx33,11.0,70797593.0,UT_11_70.128831,11,70371167,72266233,6.070833924998443e-06,0.029299637113238484,0.0,cis
Cntn2,1.0,134406004.0,D1Mit91,1,128355210,128413910,6.080340982045703e-06,0.0293400003952678,5992094.0,trans
Cd82,2.0,93259268.0,rs13476609,2,83092617,91849773,6.081072843420458e-06,0.0293400003952678,1409495.0,cis
Prmt3,7.0,57033716.0,rs4226649,7,73194873,73194873,6.0919234112458526e-06,0.02938328896483074,16161157.0,trans
Prmt3,7.0,57033716.0,rs6345670,7,70840460,72948115,6.0919234112458526e-06,0.02938328896483074,13806744.0,trans
Crtc3,7.0,87733045.0,rs6360431,7,89219703,89219703,6.094181174333689e-06,0.02938964763221661,1486658.0,cis
Ust,10.0,7924551.0,rs3664101,10,9329071,12004986,6.107763786818152e-06,0.02945061086065864,1404520.0,cis
Gm4793,1.0,137481350.0,rs13476138,1,141417668,141417668,6.10896083256323e-06,0.02945184338081467,3936318.0,trans
Hist3h2bb-ps,11.0,58767550.0,rs4228731,11,55208056,55208056,6.116238108886654e-06,0.029477842296312295,3559494.0,trans
Hist3h2bb-ps,11.0,58767550.0,rs13481041,11,56515096,56515096,6.116238108886654e-06,0.029477842296312295,2252454.0,trans
Hn1l,17.0,25079415.0,rs13482930,17,26950947,27588409,6.117198000398435e-06,0.029477927238997635,1871532.0,cis
March11,15.0,26317506.0,gnf15.011.180,15,14320273,16094380,6.129240650853822e-06,0.02952817243754267,10223126.0,trans
Gm3415,5.0,147325697.0,rs13483502,19,4316396,4316396,6.130451613022635e-06,0.02952817243754267,,trans
Cbx7,15.0,79746237.0,rs13482635,15,69276656,70046282,6.1304563988251274e-06,0.02952817243754267,9699955.0,trans
Gm5708,3.0,34082231.0,D1Mit91,1,128355210,128413910,6.14218608520382e-06,0.02958011576817676,,trans
Cd99l2,20.0,68673240.0,rs13483785,20,61595305,61868816,6.154967833580994e-06,0.029637108947863346,6804424.0,trans
Tmco6,18.0,36894722.0,rs3683264,18,41940684,42908436,6.162348664763184e-06,0.029668082347874734,5045962.0,trans
Tmem144,3.0,79617057.0,rs3674751,3,65474784,66254082,6.1672115998546895e-06,0.029683031284314286,13362975.0,trans
Fam154b,7.0,89781470.0,gnf07.032.889,7,48180543,51065291,6.16735135052681e-06,0.029683031284314286,38716179.0,trans
Bcl2l11,2.0,127951774.0,rs3708635,2,125704535,127840968,6.169819892948941e-06,0.02969034446127207,110806.0,cis
Trim30d,7.0,111620222.0,D7Mit301,7,98732421,98732421,6.171469894713004e-06,0.029693717021503654,12887801.0,trans
Gm25089,7.0,66858017.0,rs3680765,7,56652493,56652493,6.173153462186118e-06,0.02969725001938948,10205524.0,trans
Haus7,20.0,70682652.0,gnfX.044.260,20,58076165,58076165,6.1849286887852925e-06,0.029749322510251964,12606487.0,trans
Gm3893,4.0,41960598.0,rs3707178,4,47049015,47049015,6.19427796536686e-06,0.029788236591360737,5088417.0,trans
Upk3a,15.0,84847571.0,rs13480759,10,108815683,110380616,6.1949233568890985e-06,0.029788236591360737,,trans
Nmi,2.0,51804025.0,rs13476491,2,50808752,52430773,6.196207208177733e-06,0.029789831155088944,0.0,cis
Cbx7,15.0,79746237.0,rs3708614,15,67951984,68411284,6.198782886954753e-06,0.0297976350613868,11334953.0,trans
Ythdc2,18.0,44988341.0,rs13483310,18,38814808,39822463,6.201173043594907e-06,0.029804544899336777,5165878.0,trans
C1qbp,11.0,70791309.0,rs13481087,11,69415411,70265537,6.206840377413654e-06,0.029827201210701402,525772.0,cis
C1qbp,11.0,70791309.0,rs3677986,11,67961048,68740438,6.212471496853148e-06,0.029845416689400085,2050871.0,trans
Gm5113,7.0,30937229.0,rs13479153,7,25722935,25722935,6.2125389241971244e-06,0.029845416689400085,5214294.0,trans
Zfp52,17.0,21672503.0,CEL-17_20354682,17,21827381,23003494,6.215624761376928e-06,0.029855656525971875,154878.0,cis
Dnajc19,3.0,33956680.0,rs3665109,3,39719816,39792842,6.21739578516828e-06,0.029859578714063646,5763136.0,trans
2700046G09Rik,19.0,32463706.0,rs13459194,19,32123500,32437861,6.2186939156040915e-06,0.029861228935637533,25845.0,cis
Eml4,17.0,83750322.0,rs6263123,17,83797599,83867301,6.228028450496967e-06,0.029901462328829932,47277.0,cis
Gm14140,2.0,149936348.0,gnf18.012.857,18,15797208,15797208,6.233582728771632e-06,0.029923536724213173,,trans
Dgkh,14.0,78969871.0,rs13482276,14,84040443,90809181,6.236888805070523e-06,0.029932438007366016,5070572.0,trans
Ttc38,15.0,85662774.0,rs3710055,15,87788314,87788314,6.2377596423656766e-06,0.029932438007366016,2125540.0,trans
Haus8,8.0,73775023.0,rs13479825,8,85707108,85950408,6.238307404612128e-06,0.029932438007366016,11932085.0,trans
Myo7a,7.0,105199570.0,rs3674465,7,119879435,120077980,6.248321320890681e-06,0.029975888916657693,14679865.0,trans
Ccdc171,4.0,83171500.0,rs6222684,4,71801321,73879435,6.252388901469372e-06,0.029990803741713784,9292065.0,trans
Gm10654,8.0,73455693.0,rs13479883,8,89785659,90415071,6.2653432610880085e-06,0.030048334629107352,16329966.0,trans
Epha6,16.0,59653309.0,rs4193040,16,60576914,60978161,6.272191059567886e-06,0.03007656554695133,923605.0,cis
Slc5a5,8.0,73406791.0,rs13479814,8,70845435,74265398,6.275442108653681e-06,0.030084485164752522,0.0,cis
Gm13937,2.0,110049329.0,rs13483653,19,48078038,48078038,6.275765934661232e-06,0.030084485164752522,,trans
Olfr527,7.0,147521763.0,rs6353445,10,111131157,111836441,6.29522740853275e-06,0.030173155175271842,,trans
Alkbh2,5.0,114573943.0,rs3657810,5,113832345,114910446,6.302351341985009e-06,0.030198739419626714,0.0,cis
Jund,8.0,73222848.0,rs13479842,8,78352527,78791132,6.302495836719548e-06,0.030198739419626714,5129679.0,trans
Trim5,7.0,111413881.0,rs13459173,7,112784815,114369537,6.30408929481772e-06,0.03020174877292268,1370934.0,cis
Thsd7b,1.0,131170040.0,gnf12.057.133,12,60071017,60243672,6.322274751490627e-06,0.030284234290349307,,trans
Thbs1,2.0,117937629.0,rs13476784,2,134345046,135758395,6.325464811519333e-06,0.03029487632194613,16407417.0,trans
Rnaseh2a,8.0,87480509.0,rs13479879,8,89032866,89627140,6.327994403751264e-06,0.030302352367166253,1552357.0,cis
Dnah7a,1.0,53453853.0,rs13475827,1,40990938,42216522,6.332528180664244e-06,0.030319421931465647,11237331.0,trans
n-R5s88,9.0,102030218.0,mCV22843303,9,111560313,112051865,6.333610121228469e-06,0.030319961802383628,9530095.0,trans
Nhlrc1,13.0,47107927.0,gnf03.152.088,3,148269915,148269915,6.3346312584629916e-06,0.030320210477783677,,trans
Gm6970,19.0,47244959.0,rs3660360,19,48448365,48448365,6.3422127846988715e-06,0.030351855055577116,1203406.0,cis
Gjc2,11.0,58989068.0,rs6371333,11,57945936,57945936,6.3554917454767825e-06,0.030410751929965733,1043132.0,cis
Clpb,7.0,108938806.0,rs13479460,7,118818343,118818343,6.3570737670405355e-06,0.0304136700035922,9879537.0,trans
A630089N07Rik,16.0,98288922.0,rs13478434,5,104572764,106233590,6.3606850665058665e-06,0.030424677603162687,,trans
Fam221a,6.0,49317822.0,rs3716680,6,51745790,51745790,6.361319638843618e-06,0.030424677603162687,2427968.0,trans
Mfsd4,1.0,133919383.0,rs13476083,1,123358516,128188953,6.366995469981899e-06,0.03044251553793449,5730430.0,trans
Mfsd4,1.0,133919383.0,rs13476098,1,128464783,128523838,6.366995469981899e-06,0.03044251553793449,5395545.0,trans
Inppl1,7.0,108971165.0,D7Mit323,7,108024450,108024450,6.3712379567198214e-06,0.030458145066468354,946715.0,cis
Tmem55b,14.0,51545745.0,rs6175724,14,46697706,47011325,6.386030621724483e-06,0.030524197972106544,4534420.0,trans
Ppp1r3e,14.0,55495156.0,mCV23384307,14,49708958,49708958,6.393319782624117e-06,0.0305543706343298,5786198.0,trans
Copb1,7.0,121359073.0,rs13479471,7,122276142,122338369,6.396874542453674e-06,0.030566027498812286,917069.0,cis
Capns1,7.0,30971961.0,rs6239372,7,35483870,35699898,6.397713008804003e-06,0.030566027498812286,4511909.0,trans
Thbs1,2.0,117937629.0,rs3708635,2,125704535,127840968,6.401325614122928e-06,0.03057861734206748,7766906.0,trans
Them4,3.0,94114054.0,rs13477251,3,88658602,90219227,6.412029315819624e-06,0.030620822377022166,3894827.0,trans
Gm7285,5.0,138042821.0,rs13483221,18,15408257,15408257,6.4121184130681884e-06,0.030620822377022166,,trans
Tnni1,1.0,137696016.0,mCV24201027,1,117626780,121957699,6.421634853143767e-06,0.030661587323100252,15738317.0,trans
Pbx3,2.0,34027242.0,rs13481041,11,56515096,56515096,6.428433868728748e-06,0.03068331881715818,,trans
Pbx3,2.0,34027242.0,rs4228731,11,55208056,55208056,6.428433868728748e-06,0.03068331881715818,,trans
Grin3a,4.0,49675645.0,rs13477694,4,49601465,49601465,6.429128599493553e-06,0.03068331881715818,74180.0,cis
Zfp951,5.0,105242188.0,rs6331425,5,112371951,113588568,6.431953909090066e-06,0.030688585280860884,7129763.0,trans
Ccdc67,9.0,15364308.0,rs13480525,10,18980512,18980512,6.4321940226850715e-06,0.030688585280860884,,trans
Chp1,2.0,119373443.0,rs3708635,2,125704535,127840968,6.434951916289582e-06,0.030697061872063346,6331092.0,trans
Tmem107,11.0,68884311.0,rs13481068,11,64596125,64596125,6.455526929285067e-06,0.030790517062051045,4288186.0,trans
Tbc1d23,16.0,57168975.0,rs4193040,16,60576914,60978161,6.462954484383534e-06,0.030821244723378168,3407939.0,trans
Igtp,11.0,58013058.0,rs6152631,6,144002632,144814489,6.473605209797404e-06,0.0308673316825395,,trans
Fam132a,4.0,155336427.0,rs3693087,4,155495857,155557886,6.4808409410563896e-06,0.03089362029846171,159430.0,cis
Nomo1,7.0,53289099.0,rs3668040,7,47556868,47652851,6.48109359060539e-06,0.03089362029846171,5636248.0,trans
Dars,1.0,130260284.0,rs13459051,1,132747530,134993250,6.4830210134759075e-06,0.0308980998788158,2487246.0,trans
Wdtc1,4.0,132848381.0,rs13478001,4,135998441,137764129,6.502516315427397e-06,0.03098629391128426,3150060.0,trans
Lrrc10b,19.0,10531104.0,rs4232041,19,8782190,8814792,6.5077777234254455e-06,0.031006642957267273,1716312.0,cis
Cobll1,2.0,64926408.0,rs6302554,2,64696669,65496551,6.510907498854034e-06,0.031016831079015462,0.0,cis
Myoc,1.0,164569297.0,rs3699934,2,35957196,37285190,6.516565702501294e-06,0.03103835803238864,,trans
Gm10717,9.0,3025417.0,rs3675987,4,147659225,148197078,6.5184166768645285e-06,0.03103835803238864,,trans
Ccdc184,15.0,97998091.0,rs13482731,15,97591074,97961248,6.520335908092408e-06,0.03103835803238864,36843.0,cis
Inppl1,7.0,108971165.0,CEL-7_88290939,7,108094541,111033533,6.521176932408203e-06,0.03103835803238864,0.0,cis
Inppl1,7.0,108971165.0,rs3023151,7,103823533,107944155,6.521176932408203e-06,0.03103835803238864,1027010.0,cis
Rgsl1,1.0,155626517.0,rs13476163,1,148717645,153539523,6.523012236260983e-06,0.03103835803238864,2086994.0,trans
Thbs1,2.0,117937629.0,rs13476709,2,114022898,115248630,6.523399781773234e-06,0.03103835803238864,2688999.0,trans
Pcdhgb1,18.0,37821599.0,rs13483299,18,36279726,37850372,6.524225987521706e-06,0.03103835803238864,0.0,cis
Zfp46,4.0,135841984.0,D4Mit339,4,133923341,133923341,6.524355654667804e-06,0.03103835803238864,1918643.0,cis
Oscar,7.0,3561415.0,rs13479126,7,12778970,12916540,6.535545588615921e-06,0.031086623827361427,9217555.0,trans
Dnajc17,2.0,118998236.0,rs8264884,2,130881868,131487026,6.5364886478041706e-06,0.031086623827361427,11883632.0,trans
Spatc1l,10.0,76025017.0,CEL-10_113177617,10,112836909,115238616,6.538016346157918e-06,0.031088708588515656,36811892.0,trans
Lamtor3,3.0,137581519.0,UT_3_142.481798,3,138220054,138220054,6.538914516122148e-06,0.031088708588515656,638535.0,cis
Txndc9,1.0,38040712.0,rs13475810,1,36052584,37614783,6.541653586676892e-06,0.03109700527604694,425929.0,cis
Ipw,7.0,67009126.0,rs3693478,7,67179979,70463288,6.554559795039242e-06,0.031148497218150203,170853.0,cis
Noxo1,17.0,24833219.0,rs13482864,17,9565936,10166446,6.555368639729515e-06,0.031148497218150203,14666773.0,trans
Parm1,5.0,91946726.0,rs3664101,10,9329071,12004986,6.555472578077047e-06,0.031148497218150203,,trans
Nmi,2.0,51804025.0,rs6288325,2,42741654,43300080,6.557562266293655e-06,0.03115369469804024,8503945.0,trans
Defb34,8.0,19123752.0,rs13480792,10,119844877,119844877,6.559199744395493e-06,0.031156742564053576,,trans
Pi16,17.0,29455827.0,CEL-17_29648158,17,31179361,31326531,6.561455369031799e-06,0.031162725306169394,1723534.0,cis
Nomo1,7.0,53289099.0,rs3680765,7,56652493,56652493,6.569646743657561e-06,0.031196892976978342,3363394.0,trans
Cyb5d2,11.0,72590751.0,rs13477004,3,19544554,19544554,6.58109465388035e-06,0.031246512047707835,,trans
Napepld,5.0,21168721.0,CEL-5_24068097,5,25161103,25303743,6.588562841809199e-06,0.031277223523072786,3992382.0,trans
Klf9,19.0,23215716.0,rs13483561,19,21205552,21553228,6.5921997983369206e-06,0.03128974081814034,1662488.0,cis
Hpgd,8.0,58773390.0,rs13479846,8,79783027,79924634,6.598388385352803e-06,0.031314363739873,21009637.0,trans
Syt17,7.0,125525370.0,D11Mit349,11,55602850,55602850,6.602266119711409e-06,0.03132801410485261,,trans
Ciao1,2.0,127066674.0,rs13476784,2,134345046,135758395,6.612655838919433e-06,0.0313725552694759,7278372.0,trans
Hps1,19.0,42829686.0,rs13483647,19,46657000,47045663,6.616978350937542e-06,0.03138541868812898,3827314.0,trans
Thbs1,2.0,117937629.0,rs6291774,2,154372104,154520256,6.618209395699195e-06,0.03138541868812898,36434475.0,trans
9530068E07Rik,11.0,52209930.0,rs13481018,11,50196764,50196764,6.6189135492805595e-06,0.03138541868812898,2013166.0,trans
Hps1,19.0,42829686.0,CEL-19_48014568,19,48744594,48972883,6.620011958998668e-06,0.03138541868812898,5914908.0,trans
Tcf7,11.0,52066106.0,rs13481023,11,51824799,52067554,6.620383371222609e-06,0.03138541868812898,0.0,cis
Arsb,13.0,94541714.0,rs6322774,13,90560308,91275495,6.624477611561725e-06,0.03140007004940411,3266219.0,trans
Vps13d,4.0,144562623.0,rs4224919,4,144563168,147520407,6.62584621889155e-06,0.031401799409290915,545.0,cis
Zscan29,2.0,120986417.0,UT_2_119.151187,2,118706767,121192484,6.626927149046323e-06,0.03140216506655771,0.0,cis
Asb16,11.0,102130137.0,rs3696981,16,97617115,97617115,6.63468225225909e-06,0.03143415186658443,,trans
Nubp2,17.0,25019562.0,rs13482947,17,31769796,31769796,6.640171545985368e-06,0.03145263893026626,6750234.0,trans
Rabif,1.0,136391237.0,rs13476118,1,135891044,138214494,6.64059502196131e-06,0.03145263893026626,0.0,cis
Dpp7,2.0,25207807.0,CEL-2_39972578,2,39868107,41295574,6.64292769522682e-06,0.0314540245784795,14660300.0,trans
Nsdhl,20.0,70163860.0,rs13483868,20,81842526,87440159,6.643242819639921e-06,0.0314540245784795,11678666.0,trans
Rnf213,11.0,119310551.0,rs6225297,11,120001237,120289357,6.643903874025519e-06,0.0314540245784795,690686.0,cis
Trim5,7.0,111413881.0,rs3662937,7,111381490,112061872,6.6529402900094255e-06,0.03149111160134814,0.0,cis
Defb25,2.0,152448092.0,rs6353445,10,111131157,111836441,6.6537508506703765e-06,0.03149111160134814,,trans
Cypt12,3.0,17848444.0,rs3659789,8,58485097,63851355,6.658020095215937e-06,0.031506550737809676,,trans
Irgc1,7.0,25216945.0,mCV22843303,9,111560313,112051865,6.665770536300582e-06,0.03153188521933636,,trans
2410004P03Rik,12.0,17011764.0,rs6180964,12,16835276,26476092,6.665900927886539e-06,0.03153188521933636,0.0,cis
Oraov1,7.0,152101020.0,rs13479566,7,149648427,151031522,6.666397589387596e-06,0.03153188521933636,1069498.0,cis
Myo5a,9.0,74919013.0,rs3724833,9,74735877,77217284,6.671203489249314e-06,0.031549846837949515,0.0,cis
Appbp2,11.0,85004808.0,rs3659504,11,88522934,89402038,6.675220851928014e-06,0.03156407439417702,3518126.0,trans
Tmem55b,14.0,51545745.0,rs4230383,14,54987778,55236881,6.681640761609282e-06,0.03158965648204017,3442033.0,trans
Gm10403,14.0,16288945.0,rs3689508,14,10592844,10651879,6.6854687208471505e-06,0.03160297839143902,5637066.0,trans
Kazn,4.0,141658306.0,rs4224919,4,144563168,147520407,6.6897236200810604e-06,0.03161831416496486,2904862.0,trans
LOC102638985,13.0,49859664.0,rs6353445,10,111131157,111836441,6.7025340994951965e-06,0.031674076296854425,,trans
Sppl2a,2.0,126718975.0,rs6411422,2,128199226,129125488,6.708825965207598e-06,0.03169902131121415,1480251.0,cis
Fgf1,18.0,38998834.0,rs3683264,18,41940684,42908436,6.711105047154609e-06,0.031704812000788424,2941850.0,trans
Ankrd45,1.0,163072871.0,CEL-1_152888326,1,154761280,155750989,6.71233603583841e-06,0.031704812000788424,7321882.0,trans
Rab5a,17.0,53618559.0,rs3714819,17,55490262,55828739,6.713091864563251e-06,0.031704812000788424,1871703.0,cis
Wdfy1,1.0,79701942.0,rs6234856,1,89812969,89812969,6.718938684889757e-06,0.03172763575687104,10111027.0,trans
Kcns2,15.0,34767110.0,rs4212088,16,85087449,85165754,6.725815902738641e-06,0.03175531755037839,,trans
Fhit,14.0,10382606.0,rs3689508,14,10592844,10651879,6.732015731600241e-06,0.031779793242810564,210238.0,cis
B3gnt6,7.0,105340933.0,rs13479416,7,103132457,103132457,6.739541818803353e-06,0.03181052146625946,2208476.0,trans
Acot11,4.0,106417185.0,gnf04.110.583,4,114507956,118116038,6.74202320179561e-06,0.031817433093685496,8090771.0,trans
Abhd10,16.0,45730030.0,D16Mit12,16,39118134,39118134,6.747936510996558e-06,0.03184053638236739,6611896.0,trans
Sybu,15.0,44503402.0,rs13482497,15,28251498,29369988,6.751535045818841e-06,0.03185271195053668,15133414.0,trans
Clpb,7.0,108938806.0,rs3674465,7,119879435,120077980,6.756475217751241e-06,0.031871212531663126,10940629.0,trans
Ift27,15.0,77989890.0,rs3696311,15,70982536,72247766,6.763997669756612e-06,0.03189736489184869,5742124.0,trans
Trav15n-1,14.0,53793956.0,rs13482193,14,56241527,57409827,6.764058545768799e-06,0.03189736489184869,2447571.0,trans
Plekhm2,4.0,141181650.0,rs3675987,4,147659225,148197078,6.770891604328779e-06,0.03192477534451173,6477575.0,trans
Thbs1,2.0,117937629.0,CEL-2_113459249,2,113408432,113667509,6.783180914228803e-06,0.03197789990160577,4270120.0,trans
Tagln3,16.0,45711343.0,rs4188825,16,56652577,57425569,6.786512693953486e-06,0.03198878639403718,10941234.0,trans
March8,6.0,116288056.0,rs13478924,6,99053858,99053858,6.79915342987221e-06,0.03203871496628709,17234198.0,trans
March8,6.0,116288056.0,rs6245069,6,98258573,98418438,6.79915342987221e-06,0.03203871496628709,17869618.0,trans
Naaa,5.0,92687119.0,rs3678577,5,85065018,85502589,6.810197083608104e-06,0.032085921510943034,7184530.0,trans
Gm13213,4.0,133194134.0,rs3676408,9,107733463,108704749,6.816777781096326e-06,0.03211208999783096,,trans
Tubg1,11.0,100981445.0,rs13481180,11,98624973,98624973,6.827818119766548e-06,0.032150975819531864,2356472.0,trans
Cdc14b,13.0,64296621.0,rs13481845,13,63061924,64072990,6.828115626251468e-06,0.032150975819531864,223631.0,cis
Cdc14b,13.0,64296621.0,rs6220659,13,64303979,65397885,6.828115626251468e-06,0.032150975819531864,7358.0,cis
Gm24495,7.0,66762568.0,gnf07.050.858,7,63779524,65367119,6.836374219458853e-06,0.03218501814217681,1395449.0,cis
Nelfb,2.0,25055236.0,rs13476364,2,19000350,22676436,6.8391373788605805e-06,0.03219318211865691,2378800.0,trans
Gm23254,7.0,66854274.0,rs13479306,7,73604599,75261560,6.847025027957054e-06,0.03222546200357451,6750325.0,trans
Phgdh,3.0,98117093.0,rs3702359,3,106932111,107274051,6.862244922065939e-06,0.03229223613194604,8815018.0,trans
Tmem87b,2.0,128644047.0,UT_2_119.151187,2,118706767,121192484,6.865978112719595e-06,0.03230494436957632,7451563.0,trans
Zfyve21,12.0,113052451.0,CEL-12_104545022,12,111035058,111535845,6.870793994638747e-06,0.032322742163128165,1516606.0,cis
T2,17.0,8589494.0,rs13482873,17,11606730,21646617,6.88103915420569e-06,0.032366072083592226,3017236.0,trans
Pdxdc1,16.0,13834023.0,rs4165425,16,23797302,23797302,6.888241963729584e-06,0.03239508094594808,9963279.0,trans
Serhl,15.0,82930643.0,rs3667755,15,78741347,81745213,6.895845414120476e-06,0.032425964999884864,1185430.0,cis
Asah1,8.0,42426004.0,D8Mit189,8,35339349,35339349,6.901221531395219e-06,0.03244636787561744,7086655.0,trans
Mrpl48,4.0,88244872.0,rs13459173,7,112784815,114369537,6.90418291740679e-06,0.03245541337048358,,trans
Myl9,2.0,156601165.0,rs6291774,2,154372104,154520256,6.906746313446893e-06,0.0324625855439007,2080909.0,trans
Dbil5,11.0,76031115.0,CEL-10_119602638,10,119351908,119646031,6.908552937752746e-06,0.032466199173515405,,trans
Ppp1r32,19.0,10548729.0,rs6413006,19,10249021,10249021,6.912554952211969e-06,0.03248012723077907,299708.0,cis
Qrfp,2.0,31661688.0,CEL-10_113177617,10,112836909,115238616,6.917829058547054e-06,0.03250002740467378,,trans
Zfp65,13.0,67806246.0,gnf13.057.762,13,59805606,59805606,6.921420382210196e-06,0.032512017060420624,8000640.0,trans
Rph3al,11.0,75645639.0,gnf03.152.088,3,148269915,148269915,6.928141136938907e-06,0.03253870079905256,,trans
Slc25a47,12.0,110089339.0,rs13481632,12,107634513,107634513,6.931453704383029e-06,0.03254937204064682,2454826.0,trans
Ankrd45,1.0,163072871.0,rs3681873,1,186269050,186269050,6.934418036898812e-06,0.032558405050213436,23196179.0,trans
Pgm1,5.0,64484189.0,gnf05.061.650,5,67739262,67964306,6.940868301521415e-06,0.03258380000371216,3255073.0,trans
Usmg5,19.0,47157954.0,rs13483666,19,51448403,51448403,6.942615822169248e-06,0.03258711368958298,4290449.0,trans
Fam167a,14.0,64055292.0,rs6175724,14,46697706,47011325,6.9480540484397225e-06,0.03260774714399558,17043967.0,trans
Rps18,17.0,34088944.0,rs13482873,17,11606730,21646617,6.9621173547574455e-06,0.032668846495219776,12442327.0,trans
2610020H08Rik,7.0,126937644.0,D7Mit330,7,126800204,127836780,6.970280476967921e-06,0.03270224581199256,0.0,cis
Lad1,1.0,137715175.0,rs6302966,1,122017245,122817184,6.980739657644659e-06,0.032746405842522086,14897991.0,trans
LOC102643030,4.0,98939362.0,rs13477836,4,89978373,91021366,6.9818274098343025e-06,0.03274659817890812,7917996.0,trans
Magee1,20.0,102315735.0,rs13476241,1,174792335,175262195,6.9916944771269276e-06,0.03278796157103654,,trans
Tlr6,5.0,65344218.0,gnf05.061.650,5,67739262,67964306,6.992951726678527e-06,0.0327889423700825,2395044.0,trans
Mmd2,5.0,143038319.0,rs8265855,5,138337848,139187687,6.9980252911286255e-06,0.03280781434389799,3850632.0,trans
Cacul1,19.0,60603104.0,NES13029525,1,174201925,174420752,7.001025382127785e-06,0.03281696135775445,,trans
Wdr82,9.0,106073260.0,rs6378343,6,63773077,64613340,7.0044322526523356e-06,0.03282801210424858,,trans
Aoc1,6.0,48845253.0,CEL-14_49073718,14,57704960,59236690,7.007786306176044e-06,0.032838812037235085,,trans
Cenpb,2.0,131003025.0,rs13476740,2,121412769,122144319,7.01572085713306e-06,0.03287106994424294,8858706.0,trans
Gm10590,4.0,42472325.0,rs13477715,4,55060597,56036004,7.02119473091062e-06,0.03289179079616134,12588272.0,trans
Serpina1a,12.0,105091669.0,D12Mit231,12,101804026,101804026,7.024710726640809e-06,0.0329033348568535,3287643.0,trans
1500011K16Rik,2.0,127617124.0,rs13476784,2,134345046,135758395,7.031374833949932e-06,0.0329245314513334,6727922.0,trans
Csnk2a1,1.0,158454223.0,rs3721803,10,3342586,4609418,7.0329990911982765e-06,0.0329245314513334,,trans
Csnk2a1,1.0,158454223.0,rs3695003,10,7632997,9133173,7.0329990911982765e-06,0.0329245314513334,,trans
Cntn2,1.0,134406004.0,rs13476148,1,144862429,144862429,7.033653671764528e-06,0.0329245314513334,10456425.0,trans
Ciao1,2.0,127066674.0,rs6411422,2,128199226,129125488,7.034498294137288e-06,0.0329245314513334,1132552.0,cis
Dpp7,2.0,25207807.0,rs13476352,2,13357844,13357844,7.039684716247083e-06,0.03294204363637176,11849963.0,trans
Fggy,4.0,95246152.0,rs13481305,12,12798107,12798107,7.040345860403784e-06,0.03294204363637176,,trans
Sowahb,5.0,93470197.0,rs13465325,5,92055406,92055406,7.060791856231209e-06,0.033027691736578435,1414791.0,cis
Ezh2,6.0,47480273.0,gnf06.037.785,6,40749295,40749295,7.0618558190941266e-06,0.033027691736578435,6730978.0,trans
Acadvl,11.0,69823685.0,UT_11_70.128831,11,70371167,72266233,7.062321871309893e-06,0.033027691736578435,547482.0,cis
Timm22,11.0,76220681.0,rs6217738,11,72486318,72978471,7.062873444109811e-06,0.033027691736578435,3242210.0,trans
Cda,4.0,137894443.0,rs3664871,4,132410010,133808951,7.068986988150283e-06,0.0330464007935886,4085492.0,trans
Cda,4.0,137894443.0,rs3663950,4,135285446,135525152,7.068986988150283e-06,0.0330464007935886,2369291.0,trans
Slc6a16,7.0,52514432.0,rs6206014,7,47861154,47861154,7.070805964279831e-06,0.033049965492843954,4653278.0,trans
Rpl26,19.0,29077895.0,rs13481087,11,69415411,70265537,7.0741422638350824e-06,0.03306062025580533,,trans
Coq2,5.0,101083740.0,rs4225368,5,90925271,91904488,7.076658151809798e-06,0.033067438259520944,9179252.0,trans
Fam89b,19.0,5728087.0,rs13483513,19,7347679,8631925,7.078020397197222e-06,0.03306886435108366,1619592.0,cis
Ildr2,1.0,168184552.0,rs13476281,1,186146231,186146231,7.085298210594409e-06,0.03309792371867302,17961679.0,trans
Mkl2,16.0,13415590.0,rs4197673,16,66934486,67613617,7.093837755185479e-06,0.033132867520119326,53518896.0,trans
Gm2808,17.0,6106888.0,rs6310831,17,3227819,4366843,7.095809781294014e-06,0.033137130856135524,1740045.0,cis
Gbp9,5.0,105507413.0,rs13478442,5,106769482,107112542,7.10895970289815e-06,0.03319358542650926,1262069.0,cis
Glo1,2.0,35195929.0,rs13482967,17,37015393,39314866,7.1157062120261585e-06,0.03322012840762754,,trans
Scnm1,3.0,94933641.0,rs13481156,11,90664417,91481989,7.116870672964615e-06,0.03322060720815816,,trans
F2rl2,13.0,96466875.0,rs6250834,13,87718371,90400297,7.118311153598538e-06,0.03322237409689538,6066578.0,trans
Gm10176,1.0,164407811.0,CEL-10_113177617,10,112836909,115238616,7.120175028856245e-06,0.03322611621879327,,trans
Mrpl3,9.0,104955598.0,rs13480398,9,105676712,105823505,7.123321396027251e-06,0.03323483354611966,721114.0,cis
Acer2,4.0,86520318.0,CEL-4_86326428,4,87697882,88039471,7.124167818966845e-06,0.03323483354611966,1177564.0,cis
Rbl1,2.0,156971629.0,rs6265656,2,156689630,158441351,7.130526899396831e-06,0.03325896604647378,0.0,cis
Caap1,4.0,94166763.0,rs3022987,4,88238304,89126034,7.13146708196715e-06,0.03325896604647378,5040729.0,trans
Ctse,1.0,133534891.0,rs13476118,1,135891044,138214494,7.1383436278084894e-06,0.033286073992572315,2356153.0,trans
Hspa8,9.0,40609356.0,rs3659084,9,34646173,34646173,7.141255698720363e-06,0.03329469027966169,5963183.0,trans
Nkx6-2,7.0,146765198.0,CEL-7_122458955,7,142026097,142320008,7.1482205909806515e-06,0.033322196660167766,4445190.0,trans
Pnpla3,15.0,83998258.0,rs13480630,10,67283840,67283840,7.15002195166426e-06,0.033325628074623734,,trans
Cdh18,15.0,23403784.0,rs13482508,15,31661107,33427166,7.151377718232976e-06,0.033326981900875234,8257323.0,trans
Wdr25,12.0,110136133.0,rs3688676,12,10227154,10357494,7.1530216431250574e-06,0.03332967800454571,99778639.0,trans
Dars,1.0,130260284.0,rs13476118,1,135891044,138214494,7.155778102019345e-06,0.03333755641241488,5630760.0,trans
Steap3,1.0,122123000.0,D1Mit91,1,128355210,128413910,7.163442026502808e-06,0.033368292119631784,6232210.0,trans
Serhl,15.0,82930643.0,rs13482693,15,87908143,88048035,7.175303043962518e-06,0.03341856639738923,4977500.0,trans
A430033K04Rik,5.0,139064104.0,rs13478535,5,132505749,132505749,7.178851115438784e-06,0.03343011439751983,6558355.0,trans
Lzts1,8.0,71659402.0,rs13481023,11,51824799,52067554,7.192737345007244e-06,0.033489794012073894,,trans
Abhd10,16.0,45730030.0,rs4176590,16,39630951,43943628,7.198843291548794e-06,0.03351323581541724,1786402.0,cis
Ttc38,15.0,85662774.0,rs13482687,15,85776069,86099724,7.200552615394085e-06,0.0335162058094642,113295.0,cis
Amdhd2,17.0,24292800.0,rs13482864,17,9565936,10166446,7.201930146374441e-06,0.03351763076286295,14126354.0,trans
Zfp945,17.0,22984461.0,UT_17_3.221024,17,6039015,7955311,7.212643286740805e-06,0.03355945392228952,15029150.0,trans
Olfr1191-ps1,2.0,88482905.0,rs6242654,2,107081147,109233749,7.213062152301998e-06,0.03355945392228952,18598242.0,trans
Rsl1,13.0,67274118.0,gnf13.057.501,13,59546202,59546202,7.219911698897858e-06,0.033586327093570074,7727916.0,trans
Haus7,20.0,70682652.0,rs13483765,20,54787688,55119515,7.227083681173195e-06,0.033614691990435853,15563137.0,trans
Zfp933,4.0,147197095.0,D4Mit343,4,142301240,142301240,7.23049365617971e-06,0.03362555316524963,4895855.0,trans
A930017M01Rik,15.0,44712926.0,rs13482436,15,12602461,12602461,7.231865494203185e-06,0.033626934124028715,32110465.0,trans
Sat2,11.0,69435554.0,rs13477004,3,19544554,19544554,7.245759998339811e-06,0.03368653426854251,,trans
Fopnl,16.0,14299337.0,rs4161857,16,11503654,11503654,7.24824191700968e-06,0.03368806025120472,2795683.0,trans
Fopnl,16.0,14299337.0,rs4161352_UT,16,11886515,11886515,7.24824191700968e-06,0.03368806025120472,2412822.0,trans
Iffo2,4.0,139087604.0,D4Mit339,4,133923341,133923341,7.252098604692192e-06,0.033700978363892804,5164263.0,trans
Atf7ip,6.0,136556350.0,D6Mit339,6,136372097,136372097,7.2555583199212616e-06,0.03371204815626013,184253.0,cis
Dnajb13,7.0,107651527.0,rs3023151,7,103823533,107944155,7.261754749482104e-06,0.03373081954320959,0.0,cis
Dnajb13,7.0,107651527.0,CEL-7_88290939,7,108094541,111033533,7.261754749482104e-06,0.03373081954320959,443014.0,cis
BC026585,1.0,159388711.0,rs6406033,1,138462986,141128164,7.263330312165628e-06,0.03373312939414844,18260547.0,trans
Tmem203,2.0,25110974.0,rs13476350,2,11707492,11707492,7.26473263500731e-06,0.033734634099936156,13403482.0,trans
Steap3,1.0,122123000.0,rs13476118,1,135891044,138214494,7.26769072552573e-06,0.03374336167573765,13768044.0,trans
Capns1,7.0,30971961.0,rs8261944,7,31220797,31291333,7.274294465376114e-06,0.03376901063546101,248836.0,cis
Alg9,9.0,50583391.0,rs4212088,16,85087449,85165754,7.276708209234703e-06,0.033775203908943036,,trans
Pla2g16,19.0,7631949.0,CEL-X_106858553,20,112637354,113965461,7.2821507059442416e-06,0.03379545136681385,,trans
Tex14,11.0,87241183.0,rs6202860,1,147391348,148385403,7.283873316008574e-06,0.033798431900947015,,trans
D330041H03Rik,17.0,24548972.0,CEL-17_21879142,17,23322637,26350810,7.286948707383212e-06,0.03380768775936778,0.0,cis
Klhl20,1.0,163018509.0,rs4222799,1,169153243,169907834,7.300244977123044e-06,0.03386435345130283,6134734.0,trans
Scly,1.0,93194915.0,rs3678377,1,87687979,89386211,7.305919140070423e-06,0.033885650177945675,3808704.0,trans
Glra2,20.0,161566949.0,gnfX.146.867,20,163124563,163124563,7.31435940729062e-06,0.03391976818236177,1557614.0,cis
C920025E04Rik,17.0,36166710.0,rs3672987,17,33247165,35667114,7.3178203139551245e-06,0.03393078810160168,499596.0,cis
Npl,1.0,155350145.0,rs6202860,1,147391348,148385403,7.325845354382976e-06,0.03396296429392462,6964742.0,trans
Rwdd3,3.0,120858783.0,rs13477364,3,118290074,119016593,7.3288980269576585e-06,0.03397208223509448,1842190.0,cis
Chchd6,6.0,89333145.0,rs13478871,6,85767550,86058923,7.3330223815313324e-06,0.033986164370793444,3274222.0,trans
Cep350,1.0,157773544.0,rs13476187,1,156052564,156052564,7.339251772169858e-06,0.034007109334970184,1720980.0,cis
Csrp1,1.0,137616638.0,D1Mit91,1,128355210,128413910,7.339715656655111e-06,0.034007109334970184,9202728.0,trans
Lonrf1,8.0,37280497.0,rs3680402,8,33934049,34520656,7.341909973988518e-06,0.03401223890924265,2759841.0,trans
Gm7222,20.0,131362718.0,CEL-17_20354682,17,21827381,23003494,7.3431625183860065e-06,0.034013004739511944,,trans
Txndc11,16.0,11075004.0,gnf03.152.088,3,148269915,148269915,7.347880675087046e-06,0.0340298204355195,,trans
Thbs1,2.0,117937629.0,rs8264884,2,130881868,131487026,7.36112403996248e-06,0.03408610761958142,12944239.0,trans
Lonp2,8.0,89148006.0,rs3719174,8,83396538,84339460,7.377387709784269e-06,0.03415636176893973,4808546.0,trans
Ptpro,6.0,137200855.0,rs13479055,6,134571804,136350811,7.3841259764168626e-06,0.03417744292292056,850044.0,cis
Ptpro,6.0,137200855.0,rs13479064,6,136560768,136560768,7.3841259764168626e-06,0.03417744292292056,640087.0,cis
C4b,17.0,34865325.0,CEL-17_21879142,17,23322637,26350810,7.397512766721274e-06,0.034231570166352934,8514515.0,trans
Hpcal1,12.0,17697620.0,rs4229294,12,26992470,26992470,7.398924166790929e-06,0.034231570166352934,9294850.0,trans
Eqtn,4.0,94573984.0,rs13477746,4,65605269,66843059,7.399102963372402e-06,0.034231570166352934,27730925.0,trans
Dap3,3.0,88724725.0,rs6243021,3,84948288,85493836,7.401861531677549e-06,0.03423926905849932,3230889.0,trans
C8g,2.0,25354171.0,rs13481262,11,119216124,119896718,7.41698603085264e-06,0.03430351136390042,,trans
Scly,1.0,93194915.0,rs13475984,1,94608317,94845962,7.417942499406449e-06,0.03430351136390042,1413402.0,cis
Nnat,2.0,157385846.0,rs6209325,2,147881059,149804748,7.41908588883726e-06,0.03430372808518116,7581098.0,trans
Fbln7,2.0,128689714.0,rs3686617,2,122383806,125564678,7.422881127964252e-06,0.034316204323890286,3125036.0,trans
Mpp2,11.0,101918331.0,rs3696981,16,97617115,97617115,7.426663736729501e-06,0.03432861849385012,,trans
Zfp457,13.0,67393386.0,gnf13.057.501,13,59546202,59546202,7.4415160345465905e-06,0.03439218938314273,7847184.0,trans
Gm5070,3.0,95214268.0,rs13482934,17,27985170,29917068,7.456446691389436e-06,0.034456103587884035,,trans
Nmnat2,1.0,154802231.0,rs4222763,1,165315111,168178248,7.465181255474785e-06,0.034491371111299796,10512880.0,trans
Kpna2,11.0,106849943.0,rs13481194,11,101460336,103038835,7.469837338724806e-06,0.0345077871998205,3811108.0,trans
Rbm46,3.0,82641155.0,rs3674810,3,67946724,69548776,7.472191982714401e-06,0.034513568242738595,13092379.0,trans
Pla2g4e,2.0,119992148.0,rs6265656,2,156689630,158441351,7.473681781041223e-06,0.03451535350272447,36697482.0,trans
Trmt61a,12.0,112916354.0,rs13481632,12,107634513,107634513,7.481198842919768e-06,0.03454496955528395,5281841.0,trans
Nubp2,17.0,25019562.0,rs13482864,17,9565936,10166446,7.4872811385555234e-06,0.03456795270860439,14853116.0,trans
Cep112,11.0,108295448.0,rs3723163,11,103840961,104435021,7.530409321412297e-06,0.034761940624153914,3860427.0,trans
Arhgap26,18.0,39152799.0,rs13483308,18,38428527,38428527,7.53581891062006e-06,0.034781780089629365,724272.0,cis
Cntn2,1.0,134406004.0,rs13476098,1,128464783,128523838,7.539459372552001e-06,0.03478801719824733,5882166.0,trans
Cntn2,1.0,134406004.0,rs13476083,1,123358516,128188953,7.539459372552001e-06,0.03478801719824733,6217051.0,trans
Coa3,11.0,101139282.0,rs3723163,11,103840961,104435021,7.54050625744877e-06,0.03478801719824733,2701679.0,trans
Wdr49,3.0,75200790.0,CEL-3_75140206,3,74542042,75418536,7.553587612003542e-06,0.034843229477875104,0.0,cis
Gm4983,12.0,17999672.0,rs6238712,12,28507708,29676794,7.556680829824916e-06,0.03485235893963745,10508036.0,trans
Kcnj10,1.0,174271341.0,rs13476281,1,186146231,186146231,7.5591220768703105e-06,0.03485847918225624,11874890.0,trans
Sord,2.0,122060560.0,rs3656948,17,76865458,76865458,7.5780183094571085e-06,0.03494046770551193,,trans
Zfp408,2.0,91483845.0,rs4223268,2,93260018,93260018,7.584606074751743e-06,0.03496568896764116,1776173.0,cis
Crk,11.0,75492812.0,rs3662476,11,76761052,76824057,7.588399708487727e-06,0.03497688826988691,1268240.0,cis
Lmcd1,6.0,112223752.0,rs13478980,6,113408783,113408783,7.589271463671685e-06,0.03497688826988691,1185031.0,cis
Ptpro,6.0,137200855.0,D6Mit339,6,136372097,136372097,7.59156885103667e-06,0.03498232274974198,828758.0,cis
Hist1h2ao,13.0,23625780.0,rs3668680,11,55886003,56329568,7.592829525240241e-06,0.03498297910718319,,trans
Rfwd2,1.0,161162457.0,rs6209248,1,160302634,160302634,7.5991944819040245e-06,0.03500481053022619,859823.0,cis
Rfk,19.0,17468573.0,D19Mit127,19,12672113,12672113,7.599805764295842e-06,0.03500481053022619,4796460.0,trans
Amdhd2,17.0,24292800.0,rs13482868,17,10586984,11481618,7.60389940629978e-06,0.03501851005535919,12811182.0,trans
Pot1b,17.0,55791323.0,rs13483016,17,49697206,50721151,7.647253409596966e-06,0.035212986081761606,5070172.0,trans
Ict1,11.0,115265066.0,rs13481251,11,116908503,116908503,7.648797228091426e-06,0.035214911600924895,1643437.0,cis
Nlrp1c-ps,11.0,71055932.0,rs13481117,11,79065732,79360701,7.654265948359453e-06,0.03523378008688707,8009800.0,trans
LOC102632102,12.0,18192957.0,rs4229294,12,26992470,26992470,7.655148034578757e-06,0.03523378008688707,8799513.0,trans
Tbc1d23,16.0,57168975.0,rs4193136,16,61403132,61403132,7.661220573020669e-06,0.03525654263349882,4234157.0,trans
Them4,3.0,94114054.0,rs3698196,3,85931836,87487048,7.681451246066454e-06,0.03534158006887915,6627006.0,trans
Tsku,7.0,105499187.0,rs6197175,10,120131018,120809086,7.681958544248983e-06,0.03534158006887915,,trans
Gpn2,4.0,133140295.0,CEL-4_130248229,4,131555157,131555157,7.684069257699344e-06,0.03534609265182357,1585138.0,cis
Cyb5r4,4.0,18771349.0,rs6217039,9,78046016,83013939,7.685605761163517e-06,0.03534796297708093,,trans
Inppl1,7.0,108971165.0,rs13479441,7,111297536,111297536,7.689870163697112e-06,0.035362377176999554,2326371.0,trans
Gm10033,8.0,71897427.0,rs13479814,8,70845435,74265398,7.694281718287209e-06,0.0353774637289618,0.0,cis
Rnasel,1.0,155600060.0,rs6406033,1,138462986,141128164,7.699104345135187e-06,0.035394435634387815,14471896.0,trans
Gm13937,2.0,110049329.0,rs3660360,19,48448365,48448365,7.702935250793164e-06,0.03540627713078444,,trans
Ccdc67,9.0,15364308.0,CEL-10_14286032,10,14292789,18617183,7.70414039426691e-06,0.03540627713078444,,trans
Gm26467,7.0,66837433.0,rs13479306,7,73604599,75261560,7.705075446647165e-06,0.03540627713078444,6767166.0,trans
Sord,2.0,122060560.0,rs13476716,2,115487885,116411066,7.708319532120588e-06,0.03541598220378307,5649494.0,trans
Has1,17.0,17980293.0,gnf17.005.541,17,8688392,9032964,7.715618904210987e-06,0.03544431376179238,8947329.0,trans
Parp9,16.0,35938556.0,rs4171718,16,34000948,34000948,7.727241622710113e-06,0.03548453054856436,1937608.0,cis
P4ha3,7.0,107434030.0,rs3672782,7,95155270,96589291,7.727473228005248e-06,0.03548453054856436,10844739.0,trans
Pdcd2l,7.0,34969516.0,CEL-7_20141278,7,31950331,35185656,7.72777621626592e-06,0.03548453054856436,0.0,cis
Tgm7,2.0,120919325.0,rs13476740,2,121412769,122144319,7.733752113355606e-06,0.035506759152746405,493444.0,cis
Luzp1,4.0,136025688.0,D4Mit339,4,133923341,133923341,7.746543302963067e-06,0.03555899024573008,2102347.0,trans
Wrn,8.0,34344845.0,rs13479673,8,30344779,31698372,7.74740190303058e-06,0.03555899024573008,2646473.0,trans
Fcrls,3.0,87054680.0,CEL-3_75140206,3,74542042,75418536,7.750093985981038e-06,0.03556612832063285,11636144.0,trans
Polr1a,6.0,71859067.0,rs13478871,6,85767550,86058923,7.75477054082426e-06,0.03557742201353581,13908483.0,trans
Gm25647,7.0,66779398.0,rs3668680,11,55886003,56329568,7.754829433197378e-06,0.03557742201353581,,trans
Ddx4,13.0,113388544.0,rs13482018,13,113426472,114047798,7.756349825615548e-06,0.03557917958015378,37928.0,cis
Copb1,7.0,121359073.0,rs3726501,7,118971889,119466660,7.778188344585695e-06,0.03566889504085059,1892413.0,cis
Copb1,7.0,121359073.0,rs6280792,7,120195001,120696710,7.778188344585695e-06,0.03566889504085059,662363.0,cis
Naaa,5.0,92687119.0,rs13478430,5,103696017,104357982,7.781694592548785e-06,0.03567974374780118,11008898.0,trans
Gm9292,12.0,22888215.0,rs13481313,12,14876064,15561948,7.78493358901841e-06,0.03568700290483386,7326267.0,trans
Endou,15.0,97541450.0,CEL-10_113177617,10,112836909,115238616,7.785559285569747e-06,0.03568700290483386,,trans
Parp9,16.0,35938556.0,D16Mit167,16,35200810,35282711,7.7867544984473e-06,0.03568725255202641,655845.0,cis
Hist1h4c,13.0,23790007.0,rs3693929,13,18463431,18955999,7.790245295824151e-06,0.03569802141289679,4834008.0,trans
Rrs1,1.0,9535507.0,rs3670611,1,20623898,20623898,7.800332510482215e-06,0.03573901011617181,11088391.0,trans
Hsd17b11,5.0,104418784.0,rs13476950,3,3785418,8755000,7.802812380287151e-06,0.03574513712611989,,trans
Polr1a,6.0,71859067.0,CEL-6_57082524,6,57060038,57060038,7.806077106835327e-06,0.035754857289865785,14799029.0,trans
Gm23422,1.0,70643389.0,rs13480581,10,38685357,38770868,7.819949745039998e-06,0.03581315583977742,,trans
BC016579,16.0,45626961.0,rs4199265,16,69802969,69809657,7.825673125281785e-06,0.03583412149184413,24176008.0,trans
Srd5a1,13.0,69712327.0,gnf13.057.762,13,59805606,59805606,7.827884411884526e-06,0.0358367013151566,9906721.0,trans
Tm4sf5,11.0,70318779.0,gnf11.079.978,11,75282894,76408655,7.828527575614108e-06,0.0358367013151566,4964115.0,trans
Ifih1,2.0,62435358.0,rs6305730,2,67694351,68501311,7.830840813438906e-06,0.035842045973123654,5258993.0,trans
Dnal4,15.0,79591883.0,CEL-15_83283496,15,82755972,82755972,7.838715982644265e-06,0.03587284250760362,3164089.0,trans
Gm4981,10.0,57697596.0,CEL-10_119602638,10,119351908,119646031,7.845330416938924e-06,0.035897861291314385,61654312.0,trans
Pex19,1.0,174056903.0,rs13476267,1,182213911,184421782,7.854230186610944e-06,0.03593332823230847,8157008.0,trans
Abhd16a,17.0,35226236.0,rs6242153,17,32068298,32078991,7.861349976440814e-06,0.03596064253327582,3147245.0,trans
Mia2,12.0,60196787.0,rs13481462,12,55741344,56422769,7.863206933311397e-06,0.03596387827620361,3774018.0,trans
Tagln3,16.0,45711343.0,rs4179504,16,44259587,44662109,7.86607876927428e-06,0.03597175413793304,1049234.0,cis
Lsm4,8.0,73197147.0,rs13479814,8,70845435,74265398,7.868378768715421e-06,0.03597701305845025,0.0,cis
Ccdc171,4.0,83171500.0,rs3022987,4,88238304,89126034,7.871057698780125e-06,0.03598400279370036,5066804.0,trans
Dnaic1,4.0,41516827.0,D4Mit286,4,43209772,43209772,7.87278714741581e-06,0.03598665038982539,1692945.0,cis
Htr5b,1.0,123406335.0,rs13476012,1,101801486,105621440,7.875774737100604e-06,0.03598978953565486,17784895.0,trans
Htr5b,1.0,123406335.0,rs13476033,1,107790532,108029792,7.875774737100604e-06,0.03598978953565486,15376543.0,trans
Tctex1d2,16.0,32419788.0,rs4172779,16,35548162,36540314,7.880280732762426e-06,0.035999863454534674,3128374.0,trans
Tctex1d2,16.0,32419788.0,rs4171932,16,34308446,35110655,7.880280732762426e-06,0.035999863454534674,1888658.0,cis
Fv1,4.0,147243088.0,rs3023025,4,142772319,142772319,7.892895346708378e-06,0.03605222676297428,4470769.0,trans
Polb,8.0,23738598.0,rs13476267,1,182213911,184421782,7.903036646294989e-06,0.03609327912151506,,trans
Myo5a,9.0,74919013.0,rs3672897,9,83587154,84973161,7.91061844769392e-06,0.036111745739273206,8668141.0,trans
Slc15a2,16.0,36750267.0,rs4173870,16,36946777,39041163,7.911296102911676e-06,0.036111745739273206,196510.0,cis
Slc15a2,16.0,36750267.0,rs4175608,16,39182601,39493446,7.911296102911676e-06,0.036111745739273206,2432334.0,trans
Mks1,11.0,87666727.0,rs13481150,11,89612737,89761882,7.911697396717118e-06,0.036111745739273206,1946010.0,cis
Mettl5,2.0,69709268.0,rs8263080,2,69180907,69180907,7.916995992631575e-06,0.0361259016519998,528361.0,cis
Gm6970,19.0,47244959.0,rs3023496,19,48212356,48212356,7.917108347370115e-06,0.0361259016519998,967397.0,cis
1700001L05Rik,15.0,83187990.0,rs13482681,15,83867917,84968203,7.93944562990986e-06,0.03622254372183156,679927.0,cis
Dars,1.0,130260284.0,gnf01.132.831,1,135115364,135695643,7.951465302531428e-06,0.036272091906065486,4855080.0,trans
Ifih1,2.0,62435358.0,rs3711308,2,46084534,46848832,7.96608654532983e-06,0.03633349145999118,15586526.0,trans
Mut,17.0,41071656.0,rs13482967,17,37015393,39314866,7.969070813045157e-06,0.036341804357516334,1756790.0,cis
Acot11,4.0,106417185.0,rs13477881,4,103313312,104187378,7.974143607554488e-06,0.036359637870476684,2229807.0,trans
Taar3,10.0,23669364.0,gnf08.020.641,8,23259030,24259338,7.98554268212246e-06,0.036404837207204256,,trans
Ddx59,1.0,138311848.0,CEL-1_152888326,1,154761280,155750989,7.986383786580637e-06,0.036404837207204256,16449432.0,trans
Ppp1r12b,1.0,136646075.0,rs13476045,1,110960852,117320811,7.990131123072417e-06,0.03641094192153053,19325264.0,trans
Gm12282,11.0,62563572.0,rs6331425,5,112371951,113588568,7.990772892627e-06,0.03641094192153053,,trans
Ift27,15.0,77989890.0,rs13482637,15,70331556,70822236,7.991214666837807e-06,0.03641094192153053,7167654.0,trans
Hmgcll1,9.0,75862784.0,rs3672897,9,83587154,84973161,7.992585674687881e-06,0.03641188552583031,7724370.0,trans
Plcb3,19.0,7028203.0,rs13483511,19,6542811,6987338,7.993947730630109e-06,0.03641278807900814,40865.0,cis
Zw10,9.0,48863737.0,gnf09.042.496,9,48017410,49071871,7.99579895837678e-06,0.03641346363744809,0.0,cis
Dcps,9.0,34931996.0,UT_9_38.426043,9,37454776,39934734,7.996423966045452e-06,0.03641346363744809,2522780.0,trans
Sc5d,9.0,42062260.0,rs13480169,9,45240527,46583651,8.005422119556754e-06,0.03644913314475782,3178267.0,trans
Crat,2.0,30255996.0,mCV23574676,2,26733408,26733408,8.00794397751119e-06,0.03645530962716575,3522588.0,trans
T2,17.0,8589494.0,rs13482967,17,37015393,39314866,8.022185091033473e-06,0.036514827209137984,28425899.0,trans
Plod3,5.0,137462889.0,rs3708411,5,136726448,137393985,8.029843352791357e-06,0.036540385037292476,68904.0,cis
Ifih1,2.0,62435358.0,rs13476491,2,50808752,52430773,8.030136099767459e-06,0.036540385037292476,10004585.0,trans
Hist3h2bb-ps,11.0,58767550.0,rs3668680,11,55886003,56329568,8.03871675881911e-06,0.03657411065501279,2437982.0,trans
Fam78b,1.0,168931606.0,CEL-1_152888326,1,154761280,155750989,8.044159364929491e-06,0.0365935512002014,13180617.0,trans
Caap1,4.0,94166763.0,CEL-4_95227224,4,96563640,96653621,8.046680935325172e-06,0.03659969998953703,2396877.0,trans
Idua,5.0,109098330.0,rs13480120,9,30287464,30287464,8.053378022538745e-06,0.036624231340102474,,trans
Rnasel,1.0,155600060.0,UT_1_169.988189,1,168323143,169017891,8.054415711442984e-06,0.036624231340102474,12723083.0,trans
Epha6,16.0,59653309.0,rs4193136,16,61403132,61403132,8.056894130897198e-06,0.036630176806876615,1749823.0,cis
Sh3bp1,15.0,78730216.0,rs13482687,15,85776069,86099724,8.063209653568575e-06,0.0366535631662138,7045853.0,trans
Nphp1,2.0,127566468.0,rs4223510,2,131679415,131819271,8.077019123167931e-06,0.03671100360192724,4112947.0,trans
Snapc5,9.0,64027104.0,rs13480251,9,66838171,67878904,8.080833011132721e-06,0.03671569438293429,2811067.0,trans
2010016I18Rik,3.0,106284904.0,rs6202860,1,147391348,148385403,8.082454063945868e-06,0.03671569438293429,,trans
Mpg,11.0,32126511.0,rs3723987,11,19368928,19472318,8.082963406148035e-06,0.03671569438293429,12654193.0,trans
Gm13242,4.0,146346156.0,rs4224919,4,144563168,147520407,8.083252423586125e-06,0.03671569438293429,0.0,cis
Gm10503,17.0,31091091.0,rs13476589,2,77938378,77938378,8.08391928939279e-06,0.03671569438293429,,trans
Gm7222,20.0,131362718.0,CEL-17_29648158,17,31179361,31326531,8.087091511401439e-06,0.03672477033660795,,trans
1700030K09Rik,8.0,74967825.0,rs3659789,8,58485097,63851355,8.092305732450043e-06,0.03674311535268952,11116470.0,trans
1700001L05Rik,15.0,83187990.0,rs13482687,15,85776069,86099724,8.097246574884128e-06,0.03675962849075615,2588079.0,trans
Trim3,7.0,112758984.0,D7Mit301,7,98732421,98732421,8.09920718977579e-06,0.03675962849075615,14026563.0,trans
Klhl20,1.0,163018509.0,rs6181202,1,156456243,159872935,8.099467670734856e-06,0.03675962849075615,3145574.0,trans
Gm9903,5.0,33972574.0,rs3716195,5,42448019,43174670,8.101217578715342e-06,0.03676223721910928,8475445.0,trans
Ceacam16,7.0,20437449.0,mCV25264026,10,118418862,118763482,8.120355133181561e-06,0.03684373655152837,,trans
Rmdn3,2.0,118962737.0,rs13476716,2,115487885,116411066,8.122736186426019e-06,0.036849195548436214,2551671.0,trans
Pofut1,2.0,153067268.0,rs13476784,2,134345046,135758395,8.126131973068189e-06,0.03685500086088149,17308873.0,trans
Tbx5,5.0,120284672.0,CEL-10_119602638,10,119351908,119646031,8.126372015255332e-06,0.03685500086088149,,trans
Srd5a1,13.0,69712327.0,rs6220659,13,64303979,65397885,8.142604069955531e-06,0.03691791308467769,4314442.0,trans
Srd5a1,13.0,69712327.0,rs13481845,13,63061924,64072990,8.142604069955531e-06,0.03691791308467769,5639337.0,trans
Gm15446,5.0,110369445.0,rs13478434,5,104572764,106233590,8.147998582040352e-06,0.03693701817830534,4135855.0,trans
Dnah3,7.0,127230225.0,rs13479483,7,125869548,125869548,8.14943253899418e-06,0.03693816610023048,1360677.0,cis
Hjurp,1.0,90155662.0,rs6291839,1,14787218,15801732,8.156814366725487e-06,0.036966269138360285,74353930.0,trans
Akap1,11.0,88692106.0,rs13481150,11,89612737,89761882,8.158925859905038e-06,0.03697048260600504,920631.0,cis
Smtnl2,11.0,72203616.0,rs13481087,11,69415411,70265537,8.161489345491076e-06,0.03697371807343567,1938079.0,cis
Gm25120,7.0,66691519.0,rs3693478,7,67179979,70463288,8.162003630065841e-06,0.03697371807343567,488460.0,cis
Atg2a,19.0,6241668.0,rs13483502,19,4316396,4316396,8.1712838795887e-06,0.037010398258015255,1925272.0,cis
Hspa12b,2.0,130953148.0,rs13476740,2,121412769,122144319,8.185590737116064e-06,0.03706983166721379,8808829.0,trans
Ufsp1,5.0,137735876.0,rs3708411,5,136726448,137393985,8.187219436398138e-06,0.037070916241771494,341891.0,cis
Cacng5,11.0,107735919.0,UT_4_59.889299,19,60157522,61116699,8.189231871208734e-06,0.037070916241771494,,trans
Chp1,2.0,119373443.0,rs13476709,2,114022898,115248630,8.189385162868089e-06,0.037070916241771494,4124813.0,trans
Nmi,2.0,51804025.0,mCV22297233,2,44443839,44976541,8.196935841802309e-06,0.03709972771035766,6827484.0,trans
BC051628,2.0,180954721.0,rs6187766,2,179257464,179308861,8.198505060289208e-06,0.037101462380633644,1645860.0,cis
Rnf208,2.0,25098458.0,mCV23574676,2,26733408,26733408,8.205937415192757e-06,0.03712972571160129,1634950.0,cis
Fancc,13.0,63406017.0,rs13481830,13,58543182,58825897,8.209800781233638e-06,0.03713602880309972,4580120.0,trans
Lad1,1.0,137715175.0,gnf01.127.292,1,129548234,130226591,8.210891622875148e-06,0.03713602880309972,7488584.0,trans
Lad1,1.0,137715175.0,gnf01.126.387,1,128625711,129064813,8.210891622875148e-06,0.03713602880309972,8650362.0,trans
Rnf169,7.0,107068767.0,gnf07.079.162,7,91904303,93812508,8.226953756907692e-06,0.03720329571711088,13256259.0,trans
Gm25314,7.0,66627345.0,gnf07.050.858,7,63779524,65367119,8.228634265475261e-06,0.037205517109163797,1260226.0,cis
C530030P08Rik,11.0,32625889.0,D11Mit78,11,17844334,17844334,8.233677483656468e-06,0.03722294005027069,14781555.0,trans
Slc22a2,17.0,12777055.0,D7Mit199,7,73078958,73078958,8.24254378731254e-06,0.03725228724892826,,trans
Prss30,17.0,24109094.0,rs13482934,17,27985170,29917068,8.242550606692032e-06,0.03725228724892826,3876076.0,trans
Cacul1,19.0,60603104.0,rs3682996,1,175676881,177366983,8.250587796340573e-06,0.037283225212733945,,trans
Gm24254,8.0,94563816.0,D11Mit349,11,55602850,55602850,8.257163676263458e-06,0.03730755174433205,,trans
Alad,4.0,62170202.0,rs6258088,4,82262282,87106965,8.261702954006044e-06,0.03732032898965193,20092080.0,trans
Sdhb,4.0,140517186.0,rs13478023,4,140528838,140755878,8.262377525666893e-06,0.03732032898965193,11652.0,cis
Fam154b,7.0,89781470.0,rs13479319,7,76941381,77106359,8.266802766588511e-06,0.037334926811445394,12675111.0,trans
Chchd5,2.0,128955544.0,rs6411422,2,128199226,129125488,8.270573104092539e-06,0.03734365557034248,0.0,cis
Lpcat2,8.0,95379249.0,rs13483246,18,21512384,23932061,8.27112290548681e-06,0.03734365557034248,,trans
Zfp85os,13.0,67845141.0,rs13481861,13,68711508,69092648,8.274522394160953e-06,0.03735361316117769,866367.0,cis
4930432K21Rik,8.0,86672058.0,rs3698182,8,86111850,88831890,8.277308054281429e-06,0.03736079727691686,0.0,cis
Tnfaip6,2.0,51893633.0,mCV22297233,2,44443839,44976541,8.286447300182718e-06,0.03739665298838603,6917092.0,trans
Arid5b,10.0,67558341.0,rs13480657,10,76175591,77019280,8.303286117894966e-06,0.03746724143421138,8617250.0,trans
Wtip,7.0,34894566.0,rs13479188,7,36124857,37123347,8.311307972157513e-06,0.03749803012995996,1230291.0,cis
Spg11,2.0,121879262.0,rs13476784,2,134345046,135758395,8.314904634064849e-06,0.037508847737231135,12465784.0,trans
Zkscan16,4.0,58958999.0,rs13477695,4,49784163,50695666,8.330988092795245e-06,0.037569977857395444,8263333.0,trans
Zkscan16,4.0,58958999.0,CEL-4_51526276,4,52294103,54911506,8.330988092795245e-06,0.037569977857395444,4047493.0,trans
Trav7-4,14.0,54080884.0,rs13481023,11,51824799,52067554,8.33205865937576e-06,0.037569977857395444,,trans
Tpm2,4.0,43527582.0,rs8253327,1,193731997,193731997,8.334441550088302e-06,0.03757530664898021,,trans
Htr5b,1.0,123406335.0,rs4222552,1,108290875,108527642,8.34189001077835e-06,0.03760346841846259,14878693.0,trans
Yrdc,4.0,124528019.0,rs13480820,10,126611872,126611872,8.347198990461544e-06,0.03762197913683223,,trans
Myom1,17.0,71368861.0,mCV25264026,10,118418862,118763482,8.357580824151482e-06,0.03766334528255155,,trans
Polr1a,6.0,71859067.0,CEL-6_56528034,6,56518390,56518390,8.375957806861573e-06,0.03773667537151357,15340677.0,trans
1190007I07Rik,10.0,82082603.0,rs13459122,10,80258109,82124986,8.376265454276284e-06,0.03773667537151357,0.0,cis
Catsperg1,7.0,30482238.0,rs8261944,7,31220797,31291333,8.38067459940507e-06,0.037751102905517614,738559.0,cis
Fv1,4.0,147243088.0,rs13478048,4,149683530,150459961,8.385128972577406e-06,0.03776572998762515,2440442.0,trans
Copb1,7.0,121359073.0,rs3674465,7,119879435,120077980,8.393128094350286e-06,0.0377920309887976,1281093.0,cis
C920025E04Rik,17.0,36166710.0,rs6242153,17,32068298,32078991,8.393384644370031e-06,0.0377920309887976,4087719.0,trans
Aste1,9.0,105297745.0,rs13480398,9,105676712,105823505,8.402821916493653e-06,0.03782907862503894,378967.0,cis
Spt1,15.0,,rs6371333,11,57945936,57945936,8.408114637396408e-06,0.037847459725119784,,unknown
Pold3,7.0,107230621.0,rs3672782,7,95155270,96589291,8.416779378101948e-06,0.0378781360371568,10641330.0,trans
Nudcd1,15.0,44206775.0,D15Mit13,15,3410212,3410212,8.417351186937714e-06,0.0378781360371568,40796563.0,trans
Dnajb13,7.0,107651527.0,rs13459173,7,112784815,114369537,8.42029338536423e-06,0.03787821106250928,5133288.0,trans
Plvap,8.0,74021664.0,rs3719174,8,83396538,84339460,8.420831986188476e-06,0.03787821106250928,9374874.0,trans
Steap3,1.0,122123000.0,rs13476083,1,123358516,128188953,8.42221099377026e-06,0.03787821106250928,1235516.0,cis
Steap3,1.0,122123000.0,rs13476098,1,128464783,128523838,8.42221099377026e-06,0.03787821106250928,6341783.0,trans
Shcbp1l,1.0,155272242.0,rs6267646,1,154395967,154628105,8.423507639954173e-06,0.03787859716683596,644137.0,cis
Ttll3,6.0,113339254.0,rs13478917,6,97419188,97878025,8.431511978763192e-06,0.037909141792638504,15461229.0,trans
Ncapd2,6.0,125118025.0,UT_6_123.37228,6,121628013,122259669,8.44976155810868e-06,0.037985734914916455,2858356.0,trans
D130040H23Rik,8.0,71794979.0,rs13479907,8,91905250,91905250,8.451115602864242e-06,0.03798593203964658,20110271.0,trans
Wsb2,5.0,117807314.0,rs13478518,5,128264975,128826722,8.452233861565727e-06,0.03798593203964658,10457661.0,trans
Vbp1,20.0,72759652.0,rs3682996,1,175676881,177366983,8.458451028267478e-06,0.038008412964244044,,trans
4930505A04Rik,11.0,30326004.0,rs6292290,11,18482775,19143737,8.461290556827822e-06,0.03801571204928439,11182267.0,trans
Zfp932,5.0,110436056.0,rs3657810,5,113832345,114910446,8.471681426874123e-06,0.03804807509822449,3396289.0,trans
4933409K07Rik,4.0,42600737.0,CEL-4_51526276,4,52294103,54911506,8.472142354420262e-06,0.03804807509822449,9693366.0,trans
4933409K07Rik,4.0,42600737.0,rs13477695,4,49784163,50695666,8.472142354420262e-06,0.03804807509822449,7183426.0,trans
Hmgn3,9.0,83003551.0,UT_17_44.961343,17,45704198,45877173,8.48066522038486e-06,0.03808088429239559,,trans
6030499A19Rik,2.0,75541678.0,rs13480777,10,115571078,115571078,8.508498210894456e-06,0.03820038022682833,,trans
2310030G06Rik,9.0,50547796.0,rs13480169,9,45240527,46583651,8.514279737303508e-06,0.03822085219668114,3964145.0,trans
Pdik1l,4.0,133830917.0,rs13478001,4,135998441,137764129,8.524757240477679e-06,0.038258750616016614,2167524.0,trans
Alad,4.0,62170202.0,rs13477785,4,75774917,80950127,8.525168085491622e-06,0.038258750616016614,13604715.0,trans
Palmd,3.0,116621174.0,rs13477322,3,109232255,111520272,8.536563059116865e-06,0.03830439349158243,5100902.0,trans
Arid5b,10.0,67558341.0,rs13480619,10,57472268,59899199,8.543051026278283e-06,0.03832800821546494,7659142.0,trans
Fancc,13.0,63406017.0,rs13481861,13,68711508,69092648,8.545216122873726e-06,0.03833222458673979,5305491.0,trans
Mill2,7.0,19425315.0,gnf07.011.425,7,17808155,19678759,8.56141245638733e-06,0.03839937220223573,0.0,cis
Cenpb,2.0,131003025.0,CEL-2_135876979,2,135953692,136253017,8.573317770652517e-06,0.038447257383846155,4950667.0,trans
Slc15a2,16.0,36750267.0,D16Mit12,16,39118134,39118134,8.58463554003919e-06,0.03849249435686124,2367867.0,trans
Vars2,17.0,35792579.0,CEL-17_21879142,17,23322637,26350810,8.596135636386007e-06,0.03853853577972759,9441769.0,trans
Tnpo3,14.0,53938493.0,rs3666583,14,52760254,54864244,8.599982488973435e-06,0.03855025759911727,0.0,cis
BC031181,18.0,75165554.0,rs3157124,20,68694215,68694215,8.614179784590479e-06,0.03860836627985653,,trans
LOC102632837,14.0,55435324.0,rs3675987,4,147659225,148197078,8.622267708245501e-06,0.03863895081138907,,trans
Abca17,17.0,24401224.0,rs13483426,18,70283358,70283358,8.624709013531367e-06,0.03863895081138907,,trans
Abca17,17.0,24401224.0,gnf18.069.064,18,70944925,71102941,8.624709013531367e-06,0.03863895081138907,,trans
Mpg,11.0,32126511.0,rs13480894,11,17845701,18067657,8.627678443467168e-06,0.03864118672850899,14058854.0,trans
Mpg,11.0,32126511.0,rs13480888,11,16853390,17636603,8.627678443467168e-06,0.03864118672850899,14489908.0,trans
D3Ertd751e,3.0,41546586.0,rs3670626,3,42213855,42213855,8.642253969306719e-06,0.038700926240978234,667269.0,cis
Smyd2,1.0,191704371.0,D11Mit349,11,55602850,55602850,8.644209987700958e-06,0.03870414525388524,,trans
Itpripl2,7.0,125629325.0,rs13479476,7,124032278,124032278,8.647290159754809e-06,0.038712395983559925,1597047.0,cis
Fmo2,1.0,164805178.0,D1Mit291,1,186554196,186554196,8.654772633913458e-06,0.03874034986391326,21749018.0,trans
4930433I11Rik,7.0,48242925.0,UT_6_123.37228,6,121628013,122259669,8.66116653692706e-06,0.03876134563981795,,trans
Prkaca,8.0,86496887.0,rs3698182,8,86111850,88831890,8.661941213357355e-06,0.03876134563981795,0.0,cis
Cyp2u1,3.0,130994047.0,rs3695386,3,155445672,156802751,8.674353174685442e-06,0.03881133634684002,24451625.0,trans
Tor3a,1.0,158583751.0,rs6181202,1,156456243,159872935,8.678275322324615e-06,0.03882333253028287,0.0,cis
Lgr6,1.0,136882930.0,mCV24201027,1,117626780,121957699,8.68348220549556e-06,0.03884107188402982,14925231.0,trans
A930017M01Rik,15.0,44712926.0,rs3681808,15,12972089,13253365,8.68532444069628e-06,0.03884375830274006,31459561.0,trans
P4ha3,7.0,107434030.0,rs3658777,7,96762673,96762673,8.689737030911124e-06,0.03885793782203073,10671357.0,trans
Dnajb13,7.0,107651527.0,D7Mit323,7,108024450,108024450,8.700097508198898e-06,0.03889795703994686,372923.0,cis
Chil1,1.0,136079041.0,rs6267646,1,154395967,154628105,8.70117322310382e-06,0.03889795703994686,18316926.0,trans
9330160F10Rik,11.0,68871220.0,rs6217738,11,72486318,72978471,8.705946729337562e-06,0.03891373595572879,3615098.0,trans
Dnajc17,2.0,118998236.0,rs3708635,2,125704535,127840968,8.712386287434945e-06,0.03893695619798344,6706299.0,trans
Gm12526,4.0,57770696.0,rs4228452,10,110731307,110731307,8.725157605139041e-06,0.038988463344724986,,trans
Fbln7,2.0,128689714.0,rs4223510,2,131679415,131819271,8.729049031785894e-06,0.03900028155479082,2989701.0,trans
Cd59b,2.0,103910023.0,rs3681694,2,112125008,113257559,8.734052680373953e-06,0.039017064946343286,8214985.0,trans
Manba,3.0,135148575.0,rs13477442,3,138622072,138622072,8.736378422464313e-06,0.0390205914785911,3473497.0,trans
Tmem107,11.0,68884311.0,rs3677986,11,67961048,68740438,8.739404930694441e-06,0.0390205914785911,143873.0,cis
Hpgd,8.0,58773390.0,rs13479814,8,70845435,74265398,8.740232098105888e-06,0.0390205914785911,12072045.0,trans
Ceacam16,7.0,20437449.0,rs13480778,10,116782073,118297729,8.74107860223599e-06,0.0390205914785911,,trans
Ceacam16,7.0,20437449.0,rs6317716,10,118914359,119215628,8.74107860223599e-06,0.0390205914785911,,trans
BC147527,13.0,,rs13479306,7,73604599,75261560,8.762525934877975e-06,0.039110752521460346,,unknown
Pus7l,15.0,94353071.0,CEL-15_93879270,15,93284539,94018478,8.766436710454038e-06,0.039122626149205815,334593.0,cis
LOC102639749,7.0,66641451.0,rs13479306,7,73604599,75261560,8.78531099098649e-06,0.03920126560637954,6963148.0,trans
Cbln4,2.0,171861726.0,rs3668680,11,55886003,56329568,8.793844186625369e-06,0.03923374587153746,,trans
Fam170b,14.0,33648392.0,rs6353445,10,111131157,111836441,8.818144297064985e-06,0.03933655095166386,,trans
Mx2,16.0,97757690.0,rs13480652,10,74075171,75305586,8.82119407972256e-06,0.03934454538992988,,trans
Chp1,2.0,119373443.0,rs3686617,2,122383806,125564678,8.824030560463117e-06,0.039351586309185164,3010363.0,trans
Mela,8.0,125949778.0,rs13480258,9,68739815,69455900,8.832562900324698e-06,0.03938402281522965,,trans
Aspdh,7.0,51720253.0,rs3719256,7,51794017,52261292,8.836387585320622e-06,0.039393568689316934,73764.0,cis
Crnde,8.0,94849937.0,rs13479883,8,89785659,90415071,8.837222175853668e-06,0.039393568689316934,4434866.0,trans
Rer1,4.0,154448221.0,rs3693138,4,154079631,154079631,8.842007928015474e-06,0.03940928661524445,368590.0,cis
Hfm1,5.0,107330908.0,rs6258765,9,34384237,34451494,8.843403896691793e-06,0.03940989377502639,,trans
AA388235,17.0,34118437.0,rs3656008,17,43766138,43922072,8.845378693012527e-06,0.039413079891699725,9647701.0,trans
Appbp2,11.0,85004808.0,rs13481156,11,90664417,91481989,8.861276757979632e-06,0.03947829531691337,5659609.0,trans
Arhgef2,3.0,88425060.0,rs13477204,3,75866499,81433732,8.865974690620214e-06,0.039490151741287664,6991328.0,trans
Trappc12,12.0,29375877.0,rs6180964,12,16835276,26476092,8.866462663774518e-06,0.039490151741287664,2899785.0,trans
Akap1,11.0,88692106.0,rs13481152,11,89938912,90397848,8.872844878550899e-06,0.03951295193330259,1246806.0,cis
Gm25314,7.0,66627345.0,rs13479305,7,73316124,73426174,8.886667316122005e-06,0.039568874054121454,6688779.0,trans
Vps18,2.0,119114493.0,rs13476723,2,117118532,118639998,8.898983488744068e-06,0.03961807440089795,474495.0,cis
Gdf1,8.0,72839673.0,rs13479859,8,84568955,85463661,8.923911314419416e-06,0.03972339955324665,11729282.0,trans
Acp1,12.0,31578191.0,rs13481389,12,35563624,35563624,8.931452949718976e-06,0.039746313502837666,3985433.0,trans
Mx2,16.0,97757690.0,rs13480650,10,73389754,73389754,8.931599957529432e-06,0.039746313502837666,,trans
Nabp2,10.0,127838451.0,NES13029525,1,174201925,174420752,8.939367755353568e-06,0.03977522288001675,,trans
Srp9,2.0,87366206.0,rs4222799,1,169153243,169907834,8.941480749752964e-06,0.03977896687761465,,trans
Haus8,8.0,73775023.0,UT_6_76.003706,8,77908172,78222251,8.944780025425633e-06,0.03978798660248779,4133149.0,trans
Pold3,7.0,107230621.0,D7Mit301,7,98732421,98732421,8.949963529267559e-06,0.03980538395620254,8498200.0,trans
Slc36a1,11.0,55017872.0,rs6173994,11,52342339,53868159,8.9512745483237e-06,0.039805555753857545,1149713.0,cis
Zfp458,13.0,67355854.0,gnf13.057.501,13,59546202,59546202,8.953472019953186e-06,0.03980966892153616,7809652.0,trans
Arhgap27,11.0,103192811.0,rs13481194,11,101460336,103038835,8.960429165426742e-06,0.039834940768928774,153976.0,cis
Trim3,7.0,112758984.0,rs3686975,7,117123258,117123258,8.963252127948402e-06,0.03983799774677129,4364274.0,trans
Slitrk6,14.0,111147807.0,rs13482354,14,106286763,106815540,8.96493708445736e-06,0.03983799774677129,4332267.0,trans
Slitrk6,14.0,111147807.0,rs6410104,14,107620720,108651495,8.96493708445736e-06,0.03983799774677129,2496312.0,trans
Cd82,2.0,93259268.0,gnf02.092.283,2,93727076,97874848,8.972427237762448e-06,0.039865619434428824,467808.0,cis
Cbx7,15.0,79746237.0,rs3710055,15,87788314,87788314,8.99096589211269e-06,0.039942316181948934,8042077.0,trans
Sgcg,14.0,61839896.0,rs3723413,14,71665657,71920112,8.999065110441757e-06,0.039972620598048424,9825761.0,trans
Dhx36,3.0,62274005.0,rs13476470,2,45047811,45193636,9.003894440804434e-06,0.03998839407513773,,trans
Cd163,6.0,124254674.0,CEL-10_119602638,10,119351908,119646031,9.008514197155846e-06,0.04000323243938631,,trans
Htr6,4.0,138617324.0,rs6386918,4,139323756,140081803,9.01110095274726e-06,0.040009040124381084,706432.0,cis
Zfp943,17.0,22099725.0,rs13482873,17,11606730,21646617,9.018027108842929e-06,0.04003411024581938,453108.0,cis
Ndufa2,18.0,36902000.0,rs13483308,18,38428527,38428527,9.022209189065063e-06,0.0400469930891507,1526527.0,cis
Fam154b,7.0,89781470.0,rs13479226,7,52843651,53422379,9.026446085730024e-06,0.04006011555717094,36359091.0,trans
Arfrp1,2.0,181092534.0,rs13476942,2,180422342,180422342,9.029467613513721e-06,0.040067841159811844,670192.0,cis
1700012P22Rik,4.0,144008094.0,D4Mit343,4,142301240,142301240,9.03444594674848e-06,0.040078953999677314,1706854.0,cis
4933407L21Rik,1.0,87825579.0,rs13475970,1,90246345,91918244,9.034534203335605e-06,0.040078953999677314,2420766.0,trans
Ddb2,2.0,91051736.0,CEL-10_119602638,10,119351908,119646031,9.036296957857496e-06,0.040081090273539476,,trans
Ddx59,1.0,138311848.0,rs8256197,1,130485641,130485675,9.044931264943722e-06,0.04011370084481678,7826173.0,trans
AI504432,3.0,106842422.0,D3Mit189,3,100779519,100779519,9.049459746374913e-06,0.04012809567409512,6062903.0,trans
Iqcc,4.0,129292370.0,rs6234904,4,138152372,139225623,9.053089081937554e-06,0.04013849989816216,8860002.0,trans
1500011K16Rik,2.0,127617124.0,UT_2_119.151187,2,118706767,121192484,9.056079753218528e-06,0.04014606994181056,6424640.0,trans
Cbs,17.0,31749585.0,rs13482930,17,26950947,27588409,9.05961758180536e-06,0.0401560630733363,4161176.0,trans
Ermard,17.0,15190178.0,rs13482934,17,27985170,29917068,9.074840439243002e-06,0.0402115551847326,12794992.0,trans
Mlec,5.0,115592992.0,rs3719767,5,115597884,116556465,9.0757705157503e-06,0.0402115551847326,4892.0,cis
4930578I07Rik,14.0,67556202.0,rs13482213,14,61919389,61919389,9.075993276553708e-06,0.0402115551847326,5636813.0,trans
Ptdss1,13.0,67033766.0,rs13481861,13,68711508,69092648,9.09508315430545e-06,0.040290427608767596,1677742.0,cis
2210406O10Rik,5.0,36798417.0,rs3703261,5,40028596,40028596,9.100205367708485e-06,0.04030741092069081,3230179.0,trans
LOC102639251,9.0,122818109.0,rs13480459,9,122175148,122561240,9.105185762147074e-06,0.040323761356392145,256869.0,cis
Tnip1,11.0,54713832.0,rs6313602,11,58819966,59042857,9.113594650708675e-06,0.040355288645169726,4106134.0,trans
Nsdhl,20.0,70163860.0,rs13483810,20,66607415,68130577,9.12413566237367e-06,0.04039624678346142,2033283.0,trans
Serpina1b,12.0,104966144.0,gnf12.100.410,12,103431463,103766711,9.128743868142865e-06,0.04041093011082487,1199433.0,cis
Pcsk6,7.0,73007057.0,D11Mit349,11,55602850,55602850,9.13544916180088e-06,0.04043341524219817,,trans
Htr6,4.0,138617324.0,rs3664871,4,132410010,133808951,9.137700595451786e-06,0.04043341524219817,4808373.0,trans
Htr6,4.0,138617324.0,rs3663950,4,135285446,135525152,9.137700595451786e-06,0.04043341524219817,3092172.0,trans
Kif1c,11.0,70543641.0,rs3662476,11,76761052,76824057,9.142446093552541e-06,0.04044869242585462,6217411.0,trans
Gm25229,7.0,66669461.0,rs13479238,7,56717300,62761533,9.14854735223393e-06,0.04046772932861416,3907928.0,trans
Vamp3,4.0,150421413.0,CEL-10_46671493,10,46420571,50689272,9.149336039887165e-06,0.04046772932861416,,trans
Naaa,5.0,92687119.0,rs13478428,5,103062844,103441851,9.185186565146078e-06,0.040620554003761924,10375725.0,trans
Snap23,2.0,120393407.0,rs6265656,2,156689630,158441351,9.19155021497938e-06,0.04064295119953708,36296223.0,trans
Smyd2,1.0,191704371.0,rs3668680,11,55886003,56329568,9.196839240470173e-06,0.04066059099116365,,trans
Tmtc2,10.0,104624717.0,rs13480733,10,101577654,101577654,9.209264462047762e-06,0.04069150011330789,3047063.0,trans
Ap5s1,2.0,131036176.0,rs3708635,2,125704535,127840968,9.209627802357114e-06,0.04069150011330789,3195208.0,trans
Gm17535,9.0,3034599.0,rs4224919,4,144563168,147520407,9.209767215742945e-06,0.04069150011330789,,trans
Chpt1,10.0,87936058.0,rs13480733,10,101577654,101577654,9.210646177441981e-06,0.04069150011330789,13641596.0,trans
Gm4793,1.0,137481350.0,rs13476163,1,148717645,153539523,9.211606601467542e-06,0.04069150011330789,11236295.0,trans
Eqtn,4.0,94573984.0,CEL-4_72665819,4,74037477,75249699,9.211634703594492e-06,0.04069150011330789,19324285.0,trans
Gm3415,5.0,147325697.0,gnf19.001.480,19,4609414,6372547,9.221564961611814e-06,0.0407296149161446,,trans
Zw10,9.0,48863737.0,mCV23098764,9,51521230,51995283,9.229643443112066e-06,0.0407595412250023,2657493.0,trans
Pm20d1,1.0,133693972.0,gnf01.132.831,1,135115364,135695643,9.249184772092011e-06,0.04084007365880395,1421392.0,cis
Olfr168,16.0,19530073.0,rs3713460,1,192867017,192867017,9.255211206412501e-06,0.040858870199188387,,trans
Iffo2,4.0,139087604.0,rs3663950,4,135285446,135525152,9.257790830538289e-06,0.040858870199188387,3562452.0,trans
Iffo2,4.0,139087604.0,rs3664871,4,132410010,133808951,9.257790830538289e-06,0.040858870199188387,5278653.0,trans
Gm10560,4.0,155395712.0,rs13478069,4,154876684,155042585,9.25866592965777e-06,0.040858870199188387,353127.0,cis
Gm5946,20.0,146655259.0,gnf19.052.359,19,53252872,53252872,9.267008816610952e-06,0.040889919619360025,,trans
4930432K21Rik,8.0,86672058.0,rs13479825,8,85707108,85950408,9.270532670192952e-06,0.040899699689581036,721650.0,cis
Stx6,1.0,157005872.0,rs13476208,1,163955813,164935095,9.27475703271592e-06,0.040909299556339734,6949941.0,trans
Nupl2,5.0,23670781.0,rs6256752,5,20753293,22574279,9.27532397034315e-06,0.040909299556339734,1096502.0,cis
Ift27,15.0,77989890.0,D15Mit189,15,82471605,82471605,9.281399323924647e-06,0.040930324696085076,4481715.0,trans
Emp3,7.0,53173393.0,CEL-7_43304662,7,62999955,63232349,9.28746472723928e-06,0.04095130003528275,9826562.0,trans
Rbm46,3.0,82641155.0,D3Mit189,3,100779519,100779519,9.289439375711243e-06,0.04095423460315133,18138364.0,trans
Polr1a,6.0,71859067.0,CEL-6_86603542,6,86222500,86953033,9.292831597306828e-06,0.040963417100239576,14363433.0,trans
Ccl28,13.0,,rs13482038,13,120059029,120203851,9.29464656863193e-06,0.04096564536585284,,unknown
Rcan1,16.0,92392196.0,rs4219897,16,92790232,92790232,9.297419636872816e-06,0.040967287231212665,398036.0,cis
Immp2l,,,gnf12.035.312,12,37595107,39358621,9.297638142509122e-06,0.040967287231212665,,unknown
Mapk11,15.0,88972912.0,CEL-X_143595976,20,150143067,150143067,9.308697653866722e-06,0.04100738909361304,,trans
Man2b1,8.0,87607168.0,rs13479891,8,90839695,91839246,9.311157329488595e-06,0.04100738909361304,3232527.0,trans
Sat2,11.0,69435554.0,rs13481117,11,79065732,79360701,9.312436142542944e-06,0.04100738909361304,9630178.0,trans
Gm25811,4.0,85689298.0,rs8264884,2,130881868,131487026,9.312942441352013e-06,0.04100738909361304,,trans
Dnajb13,7.0,107651527.0,rs3699086,7,103251219,103381987,9.313293411923784e-06,0.04100738909361304,4269540.0,trans
Gmip,8.0,72332586.0,rs3722665,8,75068927,77417178,9.319724679401931e-06,0.04102993182912261,2736341.0,trans
Fcgr3,1.0,172981300.0,NES13029525,1,174201925,174420752,9.332133032017387e-06,0.041078778535493375,1220625.0,cis
Wdr20,12.0,111976159.0,UT_12_105.036685,12,110698473,110748175,9.343480561284976e-06,0.04112294255477561,1227984.0,cis
Fah,7.0,91733669.0,rs3672782,7,95155270,96589291,9.353208851743605e-06,0.041159968485800266,3421601.0,trans
Hells,19.0,39005444.0,rs13476267,1,182213911,184421782,9.36214423988916e-06,0.04119349522634705,,trans
Ppp1r12b,1.0,136646075.0,rs3693161,1,162215219,163901483,9.372287321806942e-06,0.041232325650488705,25569144.0,trans
Selplg,5.0,114268545.0,rs3719767,5,115597884,116556465,9.377831265577059e-06,0.04125091460806396,1329339.0,cis
Gm10023,9.0,44287328.0,CEL-10_113177617,10,112836909,115238616,9.384367079698044e-06,0.04127386073417113,,trans
Hpgd,8.0,58773390.0,rs13479813,8,70431892,70720690,9.392303869167114e-06,0.04130296124388557,11658502.0,trans
Gm13213,4.0,133194134.0,rs13480398,9,105676712,105823505,9.395999281431918e-06,0.04131340460102362,,trans
Fbxo44,4.0,147526910.0,rs13478023,4,140528838,140755878,9.404057527223042e-06,0.041343025332812235,6771032.0,trans
Zfp146,7.0,30946286.0,rs13479188,7,36124857,37123347,9.408795413824279e-06,0.04135804250817308,5178571.0,trans
C530005A16Rik,4.0,116268447.0,rs13477940,4,118271128,118641059,9.417084058940672e-06,0.04138866126521027,2002681.0,trans
Orc6,8.0,87823690.0,rs13479825,8,85707108,85950408,9.43503319882485e-06,0.041461723922399746,1873282.0,cis
Scube3,17.0,28279471.0,rs13482934,17,27985170,29917068,9.446570959458788e-06,0.04150104990039765,0.0,cis
Adh6b,3.0,138015342.0,rs13477442,3,138622072,138622072,9.446635398142929e-06,0.04150104990039765,606730.0,cis
Gm609,16.0,45416868.0,rs4186283,16,51051260,51051260,9.449727873046414e-06,0.04150880672112696,5634392.0,trans
Zfp874a,13.0,67527195.0,rs3670719,13,69230931,70148388,9.46414081509673e-06,0.041566280585422374,1703736.0,cis
Sbsn,7.0,31536490.0,rs13479188,7,36124857,37123347,9.47056631451662e-06,0.04158866258132909,4588367.0,trans
Rarres1,3.0,67282894.0,mCV25201949,3,70420435,72462619,9.472657345085736e-06,0.04159200675451229,3137541.0,trans
Jade2,11.0,51626958.0,rs3023260,11,57088038,57644775,9.475043316496967e-06,0.04159664481690761,5461080.0,trans
Tagln3,16.0,45711343.0,rs4180247,16,45072729,45541113,9.478324607254274e-06,0.04160521159201272,170230.0,cis
Smyd1,6.0,71163934.0,rs3675388,2,152495773,153967020,9.502161984759603e-06,0.04170399447680566,,trans
Trim30d,7.0,111620222.0,rs3672782,7,95155270,96589291,9.51864623995523e-06,0.04177048209124512,15030931.0,trans
Lypd3,7.0,25421552.0,rs4223268,2,93260018,93260018,9.529378548923866e-06,0.04181171344683695,,trans
Ust,10.0,7924551.0,rs6185923,10,5378623,5378623,9.533359341488025e-06,0.041820844187142485,2545928.0,trans
LOC102643030,4.0,98939362.0,CEL-4_86326428,4,87697882,88039471,9.534133172630554e-06,0.041820844187142485,10899891.0,trans
Ggn,7.0,29955229.0,rs6353445,10,111131157,111836441,9.536757414158153e-06,0.04182649062601496,,trans
Uckl1,2.0,181303857.0,rs13483499,19,3413095,3717263,9.545036244066797e-06,0.04185160770058087,,trans
Ncstn,1.0,173996152.0,rs13476281,1,186146231,186146231,9.54515988576556e-06,0.04185160770058087,12150079.0,trans
Rfk,19.0,17468573.0,rs3671328,19,12699072,12839090,9.552850457489382e-06,0.041873590184001525,4629483.0,trans
Rfk,19.0,17468573.0,rs3674862,19,12018632,12128145,9.552850457489382e-06,0.041873590184001525,5340428.0,trans
Sord,2.0,122060560.0,rs13483106,17,75465363,76240729,9.561664707548473e-06,0.04190635451772527,,trans
Mrpl41,7.0,26667040.0,rs13476364,2,19000350,22676436,9.563922125666181e-06,0.041910376764218875,,trans
Rpl26,19.0,29077895.0,UT_11_68.607315,11,68849650,69141399,9.57009421920848e-06,0.041925678165250266,,trans
Rpl26,19.0,29077895.0,rs3715924,11,67192419,67351936,9.57009421920848e-06,0.041925678165250266,,trans
Sft2d2,1.0,167104628.0,rs13476208,1,163955813,164935095,9.576934340605205e-06,0.04194976959541766,2169533.0,trans
C4a,17.0,34946039.0,rs6242153,17,32068298,32078991,9.595273529945471e-06,0.04202421650474541,2867048.0,trans
Mir7-2,7.0,86033163.0,rs13480820,10,126611872,126611872,9.601861588112221e-06,0.04204718359576368,,trans
Pnpla3,15.0,83998258.0,rs13480629,10,67079061,67079061,9.616991753852462e-06,0.04210754547363767,,trans
Gsr,8.0,34763710.0,rs4227253,8,77650955,77650955,9.61858366247319e-06,0.042108622131494515,42887245.0,trans
Sybu,15.0,44503402.0,rs3660608,15,38818095,38822670,9.62626524295943e-06,0.04213635436811865,5680732.0,trans
Tfb1m,17.0,3519231.0,rs13482845,17,4593482,4593482,9.630368460355106e-06,0.04214841772673452,1074251.0,cis
Crat,2.0,30255996.0,rs3699934,2,35957196,37285190,9.63589649116672e-06,0.04216671269840513,5701200.0,trans
Pbx3,2.0,34027242.0,D11Mit349,11,55602850,55602850,9.640544783188388e-06,0.042181153351374207,,trans
Zfp146,7.0,30946286.0,rs6239372,7,35483870,35699898,9.647333650715962e-06,0.0422049545107462,4537584.0,trans
Gm11599,1.0,62707413.0,rs13481399,12,39541327,46008977,9.665333056584416e-06,0.04227082689013717,,trans
Cyb561,11.0,105795016.0,rs13481215,11,106994496,107272827,9.665954264390783e-06,0.04227082689013717,1199480.0,cis
Olfr1507,14.0,53109610.0,rs13482213,14,61919389,61919389,9.666444537642008e-06,0.04227082689013717,8809779.0,trans
9630014M24Rik,18.0,38761188.0,rs3683264,18,41940684,42908436,9.669841338894437e-06,0.042279770965573046,3179496.0,trans
Gm9292,12.0,22888215.0,rs13481305,12,12798107,12798107,9.679655250907993e-06,0.04231676636857842,10090108.0,trans
Gm10478,12.0,20902100.0,rs13481357,12,27578331,28255508,9.68785296306862e-06,0.04234642684112587,6676231.0,trans
Soat1,1.0,158358239.0,rs3653666,1,160477203,161687298,9.689147092060247e-06,0.04234642684112587,2118964.0,trans
Npl,1.0,155350145.0,rs13483200,18,9902165,9902165,9.701137678412623e-06,0.04239290925880622,,trans
Fan1,7.0,71491644.0,CEL-7_36442524,7,56254113,56537917,9.711249627813497e-06,0.04242906564908756,14953727.0,trans
Ap5m1,14.0,49686170.0,rs4230383,14,54987778,55236881,9.712124164282203e-06,0.04242906564908756,5301608.0,trans
Cobll1,2.0,64926408.0,gnf02.064.546,2,65704272,66339178,9.717777810945904e-06,0.04244783692479907,777864.0,cis
Ppp1r32,19.0,10548729.0,rs13483525,19,10518533,10670707,9.744763051654269e-06,0.042559767634657616,0.0,cis
4930578I07Rik,14.0,67556202.0,rs13482225,14,65324729,68427157,9.749394259403088e-06,0.042574050597892536,0.0,cis
Amdhd2,17.0,24292800.0,rs13482942,17,30022647,31061912,9.763873083807248e-06,0.042631326544590065,5729847.0,trans
Bcl2l10,9.0,75195574.0,rs13480759,10,108815683,110380616,9.768329189539414e-06,0.0426417996048963,,trans
Rpl26,19.0,29077895.0,rs3695202,11,64515287,64515287,9.768997838971717e-06,0.0426417996048963,,trans
Gla,20.0,131122710.0,rs13484013,20,132120932,132263712,9.771523571067449e-06,0.04264687400772298,998222.0,cis
Fcrls,3.0,87054680.0,rs13483308,18,38428527,38428527,9.77461591577475e-06,0.0426544195761514,,trans
Gabra2,5.0,71352296.0,rs6163111,5,74219748,76243460,9.780502752354745e-06,0.04267048254273201,2867452.0,trans
Slfn8,11.0,82815647.0,rs13481128,11,83521936,87177234,9.781024817375963e-06,0.04267048254273201,706289.0,cis
Hmgcll1,9.0,75862784.0,rs13459110,9,71331038,72952359,9.796398983187443e-06,0.04273159459347312,2910425.0,trans
Tada1,1.0,168309431.0,rs13476208,1,163955813,164935095,9.803402279803076e-06,0.04274509229561603,3374336.0,trans
Mut,17.0,41071656.0,rs13483027,17,52039738,52039738,9.803592451598013e-06,0.04274509229561603,10968082.0,trans
Mut,17.0,41071656.0,mCV23762311,17,52436969,52524177,9.803592451598013e-06,0.04274509229561603,11365313.0,trans
E230025N22Rik,18.0,36844577.0,rs6353445,10,111131157,111836441,9.811515434235213e-06,0.04277367616699058,,trans
Xrcc3,12.0,113041403.0,CEL-12_108727612,12,115166913,115166913,9.827425607126942e-06,0.04283706768217043,2125510.0,trans
Gm6970,19.0,47244959.0,rs13483653,19,48078038,48078038,9.829100377640961e-06,0.04283839904607651,833079.0,cis
N28178,4.0,42930123.0,CEL-4_34185403,4,34041019,35257017,9.831798749560635e-06,0.042843726884197596,7673106.0,trans
Rabif,1.0,136391237.0,gnf01.132.831,1,135115364,135695643,9.833334800924142e-06,0.042843726884197596,695594.0,cis
Osbpl1a,18.0,12913837.0,rs13476950,3,3785418,8755000,9.834776123408439e-06,0.042843726884197596,,trans
Tgfa,6.0,86145410.0,rs13478871,6,85767550,86058923,9.835800857801677e-06,0.042843726884197596,86487.0,cis
Fcrls,3.0,87054680.0,rs13477280,3,98086968,99356961,9.848177460833912e-06,0.04289166597534334,11032288.0,trans
Zfp30,7.0,30569609.0,rs8251849,7,31505578,31794283,9.865138384892515e-06,0.04295955498738073,935969.0,cis
Gm14414,10.0,56074254.0,rs3675629,4,120731448,121366806,9.877893517890637e-06,0.0430085388608852,,trans
Slc4a5,6.0,83174665.0,mCV25264026,10,118418862,118763482,9.879136485553086e-06,0.0430085388608852,,trans
Neurl3,1.0,36321442.0,rs13475810,1,36052584,37614783,9.886788738145605e-06,0.04303368816234057,0.0,cis
Gm10654,8.0,73455693.0,rs3698182,8,86111850,88831890,9.88766448274958e-06,0.04303368816234057,12656157.0,trans
Zw10,9.0,48863737.0,UT_9_51.41601,9,49215836,49989194,9.893454265775009e-06,0.043052897252664014,352099.0,cis
Fbp2,13.0,62938237.0,rs6353445,10,111131157,111836441,9.898131229022165e-06,0.043067259065753254,,trans
Ucp3,7.0,107621500.0,rs13479451,7,114512549,114512549,9.90938293563688e-06,0.043092807565829234,6891049.0,trans
Gm4793,1.0,137481350.0,D1Mit218,1,129336687,129336687,9.910182650335698e-06,0.043092807565829234,8144663.0,trans
Arhgap27,11.0,103192811.0,mCV22971719,11,101112194,101318783,9.91028597377453e-06,0.043092807565829234,1874028.0,cis
Edem1,6.0,108778646.0,rs13478980,6,113408783,113408783,9.910766387089385e-06,0.043092807565829234,4630137.0,trans
Dnajc2,5.0,21261115.0,rs6260804,5,24008816,24391317,9.91089037639637e-06,0.043092807565829234,2747701.0,trans
Lrrn2,1.0,134776932.0,rs6265743,14,120110881,120370955,9.917652107458068e-06,0.04311621522258409,,trans
Gmip,8.0,72332586.0,rs13479825,8,85707108,85950408,9.922298629605501e-06,0.04312958782979725,13374522.0,trans
Cd59a,2.0,103936010.0,rs4184167,13,59454245,59454245,9.924655875789487e-06,0.04312958782979725,,trans
Epha6,16.0,59653309.0,rs4188505,16,56463020,56493761,9.924864027712731e-06,0.04312958782979725,3159548.0,trans
Tcl1b4,12.0,106440632.0,rs4228452,10,110731307,110731307,9.929477967101539e-06,0.04314364520538764,,trans
Olfr593,7.0,110360376.0,rs13482529,15,38955763,42338284,9.935342172558371e-06,0.0431564123117242,,trans
Snrpe,1.0,135500448.0,rs13476036,1,108755358,110723533,9.938872925080009e-06,0.0431564123117242,24776915.0,trans
Htr6,4.0,138617324.0,rs13478001,4,135998441,137764129,9.940438953782434e-06,0.0431564123117242,853195.0,cis
Hist1h4c,13.0,23790007.0,CEL-13_17259068,13,17979064,17979064,9.940692231841096e-06,0.0431564123117242,5810943.0,trans
Hist1h4c,13.0,23790007.0,rs6345767,13,19488035,19585659,9.940692231841096e-06,0.0431564123117242,4204348.0,trans
Arhgap11a,2.0,113670173.0,CEL-2_113459249,2,113408432,113667509,9.941349601795508e-06,0.0431564123117242,2664.0,cis
S1pr1,3.0,115413353.0,rs13477364,3,118290074,119016593,9.942072823016444e-06,0.0431564123117242,2876721.0,trans
Mia2,12.0,60196787.0,rs13481466,12,57107315,58773265,9.946777857249672e-06,0.0431708457322392,1423522.0,cis
2310040G07Rik,5.0,77357393.0,rs13478370,5,85890223,90247207,9.949095360075612e-06,0.043174914260367875,8532830.0,trans
Vps18,2.0,119114493.0,rs3686617,2,122383806,125564678,9.952087851348402e-06,0.04318191042130716,3269313.0,trans
Caap1,4.0,94166763.0,rs3687764,4,95416080,95416080,9.954977843742044e-06,0.04318845996291872,1249317.0,cis
Tmem237,1.0,59157434.0,gnf01.044.538,1,47261017,53068366,9.964656050733197e-06,0.04322275605464248,6089068.0,trans
Rexo4,2.0,26809083.0,rs6193345,2,23199300,23199300,9.966752295808647e-06,0.04322275605464248,3609783.0,trans
Tmem159,7.0,127245940.0,rs13479476,7,124032278,124032278,9.967027991781844e-06,0.04322275605464248,3213662.0,trans
Camk4,18.0,33098814.0,rs13483299,18,36279726,37850372,9.9761115608929e-06,0.043256151486085276,3180912.0,trans
Mmd2,5.0,143038319.0,rs13478539,5,133538654,133538654,9.980137341344541e-06,0.04326761026509705,9499665.0,trans
Cnpy4,5.0,138628707.0,rs3708411,5,136726448,137393985,9.981951537439843e-06,0.043269479155748754,1234722.0,cis
Dgat2,7.0,106302168.0,rs13459173,7,112784815,114369537,9.986110203239969e-06,0.043281508861073494,6482647.0,trans
Emp1,6.0,135312949.0,rs3664540,6,140066610,140119512,9.989954642853014e-06,0.04329217351224924,4753661.0,trans
Crtc3,7.0,87733045.0,rs3684222,7,89628585,89628585,1.0010433059287023e-05,0.043371694031046,1895540.0,cis
Capns1,7.0,30971961.0,rs8251849,7,31505578,31794283,1.0013163510976555e-05,0.043371694031046,533617.0,cis
Mtus1,8.0,42076266.0,D8Mit189,8,35339349,35339349,1.0013819293556909e-05,0.043371694031046,6736917.0,trans
Gm5121,9.0,57181935.0,rs13477881,4,103313312,104187378,1.001385006230477e-05,0.043371694031046,,trans
Abhd10,16.0,45730030.0,rs4175608,16,39182601,39493446,1.002456494059492e-05,0.0434060831462365,6236584.0,trans
Abhd10,16.0,45730030.0,rs4173870,16,36946777,39041163,1.002456494059492e-05,0.0434060831462365,6688867.0,trans
Pnpla3,15.0,83998258.0,rs3712063,10,67552466,67604188,1.0034997272794809e-05,0.04344524166786429,,trans
Mir670,2.0,94101457.0,rs3023260,11,57088038,57644775,1.004030138927847e-05,0.043462190468527964,,trans
Serpina1b,12.0,104966144.0,rs6177548,12,101182677,101182677,1.0045723118476091e-05,0.043473629013925784,3783467.0,trans
Serpina1b,12.0,104966144.0,rs6310820,12,101866284,103122572,1.0045723118476091e-05,0.043473629013925784,1843572.0,cis
Dnah8,17.0,30761299.0,rs13482873,17,11606730,21646617,1.0050875017926423e-05,0.04348990821591439,9114682.0,trans
Nudt7,8.0,116657515.0,rs6180306,8,109166164,109330305,1.0053163388612065e-05,0.04349379420479266,7327210.0,trans
Crocc,4.0,140572552.0,D4Mit343,4,142301240,142301240,1.0062299062012165e-05,0.04351842726441844,1728688.0,cis
Thbs1,2.0,117937629.0,CEL-2_135876979,2,135953692,136253017,1.006446079269445e-05,0.04351842726441844,18016063.0,trans
Coa5,1.0,37473931.0,rs13475821,1,39578772,39578772,1.0065252894135782e-05,0.04351842726441844,2104841.0,trans
Eqtn,4.0,94573984.0,rs6222684,4,71801321,73879435,1.006594714499708e-05,0.04351842726441844,20694549.0,trans
Sntg1,1.0,8352742.0,rs8236463,1,5579194,6217922,1.0066478318353424e-05,0.04351842726441844,2134820.0,trans
Eid3,10.0,82329403.0,rs13480679,10,84376304,85585850,1.0067203523246201e-05,0.04351842726441844,2046901.0,trans
Slc22a2,17.0,12777055.0,rs3693478,7,67179979,70463288,1.008833183021288e-05,0.04360373542962751,,trans
Tinag,9.0,76799505.0,rs13483868,20,81842526,87440159,1.009169336114687e-05,0.04361223916673757,,trans
Ankrd45,1.0,163072871.0,rs13483499,19,3413095,3717263,1.0093257104763032e-05,0.04361297231425877,,trans
Tpm2,4.0,43527582.0,rs3675669,1,191629932,191933803,1.0106100940258098e-05,0.043662439814345755,,trans
Eml4,17.0,83750322.0,rs6278585,17,77217264,78754732,1.0111796431949973e-05,0.04368101418389379,4995590.0,trans
Gm5177,10.0,10332849.0,rs13479023,6,127388476,129105169,1.0121266396217118e-05,0.04371588616837092,,trans
9330160F10Rik,11.0,68871220.0,rs3695202,11,64515287,64515287,1.0143123608481714e-05,0.043804244278220314,4355933.0,trans
Gm17764,1.0,82819046.0,rs3693161,1,162215219,163901483,1.0154576810631486e-05,0.04384765328562163,79396173.0,trans
Npl,1.0,155350145.0,rs13476148,1,144862429,144862429,1.0160358602064978e-05,0.043862039764280686,10487716.0,trans
Ppp1r12b,1.0,136646075.0,rs6209248,1,160302634,160302634,1.0160712657555297e-05,0.043862039764280686,23656559.0,trans
Zfp933,4.0,147197095.0,rs3675987,4,147659225,148197078,1.0170060875128781e-05,0.04389633722962597,462130.0,cis
Asb7,7.0,73792672.0,rs13479306,7,73604599,75261560,1.0179804890130361e-05,0.04392855574837085,0.0,cis
Sp9,2.0,73109982.0,rs13481023,11,51824799,52067554,1.0180333745056145e-05,0.04392855574837085,,trans
Ccdc171,4.0,83171500.0,rs13477785,4,75774917,80950127,1.0184002958577323e-05,0.043938328095472226,2221373.0,trans
Gm10002,14.0,70057982.0,rs13482213,14,61919389,61919389,1.0190272332545396e-05,0.043959314451720556,8138593.0,trans
Igsf9,1.0,174412351.0,NES13029525,1,174201925,174420752,1.0195465435526933e-05,0.0439756527886991,0.0,cis
Plet1,9.0,50302630.0,rs4229294,12,26992470,26992470,1.019748890643131e-05,0.04397831707103485,,trans
Mcmdc2,1.0,9898719.0,mCV23695025,1,22158485,22852172,1.02128349211432e-05,0.04403842832025503,12259766.0,trans
Gm25229,7.0,66669461.0,CEL-7_43304662,7,62999955,63232349,1.0230512939574792e-05,0.04410308348435633,3437112.0,trans
Def8,8.0,125966886.0,rs3697596,8,130354209,130601776,1.0230648454038645e-05,0.04410308348435633,4387323.0,trans
Abcc9,6.0,142536382.0,rs3659436,6,94596953,94633916,1.0246153428738677e-05,0.04416383785997775,47902466.0,trans
Zfp933,4.0,147197095.0,rs3023025,4,142772319,142772319,1.0276394529096636e-05,0.04428808364270664,4424776.0,trans
Kcnj11,7.0,53352532.0,rs6206014,7,47861154,47861154,1.0294903423965052e-05,0.04436173998359231,5491378.0,trans
Slc22a2,17.0,12777055.0,rs13479305,7,73316124,73426174,1.0301592426883256e-05,0.04438444998703586,,trans
Cryz,3.0,154260163.0,UT_3_150.551162,3,146294051,146395300,1.0308065179552284e-05,0.044401825743181016,7864863.0,trans
Slc9a6,20.0,53863031.0,rs13476241,1,174792335,175262195,1.0308463949091613e-05,0.044401825743181016,,trans
Nomo1,7.0,53289099.0,rs3693478,7,67179979,70463288,1.031584266308839e-05,0.04442749124460623,13890880.0,trans
Gm14140,2.0,149936348.0,rs13483221,18,15408257,15408257,1.0319996498744804e-05,0.0444392629300167,,trans
Focad,4.0,87767203.0,rs13477759,4,68938180,68938180,1.0330271570536876e-05,0.044477386595811706,18829023.0,trans
Clpb,7.0,108938806.0,rs6280792,7,120195001,120696710,1.0340157689860551e-05,0.04450770071778361,11256195.0,trans
Clpb,7.0,108938806.0,rs3726501,7,118971889,119466660,1.0340157689860551e-05,0.04450770071778361,10033083.0,trans
Map6d1,16.0,20235321.0,rs3705890,18,77108822,77876026,1.035707465604331e-05,0.04457438436718848,,trans
Gm10560,4.0,155395712.0,rs3693138,4,154079631,154079631,1.0363040791792975e-05,0.04459392638656504,1316081.0,cis
Tmem260,14.0,49066131.0,D14Mit63,14,56051955,56051955,1.0366962439763467e-05,0.04460466646208672,6985824.0,trans
Slc22a6,19.0,8692529.0,rs13483525,19,10518533,10670707,1.0375387740008396e-05,0.044629971002466184,1826004.0,cis
Rpa3,6.0,8205936.0,petM-02094-1,6,17673651,18272206,1.0375696899976959e-05,0.044629971002466184,9467715.0,trans
Gm5600,7.0,120851229.0,rs6353445,10,111131157,111836441,1.0378736569213533e-05,0.044636908475826007,,trans
Olfml1,7.0,114710960.0,rs3657482,7,121209198,121509575,1.0381142730467756e-05,0.04464111982302665,6498238.0,trans
Mrpl48,4.0,88244872.0,rs3658777,7,96762673,96762673,1.0388998157469254e-05,0.044668759792768464,,trans
Rps9,7.0,148363784.0,rs3675839,7,16621522,17545980,1.0392188800683923e-05,0.04467633811753204,130817804.0,trans
Mpg,11.0,32126511.0,rs4165334,16,23467678,23737062,1.0403044956618078e-05,0.04471686410592304,,trans
Mrap2,9.0,87064367.0,D9Mit11,9,86133452,86133452,1.0409046277577898e-05,0.04473651360954468,930915.0,cis
Rgl2,17.0,34066839.0,rs13482864,17,9565936,10166446,1.041494292865066e-05,0.044755707921329935,23900393.0,trans
Chd3os,11.0,69154319.0,rs13481070,11,64909099,67090601,1.0426627022690859e-05,0.044799763686678186,2063718.0,trans
Spry1,3.0,37538869.0,rs3151902,3,36502923,36502923,1.0430845725173793e-05,0.04481173544153259,1035946.0,cis
Zfp874a,13.0,67527195.0,rs6280864,13,70216413,70216413,1.045863966470703e-05,0.04492497107896737,2689218.0,trans
Fan1,7.0,71491644.0,rs6405142,7,75725583,76126377,1.0465267353824023e-05,0.0449472687121539,4233939.0,trans
Scly,1.0,93194915.0,mCV24377815,1,95933915,96160363,1.0468808649542908e-05,0.04495630629478355,2739000.0,trans
Cyb5d2,11.0,72590751.0,rs13481117,11,79065732,79360701,1.0471273398272033e-05,0.04496071900495726,6474981.0,trans
Srp9,2.0,87366206.0,D1Mit291,1,186554196,186554196,1.0486103986629536e-05,0.04501821867414599,,trans
Chil1,1.0,136079041.0,rs13476118,1,135891044,138214494,1.0499227623034574e-05,0.0450683754011367,0.0,cis
Gm25811,4.0,85689298.0,rs6411422,2,128199226,129125488,1.0509661239532763e-05,0.04510697292659623,,trans
Chchd6,6.0,89333145.0,gnf06.086.089,6,87099761,87384144,1.051436326348948e-05,0.04512096351107202,1949001.0,cis
Gm12526,4.0,57770696.0,rs6353445,10,111131157,111836441,1.052959335503574e-05,0.04518012383489677,,trans
Zfp945,17.0,22984461.0,rs13482930,17,26950947,27588409,1.0531698619229085e-05,0.04518295996463236,3966486.0,trans
Ddb2,2.0,91051736.0,rs13480792,10,119844877,119844877,1.0539273540828587e-05,0.045209257953909836,,trans
Cuedc1,11.0,87912751.0,rs13481152,11,89938912,90397848,1.0559297021236365e-05,0.045288940737595484,2026161.0,trans
Tlr6,5.0,65344218.0,CEL-5_67747877,5,69527299,71133299,1.0569701781518334e-05,0.045327352534517,4183081.0,trans
Gm22578,6.0,149001039.0,rs13482529,15,38955763,42338284,1.0577165944235645e-05,0.04535314500398867,,trans
2610005L07Rik,18.0,4198214.0,rs4165287,16,22028919,22028919,1.0581372139410129e-05,0.04536496269047895,,trans
Orai2,16.0,59457535.0,CEL-10_46671493,10,46420571,50689272,1.0588928162374435e-05,0.04539113671175901,,trans
4930533L02Rik,7.0,132461873.0,rs13479306,7,73604599,75261560,1.060936814184718e-05,0.04547252513775609,57200313.0,trans
Dhx36,3.0,62274005.0,mCV22297233,2,44443839,44976541,1.0622613097348852e-05,0.045523057092830686,,trans
Paxbp1,16.0,91015021.0,rs4214924,16,88033028,88183108,1.0646462587384599e-05,0.04561901456252826,2831913.0,trans
Zfp933,4.0,147197095.0,rs4224919,4,144563168,147520407,1.0649058016782531e-05,0.04562388672332148,0.0,cis
2010016I18Rik,3.0,106284904.0,rs13476148,1,144862429,144862429,1.0665795565424311e-05,0.045689338504084645,,trans
Plk-ps1,5.0,35896364.0,rs3657682,12,15739388,16592330,1.0671497749787142e-05,0.045704161363552896,,trans
Tmem237,1.0,59157434.0,rs6370110,1,45566204,46925671,1.0672177721537486e-05,0.045704161363552896,12231763.0,trans
Gm4793,1.0,137481350.0,gnf01.127.292,1,129548234,130226591,1.0686502728700343e-05,0.04575298247485795,7254759.0,trans
Gm4793,1.0,137481350.0,gnf01.126.387,1,128625711,129064813,1.0686502728700343e-05,0.04575298247485795,8416537.0,trans
Gm10719,9.0,3017408.0,rs6316136,4,142959727,144118897,1.0692120281947576e-05,0.04577076939490708,,trans
Aspdh,7.0,51720253.0,rs13479226,7,52843651,53422379,1.0695656822444248e-05,0.045774500042051754,1123398.0,cis
Crat,2.0,30255996.0,rs13476419,2,33305486,34748651,1.069591814650184e-05,0.045774500042051754,3049490.0,trans
Mcm6,1.0,130228167.0,rs13476033,1,107790532,108029792,1.0702566035670441e-05,0.04579042234381178,22198375.0,trans
Mcm6,1.0,130228167.0,rs13476012,1,101801486,105621440,1.0702566035670441e-05,0.04579042234381178,24606727.0,trans
Snrnp25,11.0,32105415.0,rs6292290,11,18482775,19143737,1.071215276727803e-05,0.04582031445838658,12961678.0,trans
LOC102637749,17.0,42864122.0,rs13482967,17,37015393,39314866,1.0712482009156982e-05,0.04582031445838658,3549256.0,trans
Chpt1,10.0,87936058.0,rs13480720,10,96758375,97112187,1.0719676543251548e-05,0.045844819423677706,8822317.0,trans
Mvb12b,2.0,33585473.0,rs13476429,2,35252642,35252642,1.0727206063071565e-05,0.04587016936522275,1667169.0,cis
Tmem179,12.0,113737999.0,rs4140265,12,114553845,114553845,1.0728536495737633e-05,0.04587016936522275,815846.0,cis
Hjurp,1.0,90155662.0,rs6253968,1,21628545,21932522,1.0748664177643278e-05,0.045949945965010175,68223140.0,trans
Adrb3,8.0,28336248.0,rs13479673,8,30344779,31698372,1.0754677824282377e-05,0.04596937228720177,2008531.0,trans
4930505A04Rik,11.0,30326004.0,D11Mit78,11,17844334,17844334,1.0756322337490004e-05,0.04597012060066459,12481670.0,trans
Far1,7.0,120657376.0,rs3674465,7,119879435,120077980,1.075855090132706e-05,0.045973364470763174,579396.0,cis
Zfp46,4.0,135841984.0,rs3664871,4,132410010,133808951,1.0762935004611079e-05,0.04597953759105055,2033033.0,trans
Zfp46,4.0,135841984.0,rs3663950,4,135285446,135525152,1.0762935004611079e-05,0.04597953759105055,316832.0,cis
Gmip,8.0,72332586.0,rs13479859,8,84568955,85463661,1.0765536362207672e-05,0.04598437121381451,12236369.0,trans
Tenm2,11.0,35821150.0,D11Mit78,11,17844334,17844334,1.0774928914321181e-05,0.046014665776030375,17976816.0,trans
Irf6,1.0,194979306.0,gnf19.001.480,19,4609414,6372547,1.0775570444922582e-05,0.046014665776030375,,trans
Chchd5,2.0,128955544.0,rs4223510,2,131679415,131819271,1.0779254823768184e-05,0.04602411679438866,2723871.0,trans
Plscr4,9.0,92352216.0,rs3705403,9,97259753,98400496,1.0802861498760195e-05,0.04611861572855389,4907537.0,trans
Cdh18,15.0,23403784.0,rs6260449,15,22159044,26360802,1.0806867859599443e-05,0.04612942437380686,0.0,cis
Pink1,4.0,137869324.0,rs13478021,4,140166294,140166294,1.0814542983952943e-05,0.04615588815538351,2296970.0,trans
Cox7b2,5.0,71834062.0,rs13481357,12,27578331,28255508,1.0817261147819996e-05,0.046158821765990884,,trans
Rhox9,20.0,35252272.0,CEL-10_113177617,10,112836909,115238616,1.081906931278817e-05,0.046158821765990884,,trans
Eml4,17.0,83750322.0,rs13483126,17,81620040,83617199,1.0819656767222857e-05,0.046158821765990884,133123.0,cis
Odf4,11.0,68735337.0,rs3696263,3,17771987,18466141,1.0824051895304035e-05,0.04616523033066167,,trans
Fgf7,2.0,125860520.0,rs13476723,2,117118532,118639998,1.0824110298118197e-05,0.04616523033066167,7220522.0,trans
Pbx3,2.0,34027242.0,rs3023260,11,57088038,57644775,1.0840429322357122e-05,0.04622852911400887,,trans
Creg1,1.0,167693911.0,rs3653666,1,160477203,161687298,1.085779546085014e-05,0.04629627540627327,6006613.0,trans
Zscan26,13.0,21534099.0,rs3682996,1,175676881,177366983,1.087471519774622e-05,0.04635637300823539,,trans
Pttg1,11.0,43233764.0,rs13481018,11,50196764,50196764,1.087485363969352e-05,0.04635637300823539,6963000.0,trans
Alkbh6,7.0,31093772.0,CEL-7_20141278,7,31950331,35185656,1.0878672072654695e-05,0.046366332089897114,856559.0,cis
6820445E23Rik,11.0,26287010.0,rs13480929,11,28095396,28719020,1.0887893816554558e-05,0.04639931494349657,1808386.0,cis
Trav15n-1,14.0,53793956.0,rs3723413,14,71665657,71920112,1.0910752258893018e-05,0.046484546167688934,17871701.0,trans
Zw10,9.0,48863737.0,rs13480201,9,53636371,53636371,1.0910865637690848e-05,0.046484546167688934,4772634.0,trans
Neu2,1.0,89340227.0,rs13475991,1,96419819,96419819,1.091323797265896e-05,0.04648832226928236,7079592.0,trans
Grik3,4.0,125168075.0,rs3675629,4,120731448,121366806,1.092927800053666e-05,0.046550311193407336,3801269.0,trans
Snap23,2.0,120393407.0,rs3675388,2,152495773,153967020,1.0932844867370247e-05,0.04655916440806898,32102366.0,trans
Neurl3,1.0,36321442.0,rs4222295,1,39053052,39053131,1.0934393176443116e-05,0.04655942005089596,2731610.0,trans
Ttc12,9.0,49245066.0,rs3710199,9,47423231,47592920,1.0936677055909997e-05,0.046562807308687115,1652146.0,cis
4930474N05Rik,14.0,36908103.0,rs13482845,17,4593482,4593482,1.094266697396348e-05,0.04657606954065102,,trans
Defb34,8.0,19123752.0,rs13480777,10,115571078,115571078,1.0942769714754448e-05,0.04657606954065102,,trans
Slitrk6,14.0,111147807.0,D14Mit165,14,106982674,106982674,1.0946341740765636e-05,0.0465849351856662,4165133.0,trans
Zfp874a,13.0,67527195.0,rs13481874,13,73106373,73106373,1.0953268073701483e-05,0.04660807158161162,5579178.0,trans
Gm20726,14.0,55251166.0,D14Mit63,14,56051955,56051955,1.0957013553935855e-05,0.04661134212263637,800789.0,cis
Pank2,2.0,131087973.0,rs6265656,2,156689630,158441351,1.0957016556294152e-05,0.04661134212263637,25601657.0,trans
Focad,4.0,87767203.0,rs3676884,4,94588538,94941986,1.0963191266670062e-05,0.04663126851030653,6821335.0,trans
A430033K04Rik,5.0,139064104.0,gnf05.124.386,5,130849060,130849060,1.0980322267936058e-05,0.046697785063204995,8215044.0,trans
Tmem237,1.0,59157434.0,rs6386920,1,54152567,54502962,1.098416135248327e-05,0.046707762542137946,4654472.0,trans
Elac1,18.0,73894692.0,rs3663078,18,71528336,73070073,1.099526885025244e-05,0.04673796893649612,824619.0,cis
Snord15a,7.0,106631295.0,CEL-7_88290939,7,108094541,111033533,1.0995746885572648e-05,0.04673796893649612,1463246.0,cis
Snord15a,7.0,106631295.0,rs3023151,7,103823533,107944155,1.0995746885572648e-05,0.04673796893649612,0.0,cis
Gm1661,4.0,116887795.0,gnf04.110.583,4,114507956,118116038,1.1004184333781361e-05,0.0467674784527232,0.0,cis
C8g,2.0,25354171.0,rs6225297,11,120001237,120289357,1.1011720739723634e-05,0.046793151067735426,,trans
1110032A03Rik,9.0,50570933.0,rs13480201,9,53636371,53636371,1.1028253675603788e-05,0.04685704132653239,3065438.0,trans
Fancc,13.0,63406017.0,rs13481817,13,54980447,55500311,1.1029872252715926e-05,0.04685755444433577,7905706.0,trans
Fah,7.0,91733669.0,rs4226783,7,100081465,102651418,1.1032755736243422e-05,0.046859626690460836,8347796.0,trans
Trmt61a,12.0,112916354.0,rs13481630,12,106753156,106881501,1.1033355794258023e-05,0.046859626690460836,6034853.0,trans
Upk3a,15.0,84847571.0,CEL-10_113177617,10,112836909,115238616,1.103842748931003e-05,0.04687480295143743,,trans
Eif5a2,3.0,28680233.0,rs6373308,3,26093917,27874494,1.104051550127214e-05,0.046877306569694716,805739.0,cis
Dhx33,11.0,70797593.0,UT_11_68.607315,11,68849650,69141399,1.1053575039144627e-05,0.0469144478472119,1656194.0,cis
Dhx33,11.0,70797593.0,rs3715924,11,67192419,67351936,1.1053575039144627e-05,0.0469144478472119,3445657.0,trans
Gm13249,4.0,145236674.0,rs13476163,1,148717645,153539523,1.1053761878556211e-05,0.0469144478472119,,trans
Gpnmb,6.0,48986624.0,rs6290329,6,48500579,48680756,1.1060413256644866e-05,0.046936309970142136,305868.0,cis
4930466F19Rik,4.0,42594761.0,rs13477715,4,55060597,56036004,1.107161300365932e-05,0.04697746514318138,12465836.0,trans
Tmem144,3.0,79617057.0,UT_3_93.299511,3,90413739,95488017,1.1089750334230876e-05,0.047048041712041515,10796682.0,trans
Actr3,1.0,127289483.0,rs6204829,6,115865552,116706746,1.1101158743164094e-05,0.047090055698230195,,trans
LOC102642717,11.0,58660660.0,rs3024185,11,62910462,63033373,1.1114823781396278e-05,0.04714162940063654,4249802.0,trans
Mut,17.0,41071656.0,rs3701810,17,53810984,55409409,1.1123858494012324e-05,0.047172963493974714,12739328.0,trans
Nudt9,5.0,104476016.0,gnfX.076.619,20,89920839,90523799,1.1125552591815777e-05,0.047172963493974714,,trans
Focad,4.0,87767203.0,CEL-4_74066970,4,75438628,75493224,1.1126735257390921e-05,0.047172963493974714,12273979.0,trans
Gm23850,3.0,86168393.0,rs13480581,10,38685357,38770868,1.1133071637617103e-05,0.04719343160332097,,trans
Ncapd2,6.0,125118025.0,rs13479001,6,119516194,119957168,1.1135372308334511e-05,0.04719678898808603,5160857.0,trans
Idua,5.0,109098330.0,rs6258765,9,34384237,34451494,1.1138841601649496e-05,0.04720509794807864,,trans
Glul,1.0,155747075.0,D1Mit91,1,128355210,128413910,1.1140870374004023e-05,0.04720730072604348,27333165.0,trans
Rpa3,6.0,8205936.0,mCV23259040,6,16932016,17467666,1.1150811707969502e-05,0.0472430263284746,8726080.0,trans
Gm1661,4.0,116887795.0,rs3675629,4,120731448,121366806,1.1155316236415747e-05,0.04724822271127723,3843653.0,trans
Nphp1,2.0,127566468.0,rs8264884,2,130881868,131487026,1.1155874406546355e-05,0.04724822271127723,3315400.0,trans
Trav15n-1,14.0,53793956.0,rs6197032,14,40646888,42000002,1.1156569107723627e-05,0.04724822271127723,11793954.0,trans
Slc9a9,9.0,94570337.0,rs3693091,9,90299276,94380583,1.1162335793852103e-05,0.04726624613458524,189754.0,cis
Glo1,2.0,35195929.0,CEL-17_20354682,17,21827381,23003494,1.1170425082233071e-05,0.047288241310631564,,trans
Csnk2a1,1.0,158454223.0,rs6185923,10,5378623,5378623,1.1170553300093193e-05,0.047288241310631564,,trans
4930466F19Rik,4.0,42594761.0,CEL-4_34185403,4,34041019,35257017,1.117207298408896e-05,0.047288275625706436,7337744.0,trans
Fam177a,12.0,56300520.0,rs6391253,3,143405392,144305924,1.1177863428258922e-05,0.04730638442523942,,trans
Fam183b,11.0,58606305.0,rs13481023,11,51824799,52067554,1.1192261604589891e-05,0.04736091260408819,6538751.0,trans
Gm6723,15.0,78384832.0,rs13481905,13,81246254,81246254,1.1221649587567042e-05,0.0474788479704258,,trans
Igsf3,3.0,101181048.0,rs13481023,11,51824799,52067554,1.122443893162281e-05,0.04748422770264758,,trans
Dnah7b,1.0,46346411.0,rs13475827,1,40990938,42216522,1.123064015113744e-05,0.04749902417993741,4129889.0,trans
Fis1,5.0,137437956.0,rs13478539,5,133538654,133538654,1.1230973188666104e-05,0.04749902417993741,3899302.0,trans
Plekhh2,17.0,84911235.0,rs3705332,17,90663726,90663726,1.1233141173496788e-05,0.04749974287137445,5752491.0,trans
Acot11,4.0,106417185.0,rs13477940,4,118271128,118641059,1.1234889746030273e-05,0.04749974287137445,11853943.0,trans
Tmod1,4.0,46073838.0,CEL-4_51526276,4,52294103,54911506,1.1238153979619653e-05,0.04749974287137445,6220265.0,trans
Tmod1,4.0,46073838.0,rs13477695,4,49784163,50695666,1.1238153979619653e-05,0.04749974287137445,3710325.0,trans
Tnpo3,14.0,53938493.0,rs13482248,14,72506627,72653812,1.1239583030121567e-05,0.04749974287137445,18568134.0,trans
Abhd10,16.0,45730030.0,rs4193136,16,61403132,61403132,1.1243228338098653e-05,0.04749974287137445,15673102.0,trans
Rasal1,5.0,121098831.0,D5Mit188,5,118329639,118329639,1.1244545860736428e-05,0.04749974287137445,2769192.0,trans
Apba2,7.0,71646592.0,rs3693478,7,67179979,70463288,1.1245441604984126e-05,0.04749974287137445,1183304.0,cis
Mtus1,8.0,42076266.0,rs6182243,8,35372423,36878789,1.1247226045197362e-05,0.04749974287137445,5197477.0,trans
Mtus1,8.0,42076266.0,rs3697344,8,34630321,35274784,1.1247226045197362e-05,0.04749974287137445,6801482.0,trans
Ttc38,15.0,85662774.0,rs13482695,15,88301261,88301261,1.1248179173564457e-05,0.04749974287137445,2638487.0,trans
Zfp672,11.0,58128631.0,rs13481045,11,58057820,58381052,1.1249363171695033e-05,0.04749974287137445,0.0,cis
Dnah17,11.0,117973746.0,rs13481243,11,114532622,116490388,1.1256434623464067e-05,0.04752318738953341,1483358.0,cis
Ccdc171,4.0,83171500.0,CEL-4_86326428,4,87697882,88039471,1.1259751913527613e-05,0.04753077814213816,4526382.0,trans
Ciapin1,8.0,97343704.0,rs13480650,10,73389754,73389754,1.1266635830707806e-05,0.04755342061428915,,trans
Tmem18,12.0,31269336.0,rs4229294,12,26992470,26992470,1.127078081351344e-05,0.04756282560562709,4276866.0,trans
Pak1,7.0,104991449.0,rs13479451,7,114512549,114512549,1.127241046360317e-05,0.04756282560562709,9521100.0,trans
Scg5,2.0,113616524.0,rs13476784,2,134345046,135758395,1.1273425178626988e-05,0.04756282560562709,20728522.0,trans
Rplp0,13.0,67911183.0,rs13478483,5,118405616,119181448,1.1282924386272637e-05,0.04759648402301442,,trans
Clic5,17.0,44271839.0,rs4226520,7,30566471,31205553,1.1287796261334063e-05,0.04761061581208074,,trans
Kank4,4.0,98421589.0,rs13477919,4,104961980,107061697,1.1300356444794332e-05,0.04765716781279891,6540391.0,trans
Ttc28,5.0,111717229.0,rs3657810,5,113832345,114910446,1.1328070620355603e-05,0.04776760781486093,2115116.0,trans
Lincenc1,13.0,98264754.0,rs3669221,13,83876593,83876593,1.133686787932276e-05,0.04779826094779726,14388161.0,trans
Nubp2,17.0,25019562.0,rs13482868,17,10586984,11481618,1.1338554202895807e-05,0.04779892888517528,13537944.0,trans
D630004N19Rik,7.0,107694262.0,rs3023151,7,103823533,107944155,1.1353561205890444e-05,0.04784929691888618,0.0,cis
D630004N19Rik,7.0,107694262.0,CEL-7_88290939,7,108094541,111033533,1.1353561205890444e-05,0.04784929691888618,400279.0,cis
Snap23,2.0,120393407.0,rs13476709,2,114022898,115248630,1.1366265888881875e-05,0.04789638805441965,5144777.0,trans
Lamtor3,3.0,137581519.0,rs13477425,3,134595339,136479848,1.1373374409297803e-05,0.04791988797248422,1101671.0,cis
Mir150,7.0,52377127.0,UT_3_150.551162,3,146294051,146395300,1.1379507069839922e-05,0.04793313087461742,,trans
Crocc,4.0,140572552.0,rs3023025,4,142772319,142772319,1.137958188035472e-05,0.04793313087461742,2199767.0,trans
Ptchd2,4.0,147612527.0,rs4224919,4,144563168,147520407,1.1381889909331094e-05,0.04793639842359313,92120.0,cis
Rpgrip1l,8.0,93740921.0,rs4227313,8,93635988,98167503,1.1387662498828332e-05,0.04795425460301797,0.0,cis
Plet1,9.0,50302630.0,rs6180964,12,16835276,26476092,1.1390526034284993e-05,0.047959857391758995,,trans
Chia1,3.0,105916300.0,mCV25367221,3,100965174,101413916,1.13999603897536e-05,0.04799312141451077,4502384.0,trans
Ppp1r3e,14.0,55495156.0,rs13482156,14,45858402,46175355,1.1407907722272792e-05,0.04802011705427035,9319801.0,trans
Mns1,9.0,72286342.0,rs3703662,9,68191195,68496533,1.1409786038569126e-05,0.04802156212575734,3789809.0,trans
Scube3,17.0,28279471.0,rs13482930,17,26950947,27588409,1.142331395422176e-05,0.048072031102544446,691062.0,cis
Evpl,11.0,116081873.0,rs13481251,11,116908503,116908503,1.1425807896056955e-05,0.04807605915365286,826630.0,cis
Uspl1,5.0,149996242.0,UT_3_150.551162,3,146294051,146395300,1.1439475256323101e-05,0.04812709388578183,,trans
Mrpl20,4.0,155177727.0,rs3693087,4,155495857,155557886,1.1445686077181987e-05,0.04814674865404341,318130.0,cis
Luzp1,4.0,136025688.0,rs3664871,4,132410010,133808951,1.1454918270167134e-05,0.048172629397788554,2216737.0,trans
Luzp1,4.0,136025688.0,rs3663950,4,135285446,135525152,1.1454918270167134e-05,0.048172629397788554,500536.0,cis
Gpr52,1.0,162506799.0,UT_1_169.988189,1,168323143,169017891,1.1463128735799022e-05,0.04820067831648635,5816344.0,trans
Zscan29,2.0,120986417.0,rs13476740,2,121412769,122144319,1.1470351027784175e-05,0.04822456513766261,426352.0,cis
Mad1l1,5.0,140484643.0,rs8265855,5,138337848,139187687,1.1481335384490437e-05,0.048264260186754435,1296956.0,cis
Pgbd1,13.0,21513144.0,rs3693929,13,18463431,18955999,1.148708858703986e-05,0.04828195724345425,2557145.0,trans
Immp2l,,,rs13481426,12,46245577,46585241,1.150228009593726e-05,0.04833931483425384,,unknown
Fam20b,1.0,158608702.0,rs6202860,1,147391348,148385403,1.1507971017083262e-05,0.04835673534789786,10223299.0,trans
Gm4924,10.0,81817000.0,D1Mit511,1,193992203,193992203,1.1514828069645677e-05,0.04837905063294206,,trans
H2-Q7,17.0,35576100.0,rs13482967,17,37015393,39314866,1.152468834728187e-05,0.04841397615040016,1439293.0,cis
Zfp459,13.0,67506658.0,rs4229817,13,66981471,67600532,1.1531964144872313e-05,0.04843803662440066,0.0,cis
Ccdc171,4.0,83171500.0,rs3023981,4,69760186,71596921,1.1540785531159948e-05,0.04846858174693815,11574579.0,trans
Ccnb1ip1,14.0,51409488.0,D15Mit105,15,72331040,73220024,1.1546255838838896e-05,0.04848504681745028,,trans
Sntg2,12.0,30859858.0,rs13481392,12,36311421,36628918,1.1548359513668945e-05,0.04848737219838369,5451563.0,trans
Gm13937,2.0,110049329.0,rs13483647,19,46657000,47045663,1.155189730602207e-05,0.048494125270155945,,trans
9930111J21Rik1,11.0,48829385.0,rs13479476,7,124032278,124032278,1.1553068156160883e-05,0.048494125270155945,,trans
4932411E22Rik,11.0,89251537.0,rs3659504,11,88522934,89402038,1.1560813637655563e-05,0.048520126863139786,0.0,cis
Wdr74,19.0,8810329.0,D19Mit42,19,10157495,10157495,1.1563568301823116e-05,0.04852517809233752,1347166.0,cis
Tmem242,17.0,5410869.0,gnf17.005.541,17,8688392,9032964,1.1590466962408263e-05,0.0486315318687581,3277523.0,trans
Pacrg,17.0,10595878.0,UT_17_3.221024,17,6039015,7955311,1.159815335616861e-05,0.048657256686258976,2640567.0,trans
Fam167a,14.0,64055292.0,rs6278789,14,50409368,52650880,1.1611310186496393e-05,0.04870372040926773,11404412.0,trans
Gm24044,9.0,120037898.0,RBMS3_AFFY_1452761,9,116482254,116482254,1.1613382707103105e-05,0.04870372040926773,3555644.0,trans
D130040H23Rik,8.0,71794979.0,rs13479859,8,84568955,85463661,1.1613899118200288e-05,0.04870372040926773,12773976.0,trans
Sh3bp1,15.0,78730216.0,rs3710055,15,87788314,87788314,1.1623354006818148e-05,0.048736837075939315,9058098.0,trans
Pde2a,7.0,108570223.0,rs13479416,7,103132457,103132457,1.1628842899269582e-05,0.04875331763435044,5437766.0,trans
Adh6b,3.0,138015342.0,rs3720498,3,139132077,139703353,1.1633559093149146e-05,0.048766554711750794,1116735.0,cis
Caap1,4.0,94166763.0,rs3663299,4,94099079,94099079,1.165311427873636e-05,0.048841983271603044,67684.0,cis
Nudcd1,15.0,44206775.0,rs13482497,15,28251498,29369988,1.1671267386321445e-05,0.04891144193088173,14836787.0,trans
Inpp4b,8.0,83866461.0,rs13479879,8,89032866,89627140,1.1672813211435727e-05,0.04891144193088173,5166405.0,trans
Snapin,3.0,90291841.0,rs3698196,3,85931836,87487048,1.1675089662203153e-05,0.048914429094212925,2804793.0,trans
Soat1,1.0,158358239.0,rs13476208,1,163955813,164935095,1.1683518580486319e-05,0.048943188633340746,5597574.0,trans
Zfp708,13.0,67169851.0,rs3670719,13,69230931,70148388,1.1686872075962858e-05,0.04895068196820693,2061080.0,trans
Nudt19,7.0,36332204.0,rs8261944,7,31220797,31291333,1.1696093140239083e-05,0.048976849844317646,5040871.0,trans
Anxa3,5.0,97222434.0,rs13478398,5,94154652,97939375,1.1696250708329003e-05,0.048976849844317646,0.0,cis
Zfp52,17.0,21672503.0,CEL-17_21879142,17,23322637,26350810,1.1708630932203203e-05,0.0490221291060048,1650134.0,cis
Eno4,19.0,59017916.0,rs3658400,19,59530841,60010466,1.1712152542152894e-05,0.04903031164026871,512925.0,cis
Elovl5,9.0,77765175.0,rs13480288,9,77247379,77779277,1.1721051038102201e-05,0.04906099810601244,0.0,cis
Tex14,11.0,87241183.0,rs13476148,1,144862429,144862429,1.1741905729047065e-05,0.04914171491039089,,trans
Ythdc2,18.0,44988341.0,mCV24106092,18,49191315,49445983,1.1752711698841833e-05,0.04918036027438551,4202974.0,trans
Anxa4,6.0,86686838.0,CEL-6_86603542,6,86222500,86953033,1.176081867028991e-05,0.0492004677363256,0.0,cis
Sh3bp1,15.0,78730216.0,CEL-15_69098458,15,68661134,68744995,1.1761470288181382e-05,0.0492004677363256,9985221.0,trans
Fam132a,4.0,155336427.0,rs3693138,4,154079631,154079631,1.1762234916800058e-05,0.0492004677363256,1256796.0,cis
Olfr1282,2.0,111175316.0,rs13481180,11,98624973,98624973,1.1766164360433679e-05,0.049205744115378966,,trans
Arhgef19,4.0,140798799.0,rs4224919,4,144563168,147520407,1.1767414744214911e-05,0.049205744115378966,3764369.0,trans
Fpr2,17.0,18024788.0,rs13482930,17,26950947,27588409,1.1768214938415109e-05,0.049205744115378966,8926159.0,trans
Crat,2.0,30255996.0,CEL-2_24053663,2,23949161,26223875,1.1796089846804574e-05,0.049315704582061644,4032121.0,trans
Gm5070,3.0,95214268.0,CEL-17_29648158,17,31179361,31326531,1.1799052402824938e-05,0.049316096654695586,,trans
Def8,8.0,125966886.0,rs13480045,8,130889097,131457798,1.1799336424080072e-05,0.049316096654695586,4922211.0,trans
Zfp85os,13.0,67845141.0,rs13481870,13,71140974,71140974,1.1809342037642262e-05,0.049351322406536766,3295833.0,trans
Olfr1156,2.0,87789347.0,UT_6_123.37228,6,121628013,122259669,1.1813762979853485e-05,0.049363203485352405,,trans
Vamp5,6.0,72318088.0,CEL-6_56528034,6,56518390,56518390,1.181568701398571e-05,0.0493646495816148,15799698.0,trans
LOC102631912,12.0,103206384.0,rs13481611,12,100818237,100818237,1.1820073864403689e-05,0.049376383295153266,2388147.0,trans
Tnfrsf8,4.0,144858879.0,rs13478048,4,149683530,150459961,1.182970447607898e-05,0.04941001588732453,4824651.0,trans
Slc17a5,9.0,78384313.0,rs6217039,9,78046016,83013939,1.184390949387437e-05,0.049462743215352094,0.0,cis
Nedd8,14.0,56281100.0,rs3682996,1,175676881,177366983,1.1852224715917103e-05,0.04948088623440072,,trans
Trav7-4,14.0,54080884.0,D11Mit349,11,55602850,55602850,1.1852503190854396e-05,0.04948088623440072,,trans
Mir299a,12.0,110948848.0,rs6322774,13,90560308,91275495,1.1852998855729818e-05,0.04948088623440072,,trans
Zfp260,7.0,30880095.0,rs13479153,7,25722935,25722935,1.1856410727409557e-05,0.04948852549582042,5157160.0,trans
Slc17a5,9.0,78384313.0,rs13480288,9,77247379,77779277,1.1870966184747372e-05,0.049542669715592486,605036.0,cis
Zbbx,3.0,74841829.0,mCV25201949,3,70420435,72462619,1.1873080656331001e-05,0.04954279063590956,2379210.0,trans
Nsdhl,20.0,70163860.0,CEL-X_71438949,20,77128597,81087944,1.1875021715059788e-05,0.04954279063590956,6964737.0,trans
1700001L05Rik,15.0,83187990.0,CEL-15_83283496,15,82755972,82755972,1.1875746090473264e-05,0.04954279063590956,432018.0,cis
Xrcc3,12.0,113041403.0,rs13481630,12,106753156,106881501,1.188309645302306e-05,0.04956684480784136,6159902.0,trans
Arhgap26,18.0,39152799.0,rs3683264,18,41940684,42908436,1.1899350231517186e-05,0.04962802559830613,2787885.0,trans
Ifih1,2.0,62435358.0,rs13476501,2,52672635,52672635,1.191103824730647e-05,0.049670150418087845,9762723.0,trans
Sphk2,7.0,52965631.0,rs13481462,12,55741344,56422769,1.1917555040148697e-05,0.049690702396847086,,trans
Hdac4,1.0,93826589.0,rs13475979,1,93218894,93218894,1.1924481397840725e-05,0.04971295636676353,607695.0,cis
Sc5d,9.0,42062260.0,rs3723790,7,77309844,77721399,1.1952002105542112e-05,0.04982105045461376,,trans
Ggn,7.0,29955229.0,rs4228452,10,110731307,110731307,1.196781827024433e-05,0.04988033270529763,,trans
Nmi,2.0,51804025.0,rs13476501,2,52672635,52672635,1.1970003562134637e-05,0.04988279499906539,868610.0,cis
Snapc5,9.0,64027104.0,rs13459110,9,71331038,72952359,1.1983629165422222e-05,0.049932925687001924,7303934.0,trans
Rpl26-ps5,2.0,142396244.0,rs3695202,11,64515287,64515287,1.2000822329136892e-05,0.04999790621687917,,trans
